{
    "dataset": {
        "name": "msd",
        "rewrite": false
    },
    "split": {
        "n_val_users": 50000,
        "n_test_users": 50000,
        "seed": 42,
        "target_proportion": 0.2,
        "targets_newest": false
    },
    "model": {
        "general": {
            "model": "EASE",
            "checkpoints_folder": "models/checkpoints/",
            "retrain": true,
            "save": false
        },
        "model_specific": {
            "l2": 200
        }
    },
    "evaluation": {
        "split": "test",
        "metrics": [
            "recall",
            "ndcg"
        ],
        "ks": [
            20,
            50,
            100
        ],
        "experiment_folder": "experiments/accuracy"
    },
    "performance": {
        "time": {
            "construct_weights_time": 312.43901828600065,
            "predict_time": 10.634530428997095,
            "pipeline": {
                "dataset_load_time": 1.2363847409978916,
                "dataset_split_time": 0.0,
                "data_preparation_time": 2.1412573019988486,
                "model_preparation_time": 314.6558229990005,
                "evaluation_time": 310.63982333699823
            }
        },
        "memory": {}
    },
    "results": {
        "20": {
            "coverage": 0.0,
            "recall": {
                "mean": 0.3323727354614769,
                "std": 0.2548042690422508,
                "se": 0.001139519333071236,
                "min": 0.0,
                "max": 1.0,
                "percentiles": {
                    "1": 0.0,
                    "5": 0.0,
                    "10": 0.0,
                    "25": 0.14285714285714285,
                    "50": 0.2777777777777778,
                    "75": 0.5,
                    "90": 0.7142857142857143,
                    "95": 0.8,
                    "99": 1.0
                }
            },
            "ndcg": {
                "mean": 0.3228881849900384,
                "std": 0.2547329769664119,
                "se": 0.0011392005052155703,
                "min": 0.0,
                "max": 1.0000000000000002,
                "percentiles": {
                    "1": 0.0,
                    "5": 0.0,
                    "10": 0.0,
                    "25": 0.10633668103022985,
                    "50": 0.28444145091585704,
                    "75": 0.4999316188391748,
                    "90": 0.6993140858978095,
                    "95": 0.8007708525725431,
                    "99": 0.9550236580992476
                }
            }
        },
        "50": {
            "coverage": 0.0,
            "recall": {
                "mean": 0.42794022132192794,
                "std": 0.2655127722770484,
                "se": 0.0011874092154118036,
                "min": 0.0,
                "max": 1.0,
                "percentiles": {
                    "1": 0.0,
                    "5": 0.0,
                    "10": 0.10344827586206896,
                    "25": 0.23076923076923078,
                    "50": 0.4,
                    "75": 0.6,
                    "90": 0.8,
                    "95": 0.9444444444444444,
                    "99": 1.0
                }
            },
            "ndcg": {
                "mean": 0.3591729102793932,
                "std": 0.2498714383087181,
                "se": 0.0011174590433878776,
                "min": 0.0,
                "max": 1.0000000000000002,
                "percentiles": {
                    "1": 0.0,
                    "5": 0.0,
                    "10": 0.05685954565780693,
                    "25": 0.15130120674940672,
                    "50": 0.32861171828986246,
                    "75": 0.5363693818475298,
                    "90": 0.7227265726449519,
                    "95": 0.8212418536385876,
                    "99": 0.956029218490244
                }
            }
        },
        "100": {
            "coverage": 0.0,
            "recall": {
                "mean": 0.5100075196299809,
                "std": 0.26479526914057344,
                "se": 0.001184200443837349,
                "min": 0.0,
                "max": 1.0,
                "percentiles": {
                    "1": 0.0,
                    "5": 0.09090909090909091,
                    "10": 0.17647058823529413,
                    "25": 0.3,
                    "50": 0.5,
                    "75": 0.7142857142857143,
                    "90": 0.875,
                    "95": 1.0,
                    "99": 1.0
                }
            },
            "ndcg": {
                "mean": 0.3882613156894624,
                "std": 0.2470395789671886,
                "se": 0.001104794583407122,
                "min": 0.0,
                "max": 1.0000000000000002,
                "percentiles": {
                    "1": 0.0,
                    "5": 0.04029390006290312,
                    "10": 0.07629646195476224,
                    "25": 0.18557792675212806,
                    "50": 0.36143774343425505,
                    "75": 0.5659272341234922,
                    "90": 0.7437304280762514,
                    "95": 0.8337331051984019,
                    "99": 0.9582463074838119
                }
            }
        }
    }
}