{
    "dataset": {
        "name": "msd",
        "rewrite": false
    },
    "split": {
        "n_val_users": 50000,
        "n_test_users": 50000,
        "seed": 42,
        "target_proportion": 0.2,
        "targets_newest": false
    },
    "model": {
        "general": {
            "model": "MRF",
            "checkpoints_folder": "models/checkpoints/",
            "retrain": true,
            "save": false
        },
        "model_specific": {
            "l2": 1.0,
            "alpha": 0.75,
            "threshold": 0.038,
            "maxInColumn": 1000,
            "rr": 0.5,
            "sparse_evaluation": false
        }
    },
    "evaluation": {
        "split": "test",
        "metrics": [
            "recall",
            "ndcg"
        ],
        "ks": [
            20,
            50,
            100
        ],
        "experiment_folder": "experiments/accuracy"
    },
    "performance": {
        "time": {
            "sparsity_pattern_time": 54.630497465997905,
            "sparse_estimation_time": 352.614526338999,
            "sparse_solution_time": 407.27945500900023,
            "construct_weights_time": 456.95259349099797,
            "matmat_times": [
                0.2348098319998826
            ],
            "predict_time": 1.0571184729997185,
            "pipeline": {
                "dataset_load_time": 1.2105248750012834,
                "dataset_split_time": 0.0,
                "data_preparation_time": 2.0601865479984554,
                "model_preparation_time": 459.2312314129995,
                "evaluation_time": 74.43780514200262
            }
        },
        "memory": {
            "density": 0.02006404728249271
        }
    },
    "results": {
        "20": {
            "coverage": 0.0,
            "recall": {
                "mean": 0.3294210581023723,
                "std": 0.2518890355078779,
                "se": 0.0011264820123649466,
                "min": 0.0,
                "max": 1.0,
                "percentiles": {
                    "1": 0.0,
                    "5": 0.0,
                    "10": 0.0,
                    "25": 0.14285714285714285,
                    "50": 0.2727272727272727,
                    "75": 0.5,
                    "90": 0.7142857142857143,
                    "95": 0.8,
                    "99": 1.0
                }
            },
            "ndcg": {
                "mean": 0.3185536224189288,
                "std": 0.25106929324049526,
                "se": 0.0011228160134971518,
                "min": 0.0,
                "max": 1.0000000000000002,
                "percentiles": {
                    "1": 0.0,
                    "5": 0.0,
                    "10": 0.0,
                    "25": 0.10565578061894834,
                    "50": 0.27853749737269196,
                    "75": 0.4935232796777481,
                    "90": 0.6854909815092879,
                    "95": 0.787702056960637,
                    "99": 0.9456073904826124
                }
            }
        },
        "50": {
            "coverage": 0.0,
            "recall": {
                "mean": 0.4255929161048813,
                "std": 0.2631822775876,
                "se": 0.0011769869263181859,
                "min": 0.0,
                "max": 1.0,
                "percentiles": {
                    "1": 0.0,
                    "5": 0.0,
                    "10": 0.10526315789473684,
                    "25": 0.23076923076923078,
                    "50": 0.4,
                    "75": 0.6,
                    "90": 0.8,
                    "95": 0.9166666666666666,
                    "99": 1.0
                }
            },
            "ndcg": {
                "mean": 0.35548414380105564,
                "std": 0.2467343456344544,
                "se": 0.001103429538445137,
                "min": 0.0,
                "max": 1.0000000000000002,
                "percentiles": {
                    "1": 0.0,
                    "5": 0.0,
                    "10": 0.05725248542464807,
                    "25": 0.15178652997597553,
                    "50": 0.3236224100405576,
                    "75": 0.5293868487476071,
                    "90": 0.7154787193134682,
                    "95": 0.8095234409887901,
                    "99": 0.9513044572319719
                }
            }
        },
        "100": {
            "coverage": 0.0,
            "recall": {
                "mean": 0.5086553405818394,
                "std": 0.26254320555497673,
                "se": 0.0011741289093032568,
                "min": 0.0,
                "max": 1.0,
                "percentiles": {
                    "1": 0.0,
                    "5": 0.09090909090909091,
                    "10": 0.18181818181818182,
                    "25": 0.3,
                    "50": 0.5,
                    "75": 0.7142857142857143,
                    "90": 0.8571428571428571,
                    "95": 1.0,
                    "99": 1.0
                }
            },
            "ndcg": {
                "mean": 0.38492391185525915,
                "std": 0.24379833325922537,
                "se": 0.0010902992919375515,
                "min": 0.0,
                "max": 1.0000000000000002,
                "percentiles": {
                    "1": 0.0,
                    "5": 0.04234051760305846,
                    "10": 0.0770267612906062,
                    "25": 0.18543860417642816,
                    "50": 0.3576223542196109,
                    "75": 0.5595930477052571,
                    "90": 0.7369833043340438,
                    "95": 0.8260066710995191,
                    "99": 0.9547735470702468
                }
            }
        }
    }
}