{
    "dataset": {
        "name": "msd",
        "rewrite": false
    },
    "split": {
        "n_val_users": 50000,
        "n_test_users": 50000,
        "seed": 42,
        "target_proportion": 0.2,
        "targets_newest": false
    },
    "model": {
        "general": {
            "model": "MRF",
            "checkpoints_folder": "models/checkpoints/",
            "retrain": true,
            "save": false
        },
        "model_specific": {
            "l2": 1.0,
            "alpha": 0.75,
            "threshold": 0.11,
            "maxInColumn": 1000,
            "rr": 0.1,
            "sparse_evaluation": false
        }
    },
    "evaluation": {
        "split": "test",
        "metrics": [
            "recall",
            "ndcg"
        ],
        "ks": [
            20,
            50,
            100
        ],
        "experiment_folder": "experiments/accuracy"
    },
    "performance": {
        "time": {
            "sparsity_pattern_time": 11.363063806002174,
            "sparse_estimation_time": 43.5030280730025,
            "sparse_solution_time": 54.86861243699968,
            "construct_weights_time": 91.36184945000059,
            "matmat_times": [
                0.08138343900282052
            ],
            "predict_time": 0.38993163499981165,
            "pipeline": {
                "dataset_load_time": 1.2082097829988925,
                "dataset_split_time": 0.0,
                "data_preparation_time": 2.062254768999992,
                "model_preparation_time": 93.56077661000018,
                "evaluation_time": 47.84840204599823
            }
        },
        "memory": {
            "density": 0.005005003250813176
        }
    },
    "results": {
        "20": {
            "coverage": 0.0,
            "recall": {
                "mean": 0.33031592285492284,
                "std": 0.2539337143279381,
                "se": 0.001135626094032564,
                "min": 0.0,
                "max": 1.0,
                "percentiles": {
                    "1": 0.0,
                    "5": 0.0,
                    "10": 0.0,
                    "25": 0.14285714285714285,
                    "50": 0.2727272727272727,
                    "75": 0.5,
                    "90": 0.7142857142857143,
                    "95": 0.8,
                    "99": 1.0
                }
            },
            "ndcg": {
                "mean": 0.3217789307840129,
                "std": 0.25443618962722253,
                "se": 0.001137873231884993,
                "min": 0.0,
                "max": 1.0000000000000002,
                "percentiles": {
                    "1": 0.0,
                    "5": 0.0,
                    "10": 0.0,
                    "25": 0.1054797085969193,
                    "50": 0.2826164625029881,
                    "75": 0.49958026644179554,
                    "90": 0.6980582980258062,
                    "95": 0.7999228883293977,
                    "99": 0.951231200062686
                }
            }
        },
        "50": {
            "coverage": 0.0,
            "recall": {
                "mean": 0.42371975326463596,
                "std": 0.263739247442675,
                "se": 0.0011794777712329178,
                "min": 0.0,
                "max": 1.0,
                "percentiles": {
                    "1": 0.0,
                    "5": 0.0,
                    "10": 0.1,
                    "25": 0.2222222222222222,
                    "50": 0.4,
                    "75": 0.6,
                    "90": 0.8,
                    "95": 0.9166666666666666,
                    "99": 1.0
                }
            },
            "ndcg": {
                "mean": 0.3573310600562704,
                "std": 0.24937375915986837,
                "se": 0.001115233354572253,
                "min": 0.0,
                "max": 1.0000000000000002,
                "percentiles": {
                    "1": 0.0,
                    "5": 0.0,
                    "10": 0.05636685296094937,
                    "25": 0.15026039257521262,
                    "50": 0.32610559281507656,
                    "75": 0.5336186662240313,
                    "90": 0.7218260031416355,
                    "95": 0.8178792351481473,
                    "99": 0.9550236580992476
                }
            }
        },
        "100": {
            "coverage": 0.0,
            "recall": {
                "mean": 0.504269819674256,
                "std": 0.263210700564297,
                "se": 0.0011771140377342209,
                "min": 0.0,
                "max": 1.0,
                "percentiles": {
                    "1": 0.0,
                    "5": 0.08333333333333333,
                    "10": 0.16666666666666666,
                    "25": 0.29411764705882354,
                    "50": 0.5,
                    "75": 0.7142857142857143,
                    "90": 0.8571428571428571,
                    "95": 1.0,
                    "99": 1.0
                }
            },
            "ndcg": {
                "mean": 0.38585948729867037,
                "std": 0.24646382610252043,
                "se": 0.0011022197383198456,
                "min": 0.0,
                "max": 1.0000000000000002,
                "percentiles": {
                    "1": 0.0,
                    "5": 0.03886637523380694,
                    "10": 0.07497635902156338,
                    "25": 0.18298182390737575,
                    "50": 0.3594228185229208,
                    "75": 0.563685959948324,
                    "90": 0.7420857285494938,
                    "95": 0.8318724637288826,
                    "99": 0.9558295932317544
                }
            }
        }
    }
}