{
    "dataset": {
        "name": "msd",
        "rewrite": false
    },
    "split": {
        "n_val_users": 50000,
        "n_test_users": 50000,
        "seed": 42,
        "target_proportion": 0.2,
        "targets_newest": false
    },
    "model": {
        "general": {
            "model": "MRF",
            "checkpoints_folder": "models/checkpoints/",
            "retrain": true,
            "save": false
        },
        "model_specific": {
            "l2": 1.0,
            "alpha": 0.75,
            "threshold": 0.038,
            "maxInColumn": 1000,
            "rr": 0,
            "sparse_evaluation": false
        }
    },
    "evaluation": {
        "split": "test",
        "metrics": [
            "recall",
            "ndcg"
        ],
        "ks": [
            20,
            50,
            100
        ],
        "experiment_folder": "experiments/accuracy"
    },
    "performance": {
        "time": {
            "sparsity_pattern_time": 54.70382728500044,
            "sparse_estimation_time": 938.7568992640008,
            "sparse_solution_time": 993.4641285159996,
            "construct_weights_time": 1030.7429269879976,
            "matmat_times": [
                0.2634950680003385
            ],
            "predict_time": 1.1845040589978453,
            "pipeline": {
                "dataset_load_time": 1.2297587510001904,
                "dataset_split_time": 0.0,
                "data_preparation_time": 2.1200146619994484,
                "model_preparation_time": 1033.1286979329998,
                "evaluation_time": 73.24224732099901
            }
        },
        "memory": {
            "density": 0.02006404728249271
        }
    },
    "results": {
        "20": {
            "coverage": 0.0,
            "recall": {
                "mean": 0.3330325392564952,
                "std": 0.2557423201797079,
                "se": 0.0011437144252906862,
                "min": 0.0,
                "max": 1.0,
                "percentiles": {
                    "1": 0.0,
                    "5": 0.0,
                    "10": 0.0,
                    "25": 0.14285714285714285,
                    "50": 0.2857142857142857,
                    "75": 0.5,
                    "90": 0.7142857142857143,
                    "95": 0.8,
                    "99": 1.0
                }
            },
            "ndcg": {
                "mean": 0.3248983851623098,
                "std": 0.2563876451795105,
                "se": 0.0011466004064249636,
                "min": 0.0,
                "max": 1.0000000000000002,
                "percentiles": {
                    "1": 0.0,
                    "5": 0.0,
                    "10": 0.0,
                    "25": 0.10575201118003455,
                    "50": 0.28646368112860576,
                    "75": 0.5050654558782978,
                    "90": 0.7041249493150387,
                    "95": 0.8048099750039491,
                    "99": 0.9558295932317544
                }
            }
        },
        "50": {
            "coverage": 0.0,
            "recall": {
                "mean": 0.42809674072714227,
                "std": 0.2661271923278484,
                "se": 0.0011901569854124593,
                "min": 0.0,
                "max": 1.0,
                "percentiles": {
                    "1": 0.0,
                    "5": 0.0,
                    "10": 0.1,
                    "25": 0.23076923076923078,
                    "50": 0.4,
                    "75": 0.6,
                    "90": 0.8,
                    "95": 0.9411764705882353,
                    "99": 1.0
                }
            },
            "ndcg": {
                "mean": 0.3608858073820333,
                "std": 0.2512978660243652,
                "se": 0.0011238382220622309,
                "min": 0.0,
                "max": 1.0000000000000002,
                "percentiles": {
                    "1": 0.0,
                    "5": 0.0,
                    "10": 0.0561173220664886,
                    "25": 0.15130120674940672,
                    "50": 0.3304698144948408,
                    "75": 0.5409212276148447,
                    "90": 0.7256268336360032,
                    "95": 0.8248152072235833,
                    "99": 0.9567503115481764
                }
            }
        },
        "100": {
            "coverage": 0.0,
            "recall": {
                "mean": 0.5102411246836993,
                "std": 0.2650544113745607,
                "se": 0.0011853593631394224,
                "min": 0.0,
                "max": 1.0,
                "percentiles": {
                    "1": 0.0,
                    "5": 0.09077540106951945,
                    "10": 0.17231527093596113,
                    "25": 0.3,
                    "50": 0.5,
                    "75": 0.7142857142857143,
                    "90": 0.875,
                    "95": 1.0,
                    "99": 1.0
                }
            },
            "ndcg": {
                "mean": 0.38992396509432603,
                "std": 0.24832511685396932,
                "se": 0.0011105436836121082,
                "min": 0.0,
                "max": 1.0000000000000002,
                "percentiles": {
                    "1": 0.0,
                    "5": 0.03989726928122409,
                    "10": 0.07578294129845789,
                    "25": 0.18524279518331888,
                    "50": 0.3633861048391493,
                    "75": 0.5703062809258281,
                    "90": 0.7487910423662418,
                    "95": 0.8356322505889596,
                    "99": 0.9594551473922724
                }
            }
        }
    }
}