{
    "dataset": {
        "name": "msd",
        "rewrite": false
    },
    "split": {
        "n_val_users": 50000,
        "n_test_users": 50000,
        "seed": 42,
        "target_proportion": 0.2,
        "targets_newest": false
    },
    "model": {
        "general": {
            "model": "MRF",
            "checkpoints_folder": "models/checkpoints/",
            "retrain": true,
            "save": false
        },
        "model_specific": {
            "l2": 1.0,
            "alpha": 0.75,
            "threshold": 0.375,
            "maxInColumn": 1000,
            "rr": 0.1,
            "sparse_evaluation": false
        }
    },
    "evaluation": {
        "split": "test",
        "metrics": [
            "recall",
            "ndcg"
        ],
        "ks": [
            20,
            50,
            100
        ],
        "experiment_folder": "experiments/accuracy"
    },
    "performance": {
        "time": {
            "sparsity_pattern_time": 10.484982085999945,
            "sparse_estimation_time": 11.036883640001179,
            "sparse_solution_time": 21.523777849000908,
            "construct_weights_time": 57.479665794999164,
            "matmat_times": [
                0.018482982999557862
            ],
            "predict_time": 0.11474556499888422,
            "pipeline": {
                "dataset_load_time": 1.2171693220007,
                "dataset_split_time": 0.0,
                "data_preparation_time": 2.08126471200012,
                "model_preparation_time": 59.651095452001755,
                "evaluation_time": 39.521621045001666
            }
        },
        "memory": {
            "density": 0.0010141733563777504
        }
    },
    "results": {
        "20": {
            "coverage": 0.0,
            "recall": {
                "mean": 0.32687473085523006,
                "std": 0.25442817581352595,
                "se": 0.0011378373930206237,
                "min": 0.0,
                "max": 1.0,
                "percentiles": {
                    "1": 0.0,
                    "5": 0.0,
                    "10": 0.0,
                    "25": 0.14285714285714285,
                    "50": 0.26666666666666666,
                    "75": 0.5,
                    "90": 0.7142857142857143,
                    "95": 0.8,
                    "99": 1.0
                }
            },
            "ndcg": {
                "mean": 0.31936471365968394,
                "std": 0.25522664477926715,
                "se": 0.0011414082547912664,
                "min": 0.0,
                "max": 1.0000000000000002,
                "percentiles": {
                    "1": 0.0,
                    "5": 0.0,
                    "10": 0.0,
                    "25": 0.1012286082123002,
                    "50": 0.27839258028034286,
                    "75": 0.4977386050184762,
                    "90": 0.6975637657739948,
                    "95": 0.7984066007271664,
                    "99": 0.9517706505727772
                }
            }
        },
        "50": {
            "coverage": 0.0,
            "recall": {
                "mean": 0.41713889837962065,
                "std": 0.26525491170092347,
                "se": 0.0011862560278579385,
                "min": 0.0,
                "max": 1.0,
                "percentiles": {
                    "1": 0.0,
                    "5": 0.0,
                    "10": 0.09090909090909091,
                    "25": 0.21709753231492362,
                    "50": 0.4,
                    "75": 0.6,
                    "90": 0.8,
                    "95": 0.9090909090909091,
                    "99": 1.0
                }
            },
            "ndcg": {
                "mean": 0.35358191920956344,
                "std": 0.2505441329893151,
                "se": 0.0011204674254557123,
                "min": 0.0,
                "max": 1.0000000000000002,
                "percentiles": {
                    "1": 0.0,
                    "5": 0.0,
                    "10": 0.0509704367107803,
                    "25": 0.14513085775159276,
                    "50": 0.3217734911006014,
                    "75": 0.5310500112078503,
                    "90": 0.7198026600931389,
                    "95": 0.8163266327835675,
                    "99": 0.9550236580992476
                }
            }
        },
        "100": {
            "coverage": 0.0,
            "recall": {
                "mean": 0.49488453201177823,
                "std": 0.2658682321302538,
                "se": 0.0011889988802018824,
                "min": 0.0,
                "max": 1.0,
                "percentiles": {
                    "1": 0.0,
                    "5": 0.0,
                    "10": 0.16666666666666666,
                    "25": 0.2857142857142857,
                    "50": 0.5,
                    "75": 0.7,
                    "90": 0.8571428571428571,
                    "95": 1.0,
                    "99": 1.0
                }
            },
            "ndcg": {
                "mean": 0.3811373646814098,
                "std": 0.24812931814388578,
                "se": 0.0011096680451608012,
                "min": 0.0,
                "max": 1.0000000000000002,
                "percentiles": {
                    "1": 0.0,
                    "5": 0.0,
                    "10": 0.06952808975538781,
                    "25": 0.1750456855811628,
                    "50": 0.35383112826860846,
                    "75": 0.5593618625382547,
                    "90": 0.7395629824412062,
                    "95": 0.830419897363192,
                    "99": 0.9558295932317544
                }
            }
        }
    }
}