{
    "dataset": {
        "name": "msd",
        "rewrite": false
    },
    "split": {
        "n_val_users": 50000,
        "n_test_users": 50000,
        "seed": 42,
        "target_proportion": 0.2,
        "targets_newest": false
    },
    "model": {
        "general": {
            "model": "MRF",
            "checkpoints_folder": "models/checkpoints/",
            "retrain": true,
            "save": false
        },
        "model_specific": {
            "l2": 1.0,
            "alpha": 0.75,
            "threshold": 0.038,
            "maxInColumn": 1000,
            "rr": 0.1,
            "sparse_evaluation": false
        }
    },
    "evaluation": {
        "split": "test",
        "metrics": [
            "recall",
            "ndcg"
        ],
        "ks": [
            20,
            50,
            100
        ],
        "experiment_folder": "experiments/accuracy"
    },
    "performance": {
        "time": {
            "sparsity_pattern_time": 54.57438655900114,
            "sparse_estimation_time": 219.03195088999928,
            "sparse_solution_time": 273.60948228399866,
            "construct_weights_time": 310.4387640640016,
            "matmat_times": [
                0.22876914299922646
            ],
            "predict_time": 1.0388438689988106,
            "pipeline": {
                "dataset_load_time": 2.5009120419999817,
                "dataset_split_time": 0.0,
                "data_preparation_time": 13.750598270999035,
                "model_preparation_time": 312.613269685,
                "evaluation_time": 69.04607771000155
            }
        },
        "memory": {
            "density": 0.02006404728249271
        }
    },
    "results": {
        "20": {
            "coverage": 0.0,
            "recall": {
                "mean": 0.33166881068097703,
                "std": 0.2538222415059226,
                "se": 0.001135127572417223,
                "min": 0.0,
                "max": 1.0,
                "percentiles": {
                    "1": 0.0,
                    "5": 0.0,
                    "10": 0.0,
                    "25": 0.14285714285714285,
                    "50": 0.2777777777777778,
                    "75": 0.5,
                    "90": 0.7142857142857143,
                    "95": 0.8,
                    "99": 1.0
                }
            },
            "ndcg": {
                "mean": 0.3218543787946944,
                "std": 0.253457060466014,
                "se": 0.0011334944331585638,
                "min": 0.0,
                "max": 1.0000000000000002,
                "percentiles": {
                    "1": 0.0,
                    "5": 0.0,
                    "10": 0.0,
                    "25": 0.10633668103022985,
                    "50": 0.28321810744619563,
                    "75": 0.4980396889955485,
                    "90": 0.6944012394943588,
                    "95": 0.7972555177943471,
                    "99": 0.9517726534269364
                }
            }
        },
        "50": {
            "coverage": 0.0,
            "recall": {
                "mean": 0.42717715630993275,
                "std": 0.26416593180769493,
                "se": 0.0011813859617231595,
                "min": 0.0,
                "max": 1.0,
                "percentiles": {
                    "1": 0.0,
                    "5": 0.0,
                    "10": 0.10526315789473684,
                    "25": 0.23076923076923078,
                    "50": 0.4,
                    "75": 0.6,
                    "90": 0.8,
                    "95": 0.9230769230769231,
                    "99": 1.0
                }
            },
            "ndcg": {
                "mean": 0.35838948003511467,
                "std": 0.24878899601345145,
                "se": 0.0011126182142800034,
                "min": 0.0,
                "max": 1.0000000000000002,
                "percentiles": {
                    "1": 0.0,
                    "5": 0.0,
                    "10": 0.05717828980196049,
                    "25": 0.1519138453043085,
                    "50": 0.327410416094017,
                    "75": 0.53501781839665,
                    "90": 0.720811658980285,
                    "95": 0.8173768885420812,
                    "99": 0.9550236580992476
                }
            }
        },
        "100": {
            "coverage": 0.0,
            "recall": {
                "mean": 0.5091392594451057,
                "std": 0.2631899978569242,
                "se": 0.001177021452412213,
                "min": 0.0,
                "max": 1.0,
                "percentiles": {
                    "1": 0.0,
                    "5": 0.09090909090909091,
                    "10": 0.18181818181818182,
                    "25": 0.3,
                    "50": 0.5,
                    "75": 0.7142857142857143,
                    "90": 0.8666666666666667,
                    "95": 1.0,
                    "99": 1.0
                }
            },
            "ndcg": {
                "mean": 0.38744021708662857,
                "std": 0.24579576990519483,
                "se": 0.0010992321001798255,
                "min": 0.0,
                "max": 1.0000000000000002,
                "percentiles": {
                    "1": 0.0,
                    "5": 0.04112808964221937,
                    "10": 0.07667481399289292,
                    "25": 0.18625087908244328,
                    "50": 0.36047470480124344,
                    "75": 0.563937084482945,
                    "90": 0.7413359223340957,
                    "95": 0.8318724637288826,
                    "99": 0.9558295932317544
                }
            }
        }
    }
}