{
    "dataset": {
        "name": "msd",
        "rewrite": false
    },
    "split": {
        "n_val_users": 50000,
        "n_test_users": 50000,
        "seed": 42,
        "target_proportion": 0.2,
        "targets_newest": false
    },
    "model": {
        "general": {
            "model": "MRF",
            "checkpoints_folder": "models/checkpoints/",
            "retrain": true,
            "save": false
        },
        "model_specific": {
            "l2": 1.0,
            "alpha": 0.75,
            "threshold": 0.375,
            "maxInColumn": 1000,
            "rr": 0.5,
            "sparse_evaluation": false
        }
    },
    "evaluation": {
        "split": "test",
        "metrics": [
            "recall",
            "ndcg"
        ],
        "ks": [
            20,
            50,
            100
        ],
        "experiment_folder": "experiments/accuracy"
    },
    "performance": {
        "time": {
            "sparsity_pattern_time": 10.449755968002137,
            "sparse_estimation_time": 8.03309501500189,
            "sparse_solution_time": 18.48469629399915,
            "construct_weights_time": 54.78821206400244,
            "matmat_times": [
                0.018359218000114197
            ],
            "predict_time": 0.11444595300054061,
            "pipeline": {
                "dataset_load_time": 1.2090304209996248,
                "dataset_split_time": 0.0,
                "data_preparation_time": 2.1038997340001515,
                "model_preparation_time": 56.973754865000956,
                "evaluation_time": 39.593280965000304
            }
        },
        "memory": {
            "density": 0.0010141733563777504
        }
    },
    "results": {
        "20": {
            "coverage": 0.0,
            "recall": {
                "mean": 0.32637321810241704,
                "std": 0.25347716420265315,
                "se": 0.0011335843398020175,
                "min": 0.0,
                "max": 1.0,
                "percentiles": {
                    "1": 0.0,
                    "5": 0.0,
                    "10": 0.0,
                    "25": 0.14285714285714285,
                    "50": 0.2631578947368421,
                    "75": 0.5,
                    "90": 0.7142857142857143,
                    "95": 0.8,
                    "99": 1.0
                }
            },
            "ndcg": {
                "mean": 0.31833440489794446,
                "std": 0.25407117133862306,
                "se": 0.0011362408204723148,
                "min": 0.0,
                "max": 1.0000000000000002,
                "percentiles": {
                    "1": 0.0,
                    "5": 0.0,
                    "10": 0.0,
                    "25": 0.10086747116627115,
                    "50": 0.27727342735504823,
                    "75": 0.49502463318832896,
                    "90": 0.6949682412408187,
                    "95": 0.7948711577932128,
                    "99": 0.9493887259707104
                }
            }
        },
        "50": {
            "coverage": 0.0,
            "recall": {
                "mean": 0.41697838511943797,
                "std": 0.264914625022301,
                "se": 0.0011847342195674636,
                "min": 0.0,
                "max": 1.0,
                "percentiles": {
                    "1": 0.0,
                    "5": 0.0,
                    "10": 0.09090909090909091,
                    "25": 0.22,
                    "50": 0.4,
                    "75": 0.6,
                    "90": 0.8,
                    "95": 0.9090909090909091,
                    "99": 1.0
                }
            },
            "ndcg": {
                "mean": 0.3528534091161019,
                "std": 0.24978630035381577,
                "se": 0.0011170782948786238,
                "min": 0.0,
                "max": 1.0000000000000002,
                "percentiles": {
                    "1": 0.0,
                    "5": 0.0,
                    "10": 0.05097554749895306,
                    "25": 0.14564475689699521,
                    "50": 0.32073549823691716,
                    "75": 0.5294355508165739,
                    "90": 0.7177158997708368,
                    "95": 0.8143464602199778,
                    "99": 0.9533107053006916
                }
            }
        },
        "100": {
            "coverage": 0.0,
            "recall": {
                "mean": 0.49461142591825746,
                "std": 0.26556623950286534,
                "se": 0.0011876483281147937,
                "min": 0.0,
                "max": 1.0,
                "percentiles": {
                    "1": 0.0,
                    "5": 0.0,
                    "10": 0.16666666666666666,
                    "25": 0.2857142857142857,
                    "50": 0.5,
                    "75": 0.7,
                    "90": 0.8571428571428571,
                    "95": 1.0,
                    "99": 1.0
                }
            },
            "ndcg": {
                "mean": 0.38039424113693676,
                "std": 0.24738315512088951,
                "se": 0.0011063311026773682,
                "min": 0.0,
                "max": 1.0000000000000002,
                "percentiles": {
                    "1": 0.0,
                    "5": 0.0,
                    "10": 0.07028063830038406,
                    "25": 0.17555702577505242,
                    "50": 0.3536282768177752,
                    "75": 0.5578787557544939,
                    "90": 0.7372678309003503,
                    "95": 0.8288343099138681,
                    "99": 0.9556056987235846
                }
            }
        }
    }
}