{
    "dataset": {
        "name": "msd",
        "rewrite": false
    },
    "split": {
        "n_val_users": 50000,
        "n_test_users": 50000,
        "seed": 42,
        "target_proportion": 0.2,
        "targets_newest": false
    },
    "model": {
        "general": {
            "model": "MRF",
            "checkpoints_folder": "models/checkpoints/",
            "retrain": true,
            "save": false
        },
        "model_specific": {
            "l2": 1.0,
            "alpha": 0.75,
            "threshold": 0.375,
            "maxInColumn": 1000,
            "rr": 0,
            "sparse_evaluation": false
        }
    },
    "evaluation": {
        "split": "test",
        "metrics": [
            "recall",
            "ndcg"
        ],
        "ks": [
            20,
            50,
            100
        ],
        "experiment_folder": "experiments/accuracy"
    },
    "performance": {
        "time": {
            "sparsity_pattern_time": 10.482038049998664,
            "sparse_estimation_time": 17.306323428001633,
            "sparse_solution_time": 27.79009566500099,
            "construct_weights_time": 63.96237702199869,
            "matmat_times": [
                0.017885265999211697
            ],
            "predict_time": 0.11581212600140134,
            "pipeline": {
                "dataset_load_time": 1.206043509002484,
                "dataset_split_time": 0.0,
                "data_preparation_time": 2.0822261270004674,
                "model_preparation_time": 66.18622318599955,
                "evaluation_time": 39.60631327900046
            }
        },
        "memory": {
            "density": 0.0010141733563777504
        }
    },
    "results": {
        "20": {
            "coverage": 0.0,
            "recall": {
                "mean": 0.32956391808896296,
                "std": 0.2556825337808276,
                "se": 0.0011434470523866338,
                "min": 0.0,
                "max": 1.0,
                "percentiles": {
                    "1": 0.0,
                    "5": 0.0,
                    "10": 0.0,
                    "25": 0.14285714285714285,
                    "50": 0.2727272727272727,
                    "75": 0.5,
                    "90": 0.7142857142857143,
                    "95": 0.8,
                    "99": 1.0
                }
            },
            "ndcg": {
                "mean": 0.3222323144303618,
                "std": 0.2564153048919526,
                "se": 0.0011467241044194807,
                "min": 0.0,
                "max": 1.0000000000000002,
                "percentiles": {
                    "1": 0.0,
                    "5": 0.0,
                    "10": 0.0,
                    "25": 0.1022091920510537,
                    "50": 0.2820081004367382,
                    "75": 0.5014839712467825,
                    "90": 0.7004080788416427,
                    "95": 0.8036543061774429,
                    "99": 0.9550236580992476
                }
            }
        },
        "50": {
            "coverage": 0.0,
            "recall": {
                "mean": 0.42087020148220455,
                "std": 0.266233192651637,
                "se": 0.0011906310332717156,
                "min": 0.0,
                "max": 1.0,
                "percentiles": {
                    "1": 0.0,
                    "5": 0.0,
                    "10": 0.09090909090909091,
                    "25": 0.2222222222222222,
                    "50": 0.4,
                    "75": 0.6,
                    "90": 0.8,
                    "95": 0.9230769230769231,
                    "99": 1.0
                }
            },
            "ndcg": {
                "mean": 0.35678203654062796,
                "std": 0.2515252068614173,
                "se": 0.0011248549211936513,
                "min": 0.0,
                "max": 1.0000000000000002,
                "percentiles": {
                    "1": 0.0,
                    "5": 0.0,
                    "10": 0.05334621352524345,
                    "25": 0.14671596339183074,
                    "50": 0.3255249638310952,
                    "75": 0.5365624972256027,
                    "90": 0.7227265726449519,
                    "95": 0.8204578315923142,
                    "99": 0.9558295932317544
                }
            }
        },
        "100": {
            "coverage": 0.0,
            "recall": {
                "mean": 0.499391294635494,
                "std": 0.2665375768667891,
                "se": 0.0011919922808644315,
                "min": 0.0,
                "max": 1.0,
                "percentiles": {
                    "1": 0.0,
                    "5": 0.038461538461538464,
                    "10": 0.16666666666666666,
                    "25": 0.2857142857142857,
                    "50": 0.5,
                    "75": 0.7142857142857143,
                    "90": 0.8571428571428571,
                    "95": 1.0,
                    "99": 1.0
                }
            },
            "ndcg": {
                "mean": 0.38459138781268565,
                "std": 0.24899966282499822,
                "se": 0.0011135603449024466,
                "min": 0.0,
                "max": 1.0000000000000002,
                "percentiles": {
                    "1": 0.0,
                    "5": 0.021662504718201286,
                    "10": 0.07108348368841133,
                    "25": 0.1779969165195557,
                    "50": 0.3575427462813545,
                    "75": 0.5645731917240108,
                    "90": 0.7438373742710254,
                    "95": 0.8318724637288826,
                    "99": 0.9563697681687879
                }
            }
        }
    }
}