{
    "dataset": {
        "name": "msd",
        "rewrite": false
    },
    "split": {
        "n_val_users": 50000,
        "n_test_users": 50000,
        "seed": 42,
        "target_proportion": 0.2,
        "targets_newest": false
    },
    "model": {
        "general": {
            "model": "MRF",
            "checkpoints_folder": "models/checkpoints/",
            "retrain": true,
            "save": false
        },
        "model_specific": {
            "l2": 1.0,
            "alpha": 0.75,
            "threshold": 0.11,
            "maxInColumn": 1000,
            "rr": 0,
            "sparse_evaluation": false
        }
    },
    "evaluation": {
        "split": "test",
        "metrics": [
            "recall",
            "ndcg"
        ],
        "ks": [
            20,
            50,
            100
        ],
        "experiment_folder": "experiments/accuracy"
    },
    "performance": {
        "time": {
            "sparsity_pattern_time": 11.461318270001357,
            "sparse_estimation_time": 135.56489521000185,
            "sparse_solution_time": 147.02865421000024,
            "construct_weights_time": 183.2846851840004,
            "matmat_times": [
                0.08743192700057989
            ],
            "predict_time": 0.41669768700012355,
            "pipeline": {
                "dataset_load_time": 1.2074456839982304,
                "dataset_split_time": 0.0,
                "data_preparation_time": 2.0593891640019137,
                "model_preparation_time": 185.42376488900118,
                "evaluation_time": 48.43338501800099
            }
        },
        "memory": {
            "density": 0.005005003250813176
        }
    },
    "results": {
        "20": {
            "coverage": 0.0,
            "recall": {
                "mean": 0.33267584783276577,
                "std": 0.2556832007209421,
                "se": 0.0011434500350334994,
                "min": 0.0,
                "max": 1.0,
                "percentiles": {
                    "1": 0.0,
                    "5": 0.0,
                    "10": 0.0,
                    "25": 0.14285714285714285,
                    "50": 0.2857142857142857,
                    "75": 0.5,
                    "90": 0.7142857142857143,
                    "95": 0.8,
                    "99": 1.0
                }
            },
            "ndcg": {
                "mean": 0.3245834292809062,
                "std": 0.25635584807290507,
                "se": 0.0011464582054412484,
                "min": 0.0,
                "max": 1.0000000000000002,
                "percentiles": {
                    "1": 0.0,
                    "5": 0.0,
                    "10": 0.0,
                    "25": 0.10549558423511038,
                    "50": 0.28631137140444585,
                    "75": 0.5043735197544617,
                    "90": 0.7040081241627733,
                    "95": 0.8048099750039491,
                    "99": 0.9550236580992476
                }
            }
        },
        "50": {
            "coverage": 0.0,
            "recall": {
                "mean": 0.4274773853523203,
                "std": 0.2660121793104887,
                "se": 0.0011896426315622319,
                "min": 0.0,
                "max": 1.0,
                "percentiles": {
                    "1": 0.0,
                    "5": 0.0,
                    "10": 0.1,
                    "25": 0.23076923076923078,
                    "50": 0.4,
                    "75": 0.6,
                    "90": 0.8,
                    "95": 0.9333333333333333,
                    "99": 1.0
                }
            },
            "ndcg": {
                "mean": 0.36048886333870306,
                "std": 0.2513191839570118,
                "se": 0.001123933558755306,
                "min": 0.0,
                "max": 1.0000000000000002,
                "percentiles": {
                    "1": 0.0,
                    "5": 0.0,
                    "10": 0.0561173220664886,
                    "25": 0.15130120674940672,
                    "50": 0.32962170848041616,
                    "75": 0.5407912066674996,
                    "90": 0.7253581261863152,
                    "95": 0.8237117955555162,
                    "99": 0.9560290452802053
                }
            }
        },
        "100": {
            "coverage": 0.0,
            "recall": {
                "mean": 0.5094098013692717,
                "std": 0.2651321007519678,
                "se": 0.0011857068005974463,
                "min": 0.0,
                "max": 1.0,
                "percentiles": {
                    "1": 0.0,
                    "5": 0.08333333333333333,
                    "10": 0.16666666666666666,
                    "25": 0.3,
                    "50": 0.5,
                    "75": 0.7142857142857143,
                    "90": 0.875,
                    "95": 1.0,
                    "99": 1.0
                }
            },
            "ndcg": {
                "mean": 0.3894459212993515,
                "std": 0.24834021608905155,
                "se": 0.0011106112094442125,
                "min": 0.0,
                "max": 1.0000000000000002,
                "percentiles": {
                    "1": 0.0,
                    "5": 0.03936076592278259,
                    "10": 0.07550980911390262,
                    "25": 0.18485006206728338,
                    "50": 0.36299346570528435,
                    "75": 0.5697477415993355,
                    "90": 0.7484672261101855,
                    "95": 0.8352071525363147,
                    "99": 0.9589331863561695
                }
            }
        }
    }
}