{
    "dataset": {
        "name": "msd",
        "rewrite": false
    },
    "split": {
        "n_val_users": 50000,
        "n_test_users": 50000,
        "seed": 42,
        "target_proportion": 0.2,
        "targets_newest": false
    },
    "model": {
        "general": {
            "model": "MRF",
            "checkpoints_folder": "models/checkpoints/",
            "retrain": true,
            "save": false
        },
        "model_specific": {
            "l2": 1.0,
            "alpha": 0.75,
            "threshold": 0.11,
            "maxInColumn": 1000,
            "rr": 0.5,
            "sparse_evaluation": false
        }
    },
    "evaluation": {
        "split": "test",
        "metrics": [
            "recall",
            "ndcg"
        ],
        "ks": [
            20,
            50,
            100
        ],
        "experiment_folder": "experiments/accuracy"
    },
    "performance": {
        "time": {
            "sparsity_pattern_time": 11.223557592998986,
            "sparse_estimation_time": 41.63440085699767,
            "sparse_solution_time": 52.86010856499706,
            "construct_weights_time": 89.94732336099696,
            "matmat_times": [
                0.08026407199940877
            ],
            "predict_time": 0.3915936960002,
            "pipeline": {
                "dataset_load_time": 1.2097984380015987,
                "dataset_split_time": 0.0,
                "data_preparation_time": 2.0933437009989575,
                "model_preparation_time": 92.16986841499966,
                "evaluation_time": 47.82556363000185
            }
        },
        "memory": {
            "density": 0.005005003250813176
        }
    },
    "results": {
        "20": {
            "coverage": 0.0,
            "recall": {
                "mean": 0.32940436424987124,
                "std": 0.25277911151388055,
                "se": 0.0011304625532740733,
                "min": 0.0,
                "max": 1.0,
                "percentiles": {
                    "1": 0.0,
                    "5": 0.0,
                    "10": 0.0,
                    "25": 0.14285714285714285,
                    "50": 0.2727272727272727,
                    "75": 0.5,
                    "90": 0.7142857142857143,
                    "95": 0.8,
                    "99": 1.0
                }
            },
            "ndcg": {
                "mean": 0.31896862853048946,
                "std": 0.25207671898391015,
                "se": 0.0011273213583862696,
                "min": 0.0,
                "max": 1.0000000000000002,
                "percentiles": {
                    "1": 0.0,
                    "5": 0.0,
                    "10": 0.0,
                    "25": 0.10503205041674786,
                    "50": 0.27754886007937296,
                    "75": 0.4935232796777481,
                    "90": 0.6895304511939153,
                    "95": 0.7908688477791831,
                    "99": 0.9491569568081166
                }
            }
        },
        "50": {
            "coverage": 0.0,
            "recall": {
                "mean": 0.4243952993473651,
                "std": 0.2637572097059227,
                "se": 0.001179558100916221,
                "min": 0.0,
                "max": 1.0,
                "percentiles": {
                    "1": 0.0,
                    "5": 0.0,
                    "10": 0.1,
                    "25": 0.2222222222222222,
                    "50": 0.4,
                    "75": 0.6,
                    "90": 0.8,
                    "95": 0.9166666666666666,
                    "99": 1.0
                }
            },
            "ndcg": {
                "mean": 0.3554167045324106,
                "std": 0.24771353170722754,
                "se": 0.0011078085916878205,
                "min": 0.0,
                "max": 1.0000000000000002,
                "percentiles": {
                    "1": 0.0,
                    "5": 0.0,
                    "10": 0.05658242244874664,
                    "25": 0.15101961822780524,
                    "50": 0.3233179090283943,
                    "75": 0.5296128375306142,
                    "90": 0.7183815112216277,
                    "95": 0.8118068428631863,
                    "99": 0.9538604924060042
                }
            }
        },
        "100": {
            "coverage": 0.0,
            "recall": {
                "mean": 0.5059890966122569,
                "std": 0.2634336069533357,
                "se": 0.0011781109054112397,
                "min": 0.0,
                "max": 1.0,
                "percentiles": {
                    "1": 0.0,
                    "5": 0.08606321839080538,
                    "10": 0.16666666666666666,
                    "25": 0.3,
                    "50": 0.5,
                    "75": 0.7142857142857143,
                    "90": 0.8571428571428571,
                    "95": 1.0,
                    "99": 1.0
                }
            },
            "ndcg": {
                "mean": 0.3843140986410469,
                "std": 0.24489057389860658,
                "se": 0.00109518394057244,
                "min": 0.0,
                "max": 1.0000000000000002,
                "percentiles": {
                    "1": 0.0,
                    "5": 0.04012547681535032,
                    "10": 0.07605458145297357,
                    "25": 0.18368454820780677,
                    "50": 0.3566662981505183,
                    "75": 0.5597752159945514,
                    "90": 0.7377083186124355,
                    "95": 0.828207988626488,
                    "99": 0.9550243836388432
                }
            }
        }
    }
}