{
    "dataset": {
        "name": "msd",
        "rewrite": false
    },
    "split": {
        "n_val_users": 50000,
        "n_test_users": 50000,
        "seed": 42,
        "target_proportion": 0.2,
        "targets_newest": false
    },
    "model": {
        "general": {
            "model": "SANSA",
            "checkpoints_folder": "models/checkpoints/",
            "retrain": true,
            "save": false
        },
        "model_specific": {
            "l2": 2.5,
            "target_density": 0.0025,
            "ainv_params": {
                "umr_scans": 4,
                "umr_finetune_steps": 10,
                "umr_loss_threshold": 0.0001
            },
            "ldlt_method": "icf",
            "ldlt_params": {}
        }
    },
    "evaluation": {
        "split": "test",
        "metrics": [
            "recall",
            "ndcg"
        ],
        "ks": [
            20,
            50,
            100
        ],
        "experiment_folder": "experiments/accuracy"
    },
    "performance": {
        "time": {
            "ldlt_time": 551.63730449,
            "umr_scans_times": [
                0.0037024680000286025,
                0.0035131909999108757,
                31.41218397600005,
                41.496452998999985
            ],
            "umr_finetune_step_times": [],
            "ainv_time": 80.56159879099982,
            "construct_weights_time": 632.431366073,
            "matmat_times": [
                0.012575553000033324,
                1.0287808640000549
            ],
            "predict_time": 2.264676842999961,
            "pipeline": {
                "dataset_load_time": 1.2039776459999985,
                "dataset_split_time": 0.0,
                "data_preparation_time": 2.1054466609999736,
                "model_preparation_time": 634.659350819,
                "evaluation_time": 82.77295828399997
            }
        },
        "memory": {
            "L_memory": {
                "nnz": 4226099,
                "mbytes": 50.877752,
                "density": 0.0024969571632395067
            },
            "L_inv_memory": {
                "nnz": 4231249,
                "mbytes": 50.939552,
                "density": 0.0025
            }
        }
    },
    "results": {
        "20": {
            "coverage": 0.0,
            "recall": {
                "mean": 0.2763789805913041,
                "std": 0.24121330193379983,
                "se": 0.0010787386804023157,
                "min": 0.0,
                "max": 1.0,
                "percentiles": {
                    "1": 0.0,
                    "5": 0.0,
                    "10": 0.0,
                    "25": 0.09090909090909091,
                    "50": 0.25,
                    "75": 0.4166666666666667,
                    "90": 0.6,
                    "95": 0.75,
                    "99": 1.0
                }
            },
            "ndcg": {
                "mean": 0.2688156932010414,
                "std": 0.24130515826045662,
                "se": 0.0010791494743834517,
                "min": 0.0,
                "max": 1.0000000000000002,
                "percentiles": {
                    "1": 0.0,
                    "5": 0.0,
                    "10": 0.0,
                    "25": 0.06724864386295124,
                    "50": 0.21398626473452756,
                    "75": 0.42893276281449433,
                    "90": 0.6299825799720625,
                    "95": 0.7326811990926517,
                    "99": 0.9092223934597888
                }
            }
        },
        "50": {
            "coverage": 0.0,
            "recall": {
                "mean": 0.37004067595487244,
                "std": 0.26131499242470746,
                "se": 0.001168636173202977,
                "min": 0.0,
                "max": 1.0,
                "percentiles": {
                    "1": 0.0,
                    "5": 0.0,
                    "10": 0.0,
                    "25": 0.16666666666666666,
                    "50": 0.3333333333333333,
                    "75": 0.52,
                    "90": 0.75,
                    "95": 0.8571428571428571,
                    "99": 1.0
                }
            },
            "ndcg": {
                "mean": 0.30440981271211276,
                "std": 0.2393653330675036,
                "se": 0.0010704743123916326,
                "min": 0.0,
                "max": 1.0000000000000002,
                "percentiles": {
                    "1": 0.0,
                    "5": 0.0,
                    "10": 0.0,
                    "25": 0.10241712375929546,
                    "50": 0.2599820714496328,
                    "75": 0.46766775079020034,
                    "90": 0.6521255889508155,
                    "95": 0.759006668823469,
                    "99": 0.9215707957839164
                }
            }
        },
        "100": {
            "coverage": 0.0,
            "recall": {
                "mean": 0.46103607676207053,
                "std": 0.26718784961469283,
                "se": 0.0011949003890008884,
                "min": 0.0,
                "max": 1.0,
                "percentiles": {
                    "1": 0.0,
                    "5": 0.0,
                    "10": 0.13333333333333333,
                    "25": 0.25,
                    "50": 0.4444444444444444,
                    "75": 0.6666666666666666,
                    "90": 0.8333333333333334,
                    "95": 1.0,
                    "99": 1.0
                }
            },
            "ndcg": {
                "mean": 0.33652699033719635,
                "std": 0.23733884076505013,
                "se": 0.0010614115633033007,
                "min": 0.0,
                "max": 1.0000000000000002,
                "percentiles": {
                    "1": 0.0,
                    "5": 0.0,
                    "10": 0.05652670087893602,
                    "25": 0.1414432941264167,
                    "50": 0.2983928546914817,
                    "75": 0.5008655546918773,
                    "90": 0.6843515475204855,
                    "95": 0.780430553464388,
                    "99": 0.9275838669279997
                }
            }
        }
    }
}