{
    "dataset": {
        "name": "msd",
        "rewrite": false
    },
    "split": {
        "n_val_users": 50000,
        "n_test_users": 50000,
        "seed": 42,
        "target_proportion": 0.2,
        "targets_newest": false
    },
    "model": {
        "general": {
            "model": "SANSA",
            "checkpoints_folder": "models/checkpoints/",
            "retrain": true,
            "save": false
        },
        "model_specific": {
            "l2": 2.5,
            "target_density": 0.0005,
            "ainv_params": {
                "umr_scans": 4,
                "umr_finetune_steps": 10,
                "umr_loss_threshold": 0.0001
            },
            "ldlt_method": "icf",
            "ldlt_params": {}
        }
    },
    "evaluation": {
        "split": "test",
        "metrics": [
            "recall",
            "ndcg"
        ],
        "ks": [
            20,
            50,
            100
        ],
        "experiment_folder": "experiments/accuracy"
    },
    "performance": {
        "time": {
            "ldlt_time": 170.192058239,
            "umr_scans_times": [
                0.016124755999953777,
                0.01607862000003024,
                18.779082957000014
            ],
            "umr_finetune_step_times": [],
            "ainv_time": 19.261097388000053,
            "construct_weights_time": 189.52856644000002,
            "matmat_times": [
                0.0036425639999606574,
                0.14032441100005144
            ],
            "predict_time": 0.5843949850000172,
            "pipeline": {
                "dataset_load_time": 1.8551526149999518,
                "dataset_split_time": 0.0,
                "data_preparation_time": 11.213651986999992,
                "model_preparation_time": 191.84544920399998,
                "evaluation_time": 34.12117532700006
            }
        },
        "memory": {
            "L_memory": {
                "nnz": 846061,
                "mbytes": 10.317296,
                "density": 0.0004998884490135182
            },
            "L_inv_memory": {
                "nnz": 846249,
                "mbytes": 10.319552,
                "density": 0.0004999995273263284
            }
        }
    },
    "results": {
        "20": {
            "coverage": 0.0,
            "recall": {
                "mean": 0.28819640912432937,
                "std": 0.2412266270565333,
                "se": 0.001078798272162797,
                "min": 0.0,
                "max": 1.0,
                "percentiles": {
                    "1": 0.0,
                    "5": 0.0,
                    "10": 0.0,
                    "25": 0.10526315789473684,
                    "50": 0.25,
                    "75": 0.42857142857142855,
                    "90": 0.625,
                    "95": 0.75,
                    "99": 1.0
                }
            },
            "ndcg": {
                "mean": 0.2784306801958557,
                "std": 0.24182937637430102,
                "se": 0.0010814938490586374,
                "min": 0.0,
                "max": 1.0,
                "percentiles": {
                    "1": 0.0,
                    "5": 0.0,
                    "10": 0.0,
                    "25": 0.0787493410717821,
                    "50": 0.22769727398823317,
                    "75": 0.4383993718319288,
                    "90": 0.6366824387328317,
                    "95": 0.7455763075615525,
                    "99": 0.9074010420319606
                }
            }
        },
        "50": {
            "coverage": 0.0,
            "recall": {
                "mean": 0.38484365201182946,
                "std": 0.25973763705725855,
                "se": 0.001161582025550397,
                "min": 0.0,
                "max": 1.0,
                "percentiles": {
                    "1": 0.0,
                    "5": 0.0,
                    "10": 0.043478260869565216,
                    "25": 0.2,
                    "50": 0.3333333333333333,
                    "75": 0.5517241379310345,
                    "90": 0.75,
                    "95": 0.8571428571428571,
                    "99": 1.0
                }
            },
            "ndcg": {
                "mean": 0.31550282180422307,
                "std": 0.23951159512101888,
                "se": 0.0010711284161800103,
                "min": 0.0,
                "max": 1.0,
                "percentiles": {
                    "1": 0.0,
                    "5": 0.0,
                    "10": 0.028735414279683104,
                    "25": 0.11706259313796354,
                    "50": 0.27277747776230454,
                    "75": 0.47755689625677633,
                    "90": 0.6661649450703365,
                    "95": 0.7717725900958602,
                    "99": 0.9239666928546675
                }
            }
        },
        "100": {
            "coverage": 0.0,
            "recall": {
                "mean": 0.4704263632712731,
                "std": 0.2644879533005852,
                "se": 0.001182826085619797,
                "min": 0.0,
                "max": 1.0,
                "percentiles": {
                    "1": 0.0,
                    "5": 0.0,
                    "10": 0.14285714285714285,
                    "25": 0.25,
                    "50": 0.45454545454545453,
                    "75": 0.6666666666666666,
                    "90": 0.8333333333333334,
                    "95": 1.0,
                    "99": 1.0
                }
            },
            "ndcg": {
                "mean": 0.3457326840992989,
                "std": 0.23820525482317267,
                "se": 0.0010652862847645476,
                "min": 0.0,
                "max": 1.0,
                "percentiles": {
                    "1": 0.0,
                    "5": 0.0,
                    "10": 0.06163932007960398,
                    "25": 0.15083041514305706,
                    "50": 0.3083664870821535,
                    "75": 0.510985585714682,
                    "90": 0.6956316508161978,
                    "95": 0.7908832161805491,
                    "99": 0.9289821420288407
                }
            }
        }
    }
}