{
    "dataset": {
        "name": "msd",
        "rewrite": false
    },
    "split": {
        "n_val_users": 50000,
        "n_test_users": 50000,
        "seed": 42,
        "target_proportion": 0.2,
        "targets_newest": false
    },
    "model": {
        "general": {
            "model": "SANSA",
            "checkpoints_folder": "models/checkpoints/",
            "retrain": true,
            "save": false
        },
        "model_specific": {
            "l2": 2.5,
            "target_density": 0.01,
            "ainv_params": {
                "umr_scans": 4,
                "umr_finetune_steps": 10,
                "umr_loss_threshold": 0.0001
            },
            "ldlt_method": "icf",
            "ldlt_params": {}
        }
    },
    "evaluation": {
        "split": "test",
        "metrics": [
            "recall",
            "ndcg"
        ],
        "ks": [
            20,
            50,
            100
        ],
        "experiment_folder": "experiments/accuracy"
    },
    "performance": {
        "time": {
            "ldlt_time": 124.06729987400013,
            "umr_scans_times": [
                0.0013368070001433807,
                9.171320926999897,
                107.39004469399993,
                161.07190766300005
            ],
            "umr_finetune_step_times": [
                0.3435153570001148,
                0.24464514999999665,
                0.27769488500007355,
                0.2818764099999953,
                0.2757988309999746,
                0.28216203800002404,
                0.27224583900010657,
                0.2807033120000142,
                0.2728600529999312,
                0.2817219189998923
            ],
            "ainv_time": 402.9828343500001,
            "construct_weights_time": 527.857962843,
            "matmat_times": [
                0.0775834930000201,
                6.705762232999859
            ],
            "predict_time": 8.183250223999949,
            "pipeline": {
                "dataset_load_time": 1.1918052759999682,
                "dataset_split_time": 0.0,
                "data_preparation_time": 2.066134553999973,
                "model_preparation_time": 530.0357789260001,
                "evaluation_time": 233.26325875499992
            }
        },
        "memory": {
            "L_memory": {
                "nnz": 16840742,
                "mbytes": 202.253468,
                "density": 0.009950219190598332
            },
            "L_inv_memory": {
                "nnz": 16924996,
                "mbytes": 203.264516,
                "density": 0.01
            }
        }
    },
    "results": {
        "20": {
            "coverage": 0.0,
            "recall": {
                "mean": 0.297577254127967,
                "std": 0.24330397158083128,
                "se": 0.0010880884393008315,
                "min": 0.0,
                "max": 1.0,
                "percentiles": {
                    "1": 0.0,
                    "5": 0.0,
                    "10": 0.0,
                    "25": 0.1111111111111111,
                    "50": 0.25,
                    "75": 0.45,
                    "90": 0.65,
                    "95": 0.75,
                    "99": 1.0
                }
            },
            "ndcg": {
                "mean": 0.2883620096015326,
                "std": 0.2435299864012205,
                "se": 0.001089099208305457,
                "min": 0.0,
                "max": 1.0000000000000002,
                "percentiles": {
                    "1": 0.0,
                    "5": 0.0,
                    "10": 0.0,
                    "25": 0.08530460913930238,
                    "50": 0.2411159483481391,
                    "75": 0.4539036202482202,
                    "90": 0.6422406092342641,
                    "95": 0.7515376248626208,
                    "99": 0.9202465145585096
                }
            }
        },
        "50": {
            "coverage": 0.0,
            "recall": {
                "mean": 0.3989984491105227,
                "std": 0.25944926142383984,
                "se": 0.0011602923705116394,
                "min": 0.0,
                "max": 1.0,
                "percentiles": {
                    "1": 0.0,
                    "5": 0.0,
                    "10": 0.07692307692307693,
                    "25": 0.2,
                    "50": 0.375,
                    "75": 0.5714285714285714,
                    "90": 0.75,
                    "95": 0.875,
                    "99": 1.0
                }
            },
            "ndcg": {
                "mean": 0.32673559323068463,
                "std": 0.23946871650216506,
                "se": 0.0010709366571669335,
                "min": 0.0,
                "max": 1.0000000000000002,
                "percentiles": {
                    "1": 0.0,
                    "5": 0.0,
                    "10": 0.04505000432618385,
                    "25": 0.12869146940792447,
                    "50": 0.2876334225760976,
                    "75": 0.49279632170340676,
                    "90": 0.6739577727076379,
                    "95": 0.7751509336237531,
                    "99": 0.9279320784184041
                }
            }
        },
        "100": {
            "coverage": 0.0,
            "recall": {
                "mean": 0.4914512346891789,
                "std": 0.2630777875556734,
                "se": 0.0011765196326894679,
                "min": 0.0,
                "max": 1.0,
                "percentiles": {
                    "1": 0.0,
                    "5": 0.043478260869565216,
                    "10": 0.16666666666666666,
                    "25": 0.2857142857142857,
                    "50": 0.5,
                    "75": 0.6842105263157895,
                    "90": 0.8571428571428571,
                    "95": 1.0,
                    "99": 1.0
                }
            },
            "ndcg": {
                "mean": 0.35931978729525427,
                "std": 0.23758689258671523,
                "se": 0.0010625208847736723,
                "min": 0.0,
                "max": 1.0000000000000002,
                "percentiles": {
                    "1": 0.0,
                    "5": 0.022998539677085938,
                    "10": 0.0684591776394769,
                    "25": 0.16642830807346742,
                    "50": 0.3269196318241661,
                    "75": 0.5290279261176736,
                    "90": 0.7032038467394137,
                    "95": 0.7974318809384525,
                    "99": 0.9325246938679936
                }
            }
        }
    }
}