{
    "dataset": {
        "name": "msd",
        "rewrite": false
    },
    "split": {
        "n_val_users": 50000,
        "n_test_users": 50000,
        "seed": 42,
        "target_proportion": 0.2,
        "targets_newest": false
    },
    "model": {
        "general": {
            "model": "SANSA",
            "checkpoints_folder": "models/checkpoints/",
            "retrain": true,
            "save": false
        },
        "model_specific": {
            "l2": 200,
            "target_density": 0.01,
            "ainv_params": {
                "umr_scans": 4,
                "umr_finetune_steps": 10,
                "umr_loss_threshold": 0.0001
            },
            "ldlt_method": "cholmod",
            "ldlt_params": {}
        }
    },
    "evaluation": {
        "split": "test",
        "metrics": [
            "recall",
            "ndcg"
        ],
        "ks": [
            20,
            50,
            100
        ],
        "experiment_folder": "experiments/accuracy"
    },
    "performance": {
        "time": {
            "ldlt_time": 137.12705369899777,
            "umr_scans_times": [
                6.837031455997931,
                59.628503317999275,
                88.17124228000102,
                95.69108697400225
            ],
            "umr_finetune_step_times": [
                3.982640641999751,
                3.82255644000179,
                3.955791140000656,
                3.9004414549999638,
                3.9801096089977364,
                4.0003307110018795,
                3.9035368879995076,
                3.8848476940002,
                3.97087602800093,
                3.993219533997035
            ],
            "ainv_time": 364.115576264001,
            "construct_weights_time": 502.4428951089976,
            "matmat_times": [
                0.0705039360000228,
                6.992059390002396
            ],
            "predict_time": 8.45955821499956,
            "pipeline": {
                "dataset_load_time": 1.220115539003018,
                "dataset_split_time": 0.0,
                "data_preparation_time": 2.075733608999144,
                "model_preparation_time": 504.73101467200104,
                "evaluation_time": 238.52942691499993
            }
        },
        "memory": {
            "L_memory": {
                "nnz": 846147565,
                "mbytes": 10153.935344,
                "density": 0.49993959525898857
            },
            "sparsified L_memory": {
                "nnz": 16924996,
                "mbytes": 203.264516,
                "density": 0.01
            },
            "L_inv_memory": {
                "nnz": 16924996,
                "mbytes": 203.264516,
                "density": 0.01
            }
        }
    },
    "results": {
        "20": {
            "coverage": 0.0,
            "recall": {
                "mean": 0.33187077677284876,
                "std": 0.2548937413943941,
                "se": 0.0011399194655942345,
                "min": 0.0,
                "max": 1.0,
                "percentiles": {
                    "1": 0.0,
                    "5": 0.0,
                    "10": 0.0,
                    "25": 0.14285714285714285,
                    "50": 0.2727272727272727,
                    "75": 0.5,
                    "90": 0.7142857142857143,
                    "95": 0.8,
                    "99": 1.0
                }
            },
            "ndcg": {
                "mean": 0.32278807647399255,
                "std": 0.2550589731151945,
                "se": 0.0011406584043137324,
                "min": 0.0,
                "max": 1.0000000000000002,
                "percentiles": {
                    "1": 0.0,
                    "5": 0.0,
                    "10": 0.0,
                    "25": 0.10549558423511038,
                    "50": 0.2840164546766254,
                    "75": 0.49994852578093474,
                    "90": 0.6992148198508501,
                    "95": 0.8014749789089411,
                    "99": 0.9550236580992476
                }
            }
        },
        "50": {
            "coverage": 0.0,
            "recall": {
                "mean": 0.4274752813070653,
                "std": 0.26593770814727813,
                "se": 0.001189309586395627,
                "min": 0.0,
                "max": 1.0,
                "percentiles": {
                    "1": 0.0,
                    "5": 0.0,
                    "10": 0.1,
                    "25": 0.22727272727272727,
                    "50": 0.4,
                    "75": 0.6,
                    "90": 0.8,
                    "95": 0.9400588235294066,
                    "99": 1.0
                }
            },
            "ndcg": {
                "mean": 0.35909043098312676,
                "std": 0.2502194880301599,
                "se": 0.001119015569061265,
                "min": 0.0,
                "max": 1.0000000000000002,
                "percentiles": {
                    "1": 0.0,
                    "5": 0.0,
                    "10": 0.05647932202672738,
                    "25": 0.15101961822780524,
                    "50": 0.32796933061522726,
                    "75": 0.5369509128273698,
                    "90": 0.7227265726449519,
                    "95": 0.821314182947132,
                    "99": 0.9558295932317544
                }
            }
        },
        "100": {
            "coverage": 0.0,
            "recall": {
                "mean": 0.5097695284864039,
                "std": 0.2650633121416878,
                "se": 0.0011853991685801188,
                "min": 0.0,
                "max": 1.0,
                "percentiles": {
                    "1": 0.0,
                    "5": 0.08333333333333333,
                    "10": 0.17133116883116936,
                    "25": 0.3,
                    "50": 0.5,
                    "75": 0.7142857142857143,
                    "90": 0.875,
                    "95": 1.0,
                    "99": 1.0
                }
            },
            "ndcg": {
                "mean": 0.38821703949783065,
                "std": 0.24741863214896803,
                "se": 0.0011064897607702148,
                "min": 0.0,
                "max": 1.0000000000000002,
                "percentiles": {
                    "1": 0.0,
                    "5": 0.039174258235747564,
                    "10": 0.07610811271330754,
                    "25": 0.18504009422392947,
                    "50": 0.36174254194329475,
                    "75": 0.5666920725629268,
                    "90": 0.7440932932618272,
                    "95": 0.8332475003172963,
                    "99": 0.9579538694174863
                }
            }
        }
    }
}