{
    "dataset": {
        "name": "msd",
        "rewrite": false
    },
    "split": {
        "n_val_users": 50000,
        "n_test_users": 50000,
        "seed": 42,
        "target_proportion": 0.2,
        "targets_newest": false
    },
    "model": {
        "general": {
            "model": "SANSA",
            "checkpoints_folder": "models/checkpoints/",
            "retrain": true,
            "save": false
        },
        "model_specific": {
            "l2": 200,
            "target_density": 0.0025,
            "ainv_params": {
                "umr_scans": 4,
                "umr_finetune_steps": 10,
                "umr_loss_threshold": 0.0001
            },
            "ldlt_method": "cholmod",
            "ldlt_params": {}
        }
    },
    "evaluation": {
        "split": "test",
        "metrics": [
            "recall",
            "ndcg"
        ],
        "ks": [
            20,
            50,
            100
        ],
        "experiment_folder": "experiments/accuracy"
    },
    "performance": {
        "time": {
            "ldlt_time": 136.62686043600115,
            "umr_scans_times": [
                3.263639355998748,
                24.555594945999474,
                33.75860323899906,
                40.24717453099947
            ],
            "umr_finetune_step_times": [
                0.2669741849967977,
                0.27197518200046034,
                0.23522294999929727,
                0.2722092949989019,
                0.2624877620000916,
                0.3001671259989962,
                0.28435763999732444,
                0.2802881030002027,
                0.25460609100264264,
                0.2651662650023354
            ],
            "ainv_time": 115.71779242600314,
            "construct_weights_time": 252.96058725900002,
            "matmat_times": [
                0.02061313200101722,
                1.4342131710000103
            ],
            "predict_time": 2.7993344640017312,
            "pipeline": {
                "dataset_load_time": 1.2084224800019001,
                "dataset_split_time": 0.0,
                "data_preparation_time": 2.0562651049986016,
                "model_preparation_time": 255.2016932939987,
                "evaluation_time": 97.09724899399953
            }
        },
        "memory": {
            "L_memory": {
                "nnz": 846147565,
                "mbytes": 10153.935344,
                "density": 0.49993959525898857
            },
            "sparsified L_memory": {
                "nnz": 4231249,
                "mbytes": 50.939552,
                "density": 0.0025
            },
            "L_inv_memory": {
                "nnz": 4231249,
                "mbytes": 50.939552,
                "density": 0.0025
            }
        }
    },
    "results": {
        "20": {
            "coverage": 0.0,
            "recall": {
                "mean": 0.33144974654327436,
                "std": 0.2547237955969178,
                "se": 0.0011391594448829398,
                "min": 0.0,
                "max": 1.0,
                "percentiles": {
                    "1": 0.0,
                    "5": 0.0,
                    "10": 0.0,
                    "25": 0.14285714285714285,
                    "50": 0.2727272727272727,
                    "75": 0.5,
                    "90": 0.7142857142857143,
                    "95": 0.8,
                    "99": 1.0
                }
            },
            "ndcg": {
                "mean": 0.32230210342481364,
                "std": 0.2548599110161647,
                "se": 0.0011397681715433834,
                "min": 0.0,
                "max": 1.0000000000000002,
                "percentiles": {
                    "1": 0.0,
                    "5": 0.0,
                    "10": 0.0,
                    "25": 0.10549558423511038,
                    "50": 0.2828747207415763,
                    "75": 0.4993379633385898,
                    "90": 0.6992148198508501,
                    "95": 0.8012008549160582,
                    "99": 0.9535849738060622
                }
            }
        },
        "50": {
            "coverage": 0.0,
            "recall": {
                "mean": 0.42644315746933287,
                "std": 0.26560689606690857,
                "se": 0.0011878301497966581,
                "min": 0.0,
                "max": 1.0,
                "percentiles": {
                    "1": 0.0,
                    "5": 0.0,
                    "10": 0.1,
                    "25": 0.2222222222222222,
                    "50": 0.4,
                    "75": 0.6,
                    "90": 0.8,
                    "95": 0.9333333333333333,
                    "99": 1.0
                }
            },
            "ndcg": {
                "mean": 0.3583455163196428,
                "std": 0.25007649963029926,
                "se": 0.0011183761054971003,
                "min": 0.0,
                "max": 1.0000000000000002,
                "percentiles": {
                    "1": 0.0,
                    "5": 0.0,
                    "10": 0.05601843521033356,
                    "25": 0.15101961822780524,
                    "50": 0.32773060745736105,
                    "75": 0.5353619553737856,
                    "90": 0.7227265726449519,
                    "95": 0.8207175050609571,
                    "99": 0.9558295932317544
                }
            }
        },
        "100": {
            "coverage": 0.0,
            "recall": {
                "mean": 0.5080886164543646,
                "std": 0.2652567869394915,
                "se": 0.0011862644141797628,
                "min": 0.0,
                "max": 1.0,
                "percentiles": {
                    "1": 0.0,
                    "5": 0.08333333333333333,
                    "10": 0.16666666666666666,
                    "25": 0.3,
                    "50": 0.5,
                    "75": 0.7142857142857143,
                    "90": 0.875,
                    "95": 1.0,
                    "99": 1.0
                }
            },
            "ndcg": {
                "mean": 0.3872972227363376,
                "std": 0.24745767497077686,
                "se": 0.0011066643655774106,
                "min": 0.0,
                "max": 1.0000000000000002,
                "percentiles": {
                    "1": 0.0,
                    "5": 0.03834254092825318,
                    "10": 0.07500864374044612,
                    "25": 0.18372926289730107,
                    "50": 0.36037372522743283,
                    "75": 0.565511071161608,
                    "90": 0.7434020126720595,
                    "95": 0.8331661312638563,
                    "99": 0.9565883443666768
                }
            }
        }
    }
}