{
    "dataset": {
        "folder": "datasets/data",
        "name": "goodbooks10",
        "raw_file": "ratings.csv",
        "processed_file": "ratings.parquet",
        "rewrite": false
    },
    "split": {
        "n_val_users": 2500,
        "n_test_users": 2500,
        "seed": 42,
        "target_proportion": 0.2,
        "targets_newest": false
    },
    "model": {
        "general": {
            "model": "MRF",
            "checkpoints_folder": "models/checkpoints/",
            "retrain": true,
            "save": false
        },
        "model_specific": {
            "l2": 1.0,
            "alpha": 0.75,
            "threshold": 0.35,
            "maxInColumn": 1000,
            "rr": 0.5,
            "sparse_evaluation": false
        }
    },
    "evaluation": {
        "split": "test",
        "metrics": [
            "recall",
            "ndcg"
        ],
        "ks": [
            20,
            50,
            100
        ],
        "experiment_folder": "experiments/sandbox"
    },
    "performance": {
        "time": {
            "sparsity_pattern_time": 0.44742320899968036,
            "sparse_estimation_time": 1.6407409170060419,
            "sparse_solution_time": 2.088708832998236,
            "construct_weights_time": 4.17546362500434,
            "matmat_times": [
                0.013099875002808403
            ],
            "predict_time": 0.035125083006278146,
            "pipeline": {
                "dataset_load_time": 11.111068541998975,
                "dataset_split_time": 2.302473416995781,
                "data_preparation_time": 13.509500874999503,
                "model_preparation_time": 4.295793833996868,
                "evaluation_time": 0.7894239579982241
            }
        },
        "memory": {
            "density": 0.00501284
        }
    },
    "results": {
        "20": {
            "coverage": 0.0,
            "recall": {
                "mean": 0.3487097065919977,
                "std": 0.1826030121013055,
                "se": 0.00365206024202611,
                "min": 0.0,
                "max": 1.0,
                "percentiles": {
                    "1": 0.0,
                    "5": 0.08333333333333333,
                    "10": 0.13250000000000003,
                    "25": 0.21428571428571427,
                    "50": 0.3333333333333333,
                    "75": 0.46153846153846156,
                    "90": 0.6,
                    "95": 0.6666666666666666,
                    "99": 0.8235294117647058
                }
            },
            "ndcg": {
                "mean": 0.37573368887828607,
                "std": 0.195853256509894,
                "se": 0.00391706513019788,
                "min": 0.0,
                "max": 0.9969292058882929,
                "percentiles": {
                    "1": 0.0,
                    "5": 0.06943122193677728,
                    "10": 0.12851600879234287,
                    "25": 0.2267234799970012,
                    "50": 0.36560033236157763,
                    "75": 0.5129316756958548,
                    "90": 0.6418363568015488,
                    "95": 0.7165319623452837,
                    "99": 0.8355312893340267
                }
            }
        },
        "50": {
            "coverage": 0.0,
            "recall": {
                "mean": 0.4873433986283526,
                "std": 0.19763192049874814,
                "se": 0.0039526384099749625,
                "min": 0.0,
                "max": 1.0,
                "percentiles": {
                    "1": 0.07142857142857142,
                    "5": 0.18181818181818182,
                    "10": 0.25,
                    "25": 0.35,
                    "50": 0.47058823529411764,
                    "75": 0.625,
                    "90": 0.7647058823529411,
                    "95": 0.8260869565217391,
                    "99": 0.9669999999999921
                }
            },
            "ndcg": {
                "mean": 0.4447351956043078,
                "std": 0.19906765128497145,
                "se": 0.003981353025699429,
                "min": 0.0,
                "max": 0.9969292058882929,
                "percentiles": {
                    "1": 0.0449967602336891,
                    "5": 0.133395049142976,
                    "10": 0.1892755588685257,
                    "25": 0.2958144681678185,
                    "50": 0.43594316101802005,
                    "75": 0.5861282427532019,
                    "90": 0.7180765631364442,
                    "95": 0.7866656889351048,
                    "99": 0.8841516456279522
                }
            }
        },
        "100": {
            "coverage": 0.0,
            "recall": {
                "mean": 0.6005241130159146,
                "std": 0.19238909264353918,
                "se": 0.0038477818528707837,
                "min": 0.0,
                "max": 1.0,
                "percentiles": {
                    "1": 0.14285714285714285,
                    "5": 0.275705329153605,
                    "10": 0.35714285714285715,
                    "25": 0.4666666666666667,
                    "50": 0.6,
                    "75": 0.7391304347826086,
                    "90": 0.8571428571428571,
                    "95": 0.9201538461538453,
                    "99": 1.0
                }
            },
            "ndcg": {
                "mean": 0.49189146136002065,
                "std": 0.19476653616754355,
                "se": 0.003895330723350871,
                "min": 0.0,
                "max": 0.9969292058882929,
                "percentiles": {
                    "1": 0.07730040168455854,
                    "5": 0.17870485398605332,
                    "10": 0.24068390342802912,
                    "25": 0.34574279694654014,
                    "50": 0.4882570991659717,
                    "75": 0.6351800778205831,
                    "90": 0.7540668534911674,
                    "95": 0.8106305835986857,
                    "99": 0.9051036668318688
                }
            }
        }
    }
}