{
    "dataset": {
        "name": "goodbooks10",
        "rewrite": false
    },
    "split": {
        "n_val_users": 2500,
        "n_test_users": 2500,
        "seed": 42,
        "target_proportion": 0.2,
        "targets_newest": false
    },
    "model": {
        "general": {
            "model": "EASE",
            "checkpoints_folder": "models/checkpoints/",
            "retrain": true,
            "save": false
        },
        "model_specific": {
            "l2": 125
        }
    },
    "evaluation": {
        "split": "test",
        "metrics": [
            "recall",
            "ndcg"
        ],
        "ks": [
            20,
            50,
            100
        ],
        "experiment_folder": "experiments/accuracy"
    },
    "performance": {
        "time": {
            "construct_weights_time": 6.030146679000609,
            "predict_time": 0.20374957800049742,
            "pipeline": {
                "dataset_load_time": 0.27804217700031586,
                "dataset_split_time": 0.0,
                "data_preparation_time": 1.0881020969991368,
                "model_preparation_time": 6.268422215998726,
                "evaluation_time": 2.2921813140001177
            }
        },
        "memory": {}
    },
    "results": {
        "20": {
            "coverage": 0.0,
            "recall": {
                "mean": 0.35654859199795735,
                "std": 0.18457055067521552,
                "se": 0.0036914110135043104,
                "min": 0.0,
                "max": 1.0,
                "percentiles": {
                    "1": 0.0,
                    "5": 0.08333333333333333,
                    "10": 0.13333333333333333,
                    "25": 0.2222222222222222,
                    "50": 0.3333333333333333,
                    "75": 0.47368421052631576,
                    "90": 0.6,
                    "95": 0.7,
                    "99": 0.8333333333333334
                }
            },
            "ndcg": {
                "mean": 0.38665401048676656,
                "std": 0.19761925860490237,
                "se": 0.003952385172098048,
                "min": 0.0,
                "max": 1.0000000000000002,
                "percentiles": {
                    "1": 0.0,
                    "5": 0.06723260881098166,
                    "10": 0.12994646732209836,
                    "25": 0.2419236824201177,
                    "50": 0.3823889599645022,
                    "75": 0.5239028832898197,
                    "90": 0.6502918560555023,
                    "95": 0.7287470246886116,
                    "99": 0.8408448983600535
                }
            }
        },
        "50": {
            "coverage": 0.0,
            "recall": {
                "mean": 0.49391026519115866,
                "std": 0.19951617162766866,
                "se": 0.003990323432553373,
                "min": 0.0,
                "max": 1.0,
                "percentiles": {
                    "1": 0.07138095238095239,
                    "5": 0.18738425925925928,
                    "10": 0.25,
                    "25": 0.35714285714285715,
                    "50": 0.47619047619047616,
                    "75": 0.631578947368421,
                    "90": 0.7647058823529411,
                    "95": 0.8336666666666649,
                    "99": 1.0
                }
            },
            "ndcg": {
                "mean": 0.454569300574676,
                "std": 0.20134714930917033,
                "se": 0.004026942986183407,
                "min": 0.0,
                "max": 1.0000000000000002,
                "percentiles": {
                    "1": 0.04041351048244,
                    "5": 0.1289849749342404,
                    "10": 0.19241367164661208,
                    "25": 0.3100779902149724,
                    "50": 0.44987236492035854,
                    "75": 0.5998749315045696,
                    "90": 0.7271496680902725,
                    "95": 0.7919720993349234,
                    "99": 0.9031779304070875
                }
            }
        },
        "100": {
            "coverage": 0.0,
            "recall": {
                "mean": 0.6009105629242738,
                "std": 0.19268563307273917,
                "se": 0.0038537126614547833,
                "min": 0.0,
                "max": 1.0,
                "percentiles": {
                    "1": 0.14285714285714285,
                    "5": 0.29136904761904764,
                    "10": 0.35714285714285715,
                    "25": 0.4666666666666667,
                    "50": 0.6,
                    "75": 0.75,
                    "90": 0.850185185185185,
                    "95": 0.9230769230769231,
                    "99": 1.0
                }
            },
            "ndcg": {
                "mean": 0.4985473821788122,
                "std": 0.1964176324010374,
                "se": 0.003928352648020748,
                "min": 0.0,
                "max": 1.0000000000000002,
                "percentiles": {
                    "1": 0.07100572625073195,
                    "5": 0.18124741368584593,
                    "10": 0.24356007918330602,
                    "25": 0.35804951199607393,
                    "50": 0.49593589114652725,
                    "75": 0.6464929085532599,
                    "90": 0.7605687167803039,
                    "95": 0.819831497148236,
                    "99": 0.9110866640241393
                }
            }
        }
    }
}