{
    "dataset": {
        "name": "goodbooks10",
        "rewrite": false
    },
    "split": {
        "n_val_users": 2500,
        "n_test_users": 2500,
        "seed": 42,
        "target_proportion": 0.2,
        "targets_newest": false
    },
    "model": {
        "general": {
            "model": "MRF",
            "checkpoints_folder": "models/checkpoints/",
            "retrain": true,
            "save": false
        },
        "model_specific": {
            "l2": 1.0,
            "alpha": 0.75,
            "threshold": 0.35,
            "maxInColumn": 1000,
            "rr": 0.5,
            "sparse_evaluation": false
        }
    },
    "evaluation": {
        "split": "test",
        "metrics": [
            "recall",
            "ndcg"
        ],
        "ks": [
            20,
            50,
            100
        ],
        "experiment_folder": "experiments/accuracy"
    },
    "performance": {
        "time": {
            "sparsity_pattern_time": 0.38339968499894894,
            "sparse_estimation_time": 2.046694029999344,
            "sparse_solution_time": 2.430697775000226,
            "construct_weights_time": 4.110063733000061,
            "matmat_times": [
                0.0030004710006323876
            ],
            "predict_time": 0.02904331900026591,
            "pipeline": {
                "dataset_load_time": 0.10772071399878769,
                "dataset_split_time": 0.0,
                "data_preparation_time": 0.21439625099992554,
                "model_preparation_time": 4.318983540000772,
                "evaluation_time": 1.4391366559993912
            }
        },
        "memory": {
            "density": 0.00501284
        }
    },
    "results": {
        "20": {
            "coverage": 0.0,
            "recall": {
                "mean": 0.3499419187451695,
                "std": 0.18447890634137193,
                "se": 0.0036895781268274385,
                "min": 0.0,
                "max": 1.0,
                "percentiles": {
                    "1": 0.0,
                    "5": 0.08333333333333333,
                    "10": 0.125,
                    "25": 0.21428571428571427,
                    "50": 0.3333333333333333,
                    "75": 0.4666666666666667,
                    "90": 0.6,
                    "95": 0.6677083333333276,
                    "99": 0.8333333333333334
                }
            },
            "ndcg": {
                "mean": 0.37485423885566266,
                "std": 0.19712543917956254,
                "se": 0.003942508783591251,
                "min": 0.0,
                "max": 0.9988241291487481,
                "percentiles": {
                    "1": 0.0,
                    "5": 0.06621972717746283,
                    "10": 0.12337626888462733,
                    "25": 0.22630253914995707,
                    "50": 0.36535286725361116,
                    "75": 0.512474577582116,
                    "90": 0.6426980127658715,
                    "95": 0.7170449327531577,
                    "99": 0.8318805230802074
                }
            }
        },
        "50": {
            "coverage": 0.0,
            "recall": {
                "mean": 0.4882727124014772,
                "std": 0.20042927998445798,
                "se": 0.00400858559968916,
                "min": 0.0,
                "max": 1.0,
                "percentiles": {
                    "1": 0.0,
                    "5": 0.16666666666666666,
                    "10": 0.23809523809523808,
                    "25": 0.34945652173913044,
                    "50": 0.47058823529411764,
                    "75": 0.625,
                    "90": 0.7647058823529411,
                    "95": 0.8333333333333334,
                    "99": 1.0
                }
            },
            "ndcg": {
                "mean": 0.44330776328636673,
                "std": 0.20068522748549789,
                "se": 0.004013704549709958,
                "min": 0.0,
                "max": 0.9988241291487481,
                "percentiles": {
                    "1": 0.0,
                    "5": 0.12476250290623442,
                    "10": 0.18551862269082436,
                    "25": 0.293787640404177,
                    "50": 0.43504184590032413,
                    "75": 0.588005535958741,
                    "90": 0.7186764468084745,
                    "95": 0.7828187944812477,
                    "99": 0.8879076964314077
                }
            }
        },
        "100": {
            "coverage": 0.0,
            "recall": {
                "mean": 0.6015084905175708,
                "std": 0.19513583660944775,
                "se": 0.003902716732188955,
                "min": 0.0,
                "max": 1.0,
                "percentiles": {
                    "1": 0.14276190476190478,
                    "5": 0.2853174603174603,
                    "10": 0.35714285714285715,
                    "25": 0.4666666666666667,
                    "50": 0.6,
                    "75": 0.75,
                    "90": 0.8571428571428571,
                    "95": 0.9230769230769231,
                    "99": 1.0
                }
            },
            "ndcg": {
                "mean": 0.48996731082024697,
                "std": 0.19632837105549625,
                "se": 0.003926567421109925,
                "min": 0.0,
                "max": 0.9988241291487481,
                "percentiles": {
                    "1": 0.0679709244521791,
                    "5": 0.17626778720960187,
                    "10": 0.23538882355492358,
                    "25": 0.3463441651770779,
                    "50": 0.48466214068406505,
                    "75": 0.6345586507728624,
                    "90": 0.7517577497221263,
                    "95": 0.8135813862233386,
                    "99": 0.9047313204731869
                }
            }
        }
    }
}