{
    "dataset": {
        "name": "goodbooks10",
        "rewrite": false
    },
    "split": {
        "n_val_users": 2500,
        "n_test_users": 2500,
        "seed": 42,
        "target_proportion": 0.2,
        "targets_newest": false
    },
    "model": {
        "general": {
            "model": "MRF",
            "checkpoints_folder": "models/checkpoints/",
            "retrain": true,
            "save": false
        },
        "model_specific": {
            "l2": 1.0,
            "alpha": 0.75,
            "threshold": 0.35,
            "maxInColumn": 1000,
            "rr": 0,
            "sparse_evaluation": false
        }
    },
    "evaluation": {
        "split": "test",
        "metrics": [
            "recall",
            "ndcg"
        ],
        "ks": [
            20,
            50,
            100
        ],
        "experiment_folder": "experiments/accuracy"
    },
    "performance": {
        "time": {
            "sparsity_pattern_time": 0.4003335910001624,
            "sparse_estimation_time": 3.9833917260002636,
            "sparse_solution_time": 4.384391871999469,
            "construct_weights_time": 6.0930784749998566,
            "matmat_times": [
                0.003280512000856106
            ],
            "predict_time": 0.030057317000682815,
            "pipeline": {
                "dataset_load_time": 0.11672872199960693,
                "dataset_split_time": 0.0,
                "data_preparation_time": 0.21311690399852523,
                "model_preparation_time": 6.3029727729990555,
                "evaluation_time": 1.4400144520004687
            }
        },
        "memory": {
            "density": 0.00501284
        }
    },
    "results": {
        "20": {
            "coverage": 0.0,
            "recall": {
                "mean": 0.36391954694772033,
                "std": 0.18568215892475065,
                "se": 0.003713643178495013,
                "min": 0.0,
                "max": 1.0,
                "percentiles": {
                    "1": 0.0,
                    "5": 0.09090909090909091,
                    "10": 0.14285714285714285,
                    "25": 0.23076923076923078,
                    "50": 0.3333333333333333,
                    "75": 0.5,
                    "90": 0.625,
                    "95": 0.7,
                    "99": 0.8333333333333334
                }
            },
            "ndcg": {
                "mean": 0.3953710825712744,
                "std": 0.19884830553247784,
                "se": 0.0039769661106495565,
                "min": 0.0,
                "max": 0.9977457225889982,
                "percentiles": {
                    "1": 0.0,
                    "5": 0.07424588470454517,
                    "10": 0.14552364593539313,
                    "25": 0.24926819609594653,
                    "50": 0.38876898690568507,
                    "75": 0.5381419942639357,
                    "90": 0.6652653427647668,
                    "95": 0.7335303728873277,
                    "99": 0.8446905084406404
                }
            }
        },
        "50": {
            "coverage": 0.0,
            "recall": {
                "mean": 0.4974969336395913,
                "std": 0.19961558959749234,
                "se": 0.003992311791949847,
                "min": 0.0,
                "max": 1.0,
                "percentiles": {
                    "1": 0.0625,
                    "5": 0.18181818181818182,
                    "10": 0.25,
                    "25": 0.36363636363636365,
                    "50": 0.5,
                    "75": 0.631578947368421,
                    "90": 0.7777777777777778,
                    "95": 0.8333333333333334,
                    "99": 1.0
                }
            },
            "ndcg": {
                "mean": 0.4613141059022986,
                "std": 0.20181097662522446,
                "se": 0.004036219532504489,
                "min": 0.0,
                "max": 0.9977457225889982,
                "percentiles": {
                    "1": 0.03553809074385642,
                    "5": 0.13762118556506783,
                    "10": 0.19866546192754875,
                    "25": 0.31500324897309495,
                    "50": 0.45254649080180037,
                    "75": 0.6113653889388094,
                    "90": 0.7328248114337511,
                    "95": 0.7986265560587184,
                    "99": 0.8939036341981187
                }
            }
        },
        "100": {
            "coverage": 0.0,
            "recall": {
                "mean": 0.6090454077114631,
                "std": 0.19447343501286463,
                "se": 0.0038894687002572923,
                "min": 0.0,
                "max": 1.0,
                "percentiles": {
                    "1": 0.125,
                    "5": 0.29411764705882354,
                    "10": 0.35714285714285715,
                    "25": 0.47058823529411764,
                    "50": 0.6111111111111112,
                    "75": 0.75,
                    "90": 0.8666666666666667,
                    "95": 0.9230769230769231,
                    "99": 1.0
                }
            },
            "ndcg": {
                "mean": 0.5070374546570107,
                "std": 0.19678343958812855,
                "se": 0.003935668791762571,
                "min": 0.0,
                "max": 0.9977457225889982,
                "percentiles": {
                    "1": 0.07227888605562745,
                    "5": 0.1880077202545985,
                    "10": 0.24748884274554445,
                    "25": 0.365458987817183,
                    "50": 0.5040921803721665,
                    "75": 0.6558811211634061,
                    "90": 0.769188436353978,
                    "95": 0.8259874140894465,
                    "99": 0.9066053169625354
                }
            }
        }
    }
}