{
    "dataset": {
        "name": "goodbooks10",
        "rewrite": false
    },
    "split": {
        "n_val_users": 2500,
        "n_test_users": 2500,
        "seed": 42,
        "target_proportion": 0.2,
        "targets_newest": false
    },
    "model": {
        "general": {
            "model": "MRF",
            "checkpoints_folder": "models/checkpoints/",
            "retrain": true,
            "save": false
        },
        "model_specific": {
            "l2": 1.0,
            "alpha": 0.75,
            "threshold": 0.35,
            "maxInColumn": 1000,
            "rr": 0.1,
            "sparse_evaluation": false
        }
    },
    "evaluation": {
        "split": "test",
        "metrics": [
            "recall",
            "ndcg"
        ],
        "ks": [
            20,
            50,
            100
        ],
        "experiment_folder": "experiments/accuracy"
    },
    "performance": {
        "time": {
            "sparsity_pattern_time": 0.3821104460002971,
            "sparse_estimation_time": 2.4388842650005245,
            "sparse_solution_time": 2.8216707199990196,
            "construct_weights_time": 4.492463467999187,
            "matmat_times": [
                0.0030563910004275385
            ],
            "predict_time": 0.02953086799971061,
            "pipeline": {
                "dataset_load_time": 0.11882618200070283,
                "dataset_split_time": 0.0,
                "data_preparation_time": 0.22286354300013045,
                "model_preparation_time": 4.701504603999638,
                "evaluation_time": 1.4387766420004482
            }
        },
        "memory": {
            "density": 0.00501284
        }
    },
    "results": {
        "20": {
            "coverage": 0.0,
            "recall": {
                "mean": 0.3568526886116979,
                "std": 0.18526509355098725,
                "se": 0.003705301871019745,
                "min": 0.0,
                "max": 1.0,
                "percentiles": {
                    "1": 0.0,
                    "5": 0.07692307692307693,
                    "10": 0.13333333333333333,
                    "25": 0.2222222222222222,
                    "50": 0.3333333333333333,
                    "75": 0.47368421052631576,
                    "90": 0.6153846153846154,
                    "95": 0.6923076923076923,
                    "99": 0.8182352941176458
                }
            },
            "ndcg": {
                "mean": 0.38658475097855016,
                "std": 0.19896445224235237,
                "se": 0.0039792890448470475,
                "min": 0.0,
                "max": 0.9989382186219918,
                "percentiles": {
                    "1": 0.0,
                    "5": 0.06621972717746283,
                    "10": 0.13159853030525318,
                    "25": 0.24195404175754365,
                    "50": 0.37597764392693145,
                    "75": 0.5290813753548116,
                    "90": 0.65971780345654,
                    "95": 0.7308142379388172,
                    "99": 0.8319221463440664
                }
            }
        },
        "50": {
            "coverage": 0.0,
            "recall": {
                "mean": 0.49315241870338267,
                "std": 0.20084451793874017,
                "se": 0.004016890358774804,
                "min": 0.0,
                "max": 1.0,
                "percentiles": {
                    "1": 0.0625,
                    "5": 0.18181818181818182,
                    "10": 0.23529411764705882,
                    "25": 0.35714285714285715,
                    "50": 0.4782608695652174,
                    "75": 0.631578947368421,
                    "90": 0.7777777777777778,
                    "95": 0.8333333333333334,
                    "99": 1.0
                }
            },
            "ndcg": {
                "mean": 0.45380696023579314,
                "std": 0.2022977968275257,
                "se": 0.004045955936550514,
                "min": 0.0,
                "max": 0.9989382186219918,
                "percentiles": {
                    "1": 0.03617324099494594,
                    "5": 0.13136190646093346,
                    "10": 0.19282900444184603,
                    "25": 0.3032603456848859,
                    "50": 0.4471799160877734,
                    "75": 0.6017442081650197,
                    "90": 0.7276057616121199,
                    "95": 0.7929580007290709,
                    "99": 0.8999756192859756
                }
            }
        },
        "100": {
            "coverage": 0.0,
            "recall": {
                "mean": 0.6057118345118246,
                "std": 0.19546598526400416,
                "se": 0.003909319705280083,
                "min": 0.0,
                "max": 1.0,
                "percentiles": {
                    "1": 0.125,
                    "5": 0.2857142857142857,
                    "10": 0.35294117647058826,
                    "25": 0.47058823529411764,
                    "50": 0.6,
                    "75": 0.75,
                    "90": 0.8666666666666667,
                    "95": 0.9230769230769231,
                    "99": 1.0
                }
            },
            "ndcg": {
                "mean": 0.5000034188533442,
                "std": 0.1971073018294085,
                "se": 0.00394214603658817,
                "min": 0.0,
                "max": 0.9989382186219918,
                "percentiles": {
                    "1": 0.06289217905926527,
                    "5": 0.18286318210236066,
                    "10": 0.2437406729377876,
                    "25": 0.35462009739048106,
                    "50": 0.4970851047423961,
                    "75": 0.647559588241878,
                    "90": 0.7624795870700328,
                    "95": 0.8226699649371473,
                    "99": 0.9064200038927365
                }
            }
        }
    }
}