{
    "dataset": {
        "name": "goodbooks10",
        "rewrite": false
    },
    "split": {
        "n_val_users": 2500,
        "n_test_users": 2500,
        "seed": 42,
        "target_proportion": 0.2,
        "targets_newest": false
    },
    "model": {
        "general": {
            "model": "MRF",
            "checkpoints_folder": "models/checkpoints/",
            "retrain": true,
            "save": false
        },
        "model_specific": {
            "l2": 1.0,
            "alpha": 0.75,
            "threshold": 0.147,
            "maxInColumn": 1000,
            "rr": 0,
            "sparse_evaluation": false
        }
    },
    "evaluation": {
        "split": "test",
        "metrics": [
            "recall",
            "ndcg"
        ],
        "ks": [
            20,
            50,
            100
        ],
        "experiment_folder": "experiments/accuracy"
    },
    "performance": {
        "time": {
            "sparsity_pattern_time": 0.5565066550007032,
            "sparse_estimation_time": 23.62571269900036,
            "sparse_solution_time": 24.183024773999932,
            "construct_weights_time": 25.894997445999252,
            "matmat_times": [
                0.0095259959998657
            ],
            "predict_time": 0.07052176700017299,
            "pipeline": {
                "dataset_load_time": 0.11187932400025602,
                "dataset_split_time": 0.0,
                "data_preparation_time": 0.19126172800133645,
                "model_preparation_time": 26.112410054000065,
                "evaluation_time": 1.68663186699996
            }
        },
        "memory": {
            "density": 0.02016157
        }
    },
    "results": {
        "20": {
            "coverage": 0.0,
            "recall": {
                "mean": 0.362820105575539,
                "std": 0.18501904320085702,
                "se": 0.0037003808640171405,
                "min": 0.0,
                "max": 1.0,
                "percentiles": {
                    "1": 0.0,
                    "5": 0.09090909090909091,
                    "10": 0.14285714285714285,
                    "25": 0.23076923076923078,
                    "50": 0.3333333333333333,
                    "75": 0.5,
                    "90": 0.6153846153846154,
                    "95": 0.7,
                    "99": 0.8236274509803898
                }
            },
            "ndcg": {
                "mean": 0.393789100308451,
                "std": 0.1987281863230703,
                "se": 0.003974563726461406,
                "min": 0.0,
                "max": 0.9989382186219918,
                "percentiles": {
                    "1": 0.0,
                    "5": 0.07052595886029019,
                    "10": 0.13905617951077562,
                    "25": 0.24658294792454627,
                    "50": 0.38662680341272004,
                    "75": 0.535881466520119,
                    "90": 0.6621435437625403,
                    "95": 0.7298311538854197,
                    "99": 0.8437305194672385
                }
            }
        },
        "50": {
            "coverage": 0.0,
            "recall": {
                "mean": 0.5007788134647538,
                "std": 0.2003785855110916,
                "se": 0.0040075717102218324,
                "min": 0.0,
                "max": 1.0,
                "percentiles": {
                    "1": 0.08326923076923078,
                    "5": 0.1875,
                    "10": 0.25,
                    "25": 0.36363636363636365,
                    "50": 0.5,
                    "75": 0.6363636363636364,
                    "90": 0.7777777777777778,
                    "95": 0.8461538461538461,
                    "99": 1.0
                }
            },
            "ndcg": {
                "mean": 0.4616905788877566,
                "std": 0.2017731912555705,
                "se": 0.00403546382511141,
                "min": 0.0,
                "max": 0.9989382186219918,
                "percentiles": {
                    "1": 0.04107094365222715,
                    "5": 0.1375599909257946,
                    "10": 0.19951139521937988,
                    "25": 0.31279468233098034,
                    "50": 0.4558410327093708,
                    "75": 0.6113325528939475,
                    "90": 0.7323071574459162,
                    "95": 0.7988133255228451,
                    "99": 0.8966250465409741
                }
            }
        },
        "100": {
            "coverage": 0.0,
            "recall": {
                "mean": 0.6096034245979913,
                "std": 0.19293176748947755,
                "se": 0.003858635349789551,
                "min": 0.0,
                "max": 1.0,
                "percentiles": {
                    "1": 0.15373626373626376,
                    "5": 0.3,
                    "10": 0.36363636363636365,
                    "25": 0.48,
                    "50": 0.6086956521739131,
                    "75": 0.75,
                    "90": 0.8666666666666667,
                    "95": 0.9285714285714286,
                    "99": 1.0
                }
            },
            "ndcg": {
                "mean": 0.5065156532878468,
                "std": 0.1965076911273072,
                "se": 0.0039301538225461445,
                "min": 0.0,
                "max": 0.9989382186219918,
                "percentiles": {
                    "1": 0.07386138551086566,
                    "5": 0.18400163246991283,
                    "10": 0.25417101955829885,
                    "25": 0.3636798290642327,
                    "50": 0.49928368526463784,
                    "75": 0.6533479147417716,
                    "90": 0.7674042435336289,
                    "95": 0.8278698539799099,
                    "99": 0.9075492968797838
                }
            }
        }
    }
}