{
    "dataset": {
        "name": "goodbooks10",
        "rewrite": false
    },
    "split": {
        "n_val_users": 2500,
        "n_test_users": 2500,
        "seed": 42,
        "target_proportion": 0.2,
        "targets_newest": false
    },
    "model": {
        "general": {
            "model": "MRF",
            "checkpoints_folder": "models/checkpoints/",
            "retrain": true,
            "save": false
        },
        "model_specific": {
            "l2": 1.0,
            "alpha": 0.75,
            "threshold": 0.23,
            "maxInColumn": 1000,
            "rr": 0,
            "sparse_evaluation": false
        }
    },
    "evaluation": {
        "split": "test",
        "metrics": [
            "recall",
            "ndcg"
        ],
        "ks": [
            20,
            50,
            100
        ],
        "experiment_folder": "experiments/accuracy"
    },
    "performance": {
        "time": {
            "sparsity_pattern_time": 0.4117242170013924,
            "sparse_estimation_time": 8.59084624299976,
            "sparse_solution_time": 9.003270776998761,
            "construct_weights_time": 10.70169836199966,
            "matmat_times": [
                0.005346867001208011
            ],
            "predict_time": 0.045448808999935864,
            "pipeline": {
                "dataset_load_time": 0.11749806099942361,
                "dataset_split_time": 0.0,
                "data_preparation_time": 0.20114746500075853,
                "model_preparation_time": 10.919104591999712,
                "evaluation_time": 1.4898496250007156
            }
        },
        "memory": {
            "density": 0.01014868
        }
    },
    "results": {
        "20": {
            "coverage": 0.0,
            "recall": {
                "mean": 0.36306965231706717,
                "std": 0.18482884664216692,
                "se": 0.0036965769328433386,
                "min": 0.0,
                "max": 1.0,
                "percentiles": {
                    "1": 0.0,
                    "5": 0.08333333333333333,
                    "10": 0.14285714285714285,
                    "25": 0.23076923076923078,
                    "50": 0.3333333333333333,
                    "75": 0.5,
                    "90": 0.625,
                    "95": 0.6923076923076923,
                    "99": 0.8333333333333334
                }
            },
            "ndcg": {
                "mean": 0.3942418848418143,
                "std": 0.19822748569785412,
                "se": 0.003964549713957082,
                "min": 0.0,
                "max": 0.9989382186219918,
                "percentiles": {
                    "1": 0.0,
                    "5": 0.06911144686304613,
                    "10": 0.14202621190039935,
                    "25": 0.2505600348895749,
                    "50": 0.38486837234079985,
                    "75": 0.5341747740136531,
                    "90": 0.6612354493968577,
                    "95": 0.7321807749083352,
                    "99": 0.8492478084162987
                }
            }
        },
        "50": {
            "coverage": 0.0,
            "recall": {
                "mean": 0.5009649357256754,
                "std": 0.19903639640641296,
                "se": 0.003980727928128259,
                "min": 0.0,
                "max": 1.0,
                "percentiles": {
                    "1": 0.07692307692307693,
                    "5": 0.2,
                    "10": 0.25,
                    "25": 0.36363636363636365,
                    "50": 0.5,
                    "75": 0.6363636363636364,
                    "90": 0.7777777777777778,
                    "95": 0.8461538461538461,
                    "99": 1.0
                }
            },
            "ndcg": {
                "mean": 0.4621992640182185,
                "std": 0.2011405842373922,
                "se": 0.004022811684747844,
                "min": 0.0,
                "max": 0.9989382186219918,
                "percentiles": {
                    "1": 0.04163318492841414,
                    "5": 0.13863745344593406,
                    "10": 0.20006519274167123,
                    "25": 0.31372103900184223,
                    "50": 0.45502251847457875,
                    "75": 0.6092895927196273,
                    "90": 0.734905877729031,
                    "95": 0.7998927223392901,
                    "99": 0.8975320060304541
                }
            }
        },
        "100": {
            "coverage": 0.0,
            "recall": {
                "mean": 0.6113390672465127,
                "std": 0.19220803290290597,
                "se": 0.0038441606580581194,
                "min": 0.0,
                "max": 1.0,
                "percentiles": {
                    "1": 0.15384615384615385,
                    "5": 0.29369747899159665,
                    "10": 0.36363636363636365,
                    "25": 0.5,
                    "50": 0.6153846153846154,
                    "75": 0.75,
                    "90": 0.8571428571428571,
                    "95": 0.9230769230769231,
                    "99": 1.0
                }
            },
            "ndcg": {
                "mean": 0.5075745940551946,
                "std": 0.1957529782399828,
                "se": 0.003915059564799656,
                "min": 0.0,
                "max": 0.9989382186219918,
                "percentiles": {
                    "1": 0.07124304561511233,
                    "5": 0.1871302705069403,
                    "10": 0.25532833109178577,
                    "25": 0.3663416796644108,
                    "50": 0.5042214348808663,
                    "75": 0.6557177462712036,
                    "90": 0.7667211087569594,
                    "95": 0.8277241771230992,
                    "99": 0.9060292542251193
                }
            }
        }
    }
}