{
    "dataset": {
        "name": "goodbooks10",
        "rewrite": false
    },
    "split": {
        "n_val_users": 2500,
        "n_test_users": 2500,
        "seed": 42,
        "target_proportion": 0.2,
        "targets_newest": false
    },
    "model": {
        "general": {
            "model": "MRF",
            "checkpoints_folder": "models/checkpoints/",
            "retrain": true,
            "save": false
        },
        "model_specific": {
            "l2": 1.0,
            "alpha": 0.75,
            "threshold": 0.23,
            "maxInColumn": 1000,
            "rr": 0.5,
            "sparse_evaluation": false
        }
    },
    "evaluation": {
        "split": "test",
        "metrics": [
            "recall",
            "ndcg"
        ],
        "ks": [
            20,
            50,
            100
        ],
        "experiment_folder": "experiments/accuracy"
    },
    "performance": {
        "time": {
            "sparsity_pattern_time": 0.4087042070004827,
            "sparse_estimation_time": 4.16347666799993,
            "sparse_solution_time": 4.57281849300125,
            "construct_weights_time": 6.291179955000189,
            "matmat_times": [
                0.00528606100124307
            ],
            "predict_time": 0.04450069699851156,
            "pipeline": {
                "dataset_load_time": 0.11562899199998355,
                "dataset_split_time": 0.0,
                "data_preparation_time": 0.19949898699996993,
                "model_preparation_time": 6.500549495000087,
                "evaluation_time": 1.4938597159998608
            }
        },
        "memory": {
            "density": 0.01014868
        }
    },
    "results": {
        "20": {
            "coverage": 0.0,
            "recall": {
                "mean": 0.3517477961168518,
                "std": 0.18355234678959031,
                "se": 0.0036710469357918063,
                "min": 0.0,
                "max": 1.0,
                "percentiles": {
                    "1": 0.0,
                    "5": 0.08333333333333333,
                    "10": 0.14285714285714285,
                    "25": 0.21428571428571427,
                    "50": 0.3333333333333333,
                    "75": 0.47058823529411764,
                    "90": 0.6,
                    "95": 0.6923076923076923,
                    "99": 0.8333333333333334
                }
            },
            "ndcg": {
                "mean": 0.376010246089812,
                "std": 0.19535048969994293,
                "se": 0.003907009793998858,
                "min": 0.0,
                "max": 1.0000000000000002,
                "percentiles": {
                    "1": 0.0,
                    "5": 0.06785894204509568,
                    "10": 0.12388806404564569,
                    "25": 0.23330456005695746,
                    "50": 0.3619439042112508,
                    "75": 0.5152309534138381,
                    "90": 0.6419924222758839,
                    "95": 0.7200498510239908,
                    "99": 0.8267228491885305
                }
            }
        },
        "50": {
            "coverage": 0.0,
            "recall": {
                "mean": 0.49223834610348893,
                "std": 0.2001658387146656,
                "se": 0.004003316774293312,
                "min": 0.0,
                "max": 1.0,
                "percentiles": {
                    "1": 0.0625,
                    "5": 0.18181818181818182,
                    "10": 0.25,
                    "25": 0.35294117647058826,
                    "50": 0.47619047619047616,
                    "75": 0.6363636363636364,
                    "90": 0.7692307692307693,
                    "95": 0.8333333333333334,
                    "99": 1.0
                }
            },
            "ndcg": {
                "mean": 0.44560153681153314,
                "std": 0.1997965743716434,
                "se": 0.003995931487432868,
                "min": 0.0,
                "max": 1.0000000000000002,
                "percentiles": {
                    "1": 0.03804516163007776,
                    "5": 0.1304420833509864,
                    "10": 0.185058290967234,
                    "25": 0.3000346558484286,
                    "50": 0.4389273658014051,
                    "75": 0.5929627326087554,
                    "90": 0.7177267386516328,
                    "95": 0.7899651697154714,
                    "99": 0.8892113980361652
                }
            }
        },
        "100": {
            "coverage": 0.0,
            "recall": {
                "mean": 0.6070369196780935,
                "std": 0.19422056751991257,
                "se": 0.003884411350398251,
                "min": 0.0,
                "max": 1.0,
                "percentiles": {
                    "1": 0.15384615384615385,
                    "5": 0.2857142857142857,
                    "10": 0.35714285714285715,
                    "25": 0.47058823529411764,
                    "50": 0.6111111111111112,
                    "75": 0.75,
                    "90": 0.8571428571428571,
                    "95": 0.9285714285714286,
                    "99": 1.0
                }
            },
            "ndcg": {
                "mean": 0.4927137855001507,
                "std": 0.19469613149248377,
                "se": 0.003893922629849675,
                "min": 0.0,
                "max": 1.0000000000000002,
                "percentiles": {
                    "1": 0.06836914114262192,
                    "5": 0.17926289393724967,
                    "10": 0.24441140444156842,
                    "25": 0.348998134542606,
                    "50": 0.49094333549782476,
                    "75": 0.6340938785336654,
                    "90": 0.7568544726428584,
                    "95": 0.8122608886464756,
                    "99": 0.9040455824581934
                }
            }
        }
    }
}