{
    "dataset": {
        "name": "goodbooks10",
        "rewrite": false
    },
    "split": {
        "n_val_users": 2500,
        "n_test_users": 2500,
        "seed": 42,
        "target_proportion": 0.2,
        "targets_newest": false
    },
    "model": {
        "general": {
            "model": "MRF",
            "checkpoints_folder": "models/checkpoints/",
            "retrain": true,
            "save": false
        },
        "model_specific": {
            "l2": 1.0,
            "alpha": 0.75,
            "threshold": 0.147,
            "maxInColumn": 1000,
            "rr": 0.5,
            "sparse_evaluation": false
        }
    },
    "evaluation": {
        "split": "test",
        "metrics": [
            "recall",
            "ndcg"
        ],
        "ks": [
            20,
            50,
            100
        ],
        "experiment_folder": "experiments/accuracy"
    },
    "performance": {
        "time": {
            "sparsity_pattern_time": 0.5546964720015239,
            "sparse_estimation_time": 8.88565266600017,
            "sparse_solution_time": 9.440993225998682,
            "construct_weights_time": 11.142565378000654,
            "matmat_times": [
                0.009340345999589772
            ],
            "predict_time": 0.06859903300028236,
            "pipeline": {
                "dataset_load_time": 0.11424486499890918,
                "dataset_split_time": 0.0,
                "data_preparation_time": 0.19503334799992444,
                "model_preparation_time": 11.359154481999212,
                "evaluation_time": 1.6472771130011097
            }
        },
        "memory": {
            "density": 0.02016157
        }
    },
    "results": {
        "20": {
            "coverage": 0.0,
            "recall": {
                "mean": 0.354383348579525,
                "std": 0.1816678639585851,
                "se": 0.003633357279171702,
                "min": 0.0,
                "max": 1.0,
                "percentiles": {
                    "1": 0.0,
                    "5": 0.09090909090909091,
                    "10": 0.14285714285714285,
                    "25": 0.2222222222222222,
                    "50": 0.3333333333333333,
                    "75": 0.4666666666666667,
                    "90": 0.6,
                    "95": 0.6875,
                    "99": 0.8333333333333334
                }
            },
            "ndcg": {
                "mean": 0.378147421211873,
                "std": 0.19446368521125007,
                "se": 0.0038892737042250016,
                "min": 0.0,
                "max": 0.9948420690248806,
                "percentiles": {
                    "1": 0.0,
                    "5": 0.0738442516087991,
                    "10": 0.12996746133379014,
                    "25": 0.23196443161007535,
                    "50": 0.36827273601921984,
                    "75": 0.5148246026213315,
                    "90": 0.6368372318561231,
                    "95": 0.716875308959148,
                    "99": 0.8384826873755301
                }
            }
        },
        "50": {
            "coverage": 0.0,
            "recall": {
                "mean": 0.4928527262803632,
                "std": 0.19805075776840586,
                "se": 0.003961015155368117,
                "min": 0.0,
                "max": 1.0,
                "percentiles": {
                    "1": 0.06666666666666667,
                    "5": 0.18518518518518517,
                    "10": 0.25,
                    "25": 0.35714285714285715,
                    "50": 0.474937343358396,
                    "75": 0.6363636363636364,
                    "90": 0.7647058823529411,
                    "95": 0.8333333333333334,
                    "99": 1.0
                }
            },
            "ndcg": {
                "mean": 0.44690108700697256,
                "std": 0.1984415757951666,
                "se": 0.003968831515903332,
                "min": 0.0,
                "max": 0.997634383512533,
                "percentiles": {
                    "1": 0.03925869329794759,
                    "5": 0.13561583826535606,
                    "10": 0.19008670459023086,
                    "25": 0.29772670765236253,
                    "50": 0.4397512855858893,
                    "75": 0.5932985103492259,
                    "90": 0.7149705193875924,
                    "95": 0.7823414464450097,
                    "99": 0.889519293213846
                }
            }
        },
        "100": {
            "coverage": 0.0,
            "recall": {
                "mean": 0.6095358606604825,
                "std": 0.1914338894950441,
                "se": 0.003828677789900882,
                "min": 0.0,
                "max": 1.0,
                "percentiles": {
                    "1": 0.14285714285714285,
                    "5": 0.3,
                    "10": 0.36363636363636365,
                    "25": 0.4782608695652174,
                    "50": 0.6111111111111112,
                    "75": 0.75,
                    "90": 0.8636363636363636,
                    "95": 0.9230769230769231,
                    "99": 1.0
                }
            },
            "ndcg": {
                "mean": 0.49481057973932485,
                "std": 0.1929324739640523,
                "se": 0.003858649479281046,
                "min": 0.0,
                "max": 0.997634383512533,
                "percentiles": {
                    "1": 0.07383042720276498,
                    "5": 0.18509584059324982,
                    "10": 0.2474628588423759,
                    "25": 0.3524116213921328,
                    "50": 0.49299968006013584,
                    "75": 0.6380285327893496,
                    "90": 0.7519067366222029,
                    "95": 0.8129146652773414,
                    "99": 0.9052379929960395
                }
            }
        }
    }
}