{
    "dataset": {
        "name": "goodbooks10",
        "rewrite": false
    },
    "split": {
        "n_val_users": 2500,
        "n_test_users": 2500,
        "seed": 42,
        "target_proportion": 0.2,
        "targets_newest": false
    },
    "model": {
        "general": {
            "model": "MRF",
            "checkpoints_folder": "models/checkpoints/",
            "retrain": true,
            "save": false
        },
        "model_specific": {
            "l2": 1.0,
            "alpha": 0.75,
            "threshold": 0.147,
            "maxInColumn": 1000,
            "rr": 0.1,
            "sparse_evaluation": false
        }
    },
    "evaluation": {
        "split": "test",
        "metrics": [
            "recall",
            "ndcg"
        ],
        "ks": [
            20,
            50,
            100
        ],
        "experiment_folder": "experiments/accuracy"
    },
    "performance": {
        "time": {
            "sparsity_pattern_time": 0.5392765269989468,
            "sparse_estimation_time": 9.135312697999325,
            "sparse_solution_time": 9.675304649999816,
            "construct_weights_time": 11.377464662999046,
            "matmat_times": [
                0.009242503998393659
            ],
            "predict_time": 0.06886656800088531,
            "pipeline": {
                "dataset_load_time": 0.11558897500071907,
                "dataset_split_time": 0.0,
                "data_preparation_time": 0.19598626799961494,
                "model_preparation_time": 11.594168600999183,
                "evaluation_time": 1.6549199310011318
            }
        },
        "memory": {
            "density": 0.02016157
        }
    },
    "results": {
        "20": {
            "coverage": 0.0,
            "recall": {
                "mean": 0.35857087522212905,
                "std": 0.1835905567060709,
                "se": 0.003671811134121418,
                "min": 0.0,
                "max": 1.0,
                "percentiles": {
                    "1": 0.0,
                    "5": 0.09090909090909091,
                    "10": 0.14285714285714285,
                    "25": 0.2222222222222222,
                    "50": 0.3333333333333333,
                    "75": 0.5,
                    "90": 0.6,
                    "95": 0.6926923076923056,
                    "99": 0.8333333333333334
                }
            },
            "ndcg": {
                "mean": 0.3869632021718038,
                "std": 0.1964406204452739,
                "se": 0.003928812408905478,
                "min": 0.0,
                "max": 0.9977457225889982,
                "percentiles": {
                    "1": 0.0,
                    "5": 0.07507976770585337,
                    "10": 0.1348977943849684,
                    "25": 0.2417373578255671,
                    "50": 0.3797536268158245,
                    "75": 0.5285096509967863,
                    "90": 0.6475420021612666,
                    "95": 0.7217673912511268,
                    "99": 0.8375295261064242
                }
            }
        },
        "50": {
            "coverage": 0.0,
            "recall": {
                "mean": 0.49623915376154853,
                "std": 0.198630103614545,
                "se": 0.0039726020722909,
                "min": 0.0,
                "max": 1.0,
                "percentiles": {
                    "1": 0.06246323529411765,
                    "5": 0.18738425925925928,
                    "10": 0.25,
                    "25": 0.35714285714285715,
                    "50": 0.5,
                    "75": 0.6363636363636364,
                    "90": 0.7695804195804193,
                    "95": 0.8333333333333334,
                    "99": 1.0
                }
            },
            "ndcg": {
                "mean": 0.454946792593807,
                "std": 0.19984207063705156,
                "se": 0.0039968414127410316,
                "min": 0.0,
                "max": 0.9977457225889982,
                "percentiles": {
                    "1": 0.03485094050938845,
                    "5": 0.13615516624380383,
                    "10": 0.19458903123278268,
                    "25": 0.3077600209702877,
                    "50": 0.44890654357547155,
                    "75": 0.6016456274378821,
                    "90": 0.7234048180380342,
                    "95": 0.7882571454475225,
                    "99": 0.893138746488523
                }
            }
        },
        "100": {
            "coverage": 0.0,
            "recall": {
                "mean": 0.6099707316819453,
                "std": 0.19153909505752753,
                "se": 0.0038307819011505506,
                "min": 0.0,
                "max": 1.0,
                "percentiles": {
                    "1": 0.16657894736842105,
                    "5": 0.3,
                    "10": 0.36363636363636365,
                    "25": 0.48,
                    "50": 0.6111111111111112,
                    "75": 0.75,
                    "90": 0.8571428571428571,
                    "95": 0.9285714285714286,
                    "99": 1.0
                }
            },
            "ndcg": {
                "mean": 0.5018350175426178,
                "std": 0.19452975312025111,
                "se": 0.0038905950624050223,
                "min": 0.0,
                "max": 0.9977457225889982,
                "percentiles": {
                    "1": 0.07075370585034856,
                    "5": 0.1845986140850344,
                    "10": 0.24709192500419816,
                    "25": 0.35839368747272515,
                    "50": 0.5000796569923983,
                    "75": 0.6492554793698128,
                    "90": 0.7556980205590552,
                    "95": 0.8207909706773764,
                    "99": 0.9060446157496236
                }
            }
        }
    }
}