{
    "dataset": {
        "name": "goodbooks10",
        "rewrite": false
    },
    "split": {
        "n_val_users": 2500,
        "n_test_users": 2500,
        "seed": 42,
        "target_proportion": 0.2,
        "targets_newest": false
    },
    "model": {
        "general": {
            "model": "MRF",
            "checkpoints_folder": "models/checkpoints/",
            "retrain": true,
            "save": false
        },
        "model_specific": {
            "l2": 1.0,
            "alpha": 0.75,
            "threshold": 0.23,
            "maxInColumn": 1000,
            "rr": 0.1,
            "sparse_evaluation": false
        }
    },
    "evaluation": {
        "split": "test",
        "metrics": [
            "recall",
            "ndcg"
        ],
        "ks": [
            20,
            50,
            100
        ],
        "experiment_folder": "experiments/accuracy"
    },
    "performance": {
        "time": {
            "sparsity_pattern_time": 0.4273088089994417,
            "sparse_estimation_time": 4.285200206999434,
            "sparse_solution_time": 4.713185021000754,
            "construct_weights_time": 6.418492601000253,
            "matmat_times": [
                0.005353769000066677
            ],
            "predict_time": 0.0448973600014142,
            "pipeline": {
                "dataset_load_time": 0.11487634999866714,
                "dataset_split_time": 0.0,
                "data_preparation_time": 0.19878155599872116,
                "model_preparation_time": 6.625303326998619,
                "evaluation_time": 1.4934628380015056
            }
        },
        "memory": {
            "density": 0.01014868
        }
    },
    "results": {
        "20": {
            "coverage": 0.0,
            "recall": {
                "mean": 0.3579016677869774,
                "std": 0.18344406258490273,
                "se": 0.0036688812516980545,
                "min": 0.0,
                "max": 1.0,
                "percentiles": {
                    "1": 0.0,
                    "5": 0.09053030303030306,
                    "10": 0.14285714285714285,
                    "25": 0.2222222222222222,
                    "50": 0.3333333333333333,
                    "75": 0.47368421052631576,
                    "90": 0.6,
                    "95": 0.6875,
                    "99": 0.8236274509803898
                }
            },
            "ndcg": {
                "mean": 0.38648716068819067,
                "std": 0.1970846050497211,
                "se": 0.003941692100994422,
                "min": 0.0,
                "max": 0.9989382186219918,
                "percentiles": {
                    "1": 0.0,
                    "5": 0.07074580181457502,
                    "10": 0.13612441748052592,
                    "25": 0.2387914595113831,
                    "50": 0.3758509844196579,
                    "75": 0.5314875959634288,
                    "90": 0.6557970646632443,
                    "95": 0.7187752153208014,
                    "99": 0.826606710468197
                }
            }
        },
        "50": {
            "coverage": 0.0,
            "recall": {
                "mean": 0.49516878444480583,
                "std": 0.19917873849819218,
                "se": 0.003983574769963844,
                "min": 0.0,
                "max": 1.0,
                "percentiles": {
                    "1": 0.07138095238095239,
                    "5": 0.1875,
                    "10": 0.25,
                    "25": 0.35714285714285715,
                    "50": 0.5,
                    "75": 0.631578947368421,
                    "90": 0.7692307692307693,
                    "95": 0.8333333333333334,
                    "99": 1.0
                }
            },
            "ndcg": {
                "mean": 0.4543295009429608,
                "std": 0.20067513410351429,
                "se": 0.004013502682070286,
                "min": 0.0,
                "max": 0.9989382186219918,
                "percentiles": {
                    "1": 0.038786453066170075,
                    "5": 0.13537487742156104,
                    "10": 0.19323809809249945,
                    "25": 0.30348678877551216,
                    "50": 0.44848198567244824,
                    "75": 0.6015580939016711,
                    "90": 0.7280422058603788,
                    "95": 0.792892055522298,
                    "99": 0.8903803981839462
                }
            }
        },
        "100": {
            "coverage": 0.0,
            "recall": {
                "mean": 0.6092233437250578,
                "std": 0.1932567275551832,
                "se": 0.0038651345511036637,
                "min": 0.0,
                "max": 1.0,
                "percentiles": {
                    "1": 0.13325,
                    "5": 0.29411764705882354,
                    "10": 0.36363636363636365,
                    "25": 0.47619047619047616,
                    "50": 0.6111111111111112,
                    "75": 0.75,
                    "90": 0.8639393939393937,
                    "95": 0.9230769230769231,
                    "99": 1.0
                }
            },
            "ndcg": {
                "mean": 0.5012514323945281,
                "std": 0.19504076143328092,
                "se": 0.0039008152286656183,
                "min": 0.0,
                "max": 0.9989382186219918,
                "percentiles": {
                    "1": 0.06897476785297699,
                    "5": 0.18613113565981046,
                    "10": 0.24887718645499363,
                    "25": 0.3594136157515274,
                    "50": 0.5002454388110071,
                    "75": 0.6477029324254858,
                    "90": 0.7618639103242248,
                    "95": 0.8243380137839804,
                    "99": 0.9060279803190976
                }
            }
        }
    }
}