{
    "dataset": {
        "name": "goodbooks10",
        "rewrite": false
    },
    "split": {
        "n_val_users": 2500,
        "n_test_users": 2500,
        "seed": 42,
        "target_proportion": 0.2,
        "targets_newest": false
    },
    "model": {
        "general": {
            "model": "SANSA",
            "checkpoints_folder": "models/checkpoints/",
            "retrain": true,
            "save": false
        },
        "model_specific": {
            "l2": 125,
            "target_density": 0.0005,
            "ainv_params": {
                "umr_scans": 4,
                "umr_finetune_steps": 10,
                "umr_loss_threshold": 0.0001
            },
            "ldlt_method": "cholmod"
        }
    },
    "evaluation": {
        "split": "test",
        "metrics": [
            "recall",
            "ndcg"
        ],
        "ks": [
            20,
            50,
            100
        ],
        "experiment_folder": "experiments/accuracy"
    },
    "performance": {
        "time": {
            "ldlt_time": 6.3329673139996885,
            "umr_scans_times": [
                0.22463659800087044,
                1.5739145909992658,
                2.531799358999706,
                2.6979819770003814
            ],
            "umr_finetune_step_times": [
                0.002756766998572857,
                0.0027561110000533517,
                0.0026929710002150387,
                0.00278922800134751,
                0.002641430999574368,
                0.002665451998836943,
                0.00270071999875654,
                0.0025724759998411173,
                0.002647629000421148,
                0.002582631999757723
            ],
            "ainv_time": 7.1057860939999955,
            "construct_weights_time": 13.513125819001289,
            "matmat_times": [
                0.0011143500014441088,
                0.002253646000099252
            ],
            "predict_time": 0.012991709001653362,
            "pipeline": {
                "dataset_load_time": 0.11237250500016671,
                "dataset_split_time": 0.0,
                "data_preparation_time": 0.18214460399940435,
                "model_preparation_time": 13.734322593001707,
                "evaluation_time": 1.1220987639990199
            }
        },
        "memory": {
            "L_memory": {
                "nnz": 49361217,
                "mbytes": 592.374608,
                "density": 0.49361217
            },
            "sparsified L_memory": {
                "nnz": 50000,
                "mbytes": 0.640004,
                "density": 0.0005
            },
            "L_inv_memory": {
                "nnz": 50000,
                "mbytes": 0.640004,
                "density": 0.0005
            }
        }
    },
    "results": {
        "20": {
            "coverage": 0.0,
            "recall": {
                "mean": 0.3407814512491293,
                "std": 0.18312605727921938,
                "se": 0.0036625211455843876,
                "min": 0.0,
                "max": 1.0,
                "percentiles": {
                    "1": 0.0,
                    "5": 0.07692307692307693,
                    "10": 0.125,
                    "25": 0.2,
                    "50": 0.3125,
                    "75": 0.45454545454545453,
                    "90": 0.6,
                    "95": 0.6666666666666666,
                    "99": 0.8
                }
            },
            "ndcg": {
                "mean": 0.3695008167138277,
                "std": 0.19717666797100292,
                "se": 0.003943533359420059,
                "min": 0.0,
                "max": 1.0000000000000002,
                "percentiles": {
                    "1": 0.0,
                    "5": 0.059388742523085354,
                    "10": 0.11536898875535777,
                    "25": 0.22145364316263358,
                    "50": 0.35876672550581945,
                    "75": 0.5062197717018201,
                    "90": 0.6407862031507183,
                    "95": 0.7123490512376067,
                    "99": 0.8318226023675164
                }
            }
        },
        "50": {
            "coverage": 0.0,
            "recall": {
                "mean": 0.47053211794476113,
                "std": 0.20114115027610993,
                "se": 0.004022823005522199,
                "min": 0.0,
                "max": 1.0,
                "percentiles": {
                    "1": 0.0,
                    "5": 0.16666666666666666,
                    "10": 0.23076923076923078,
                    "25": 0.3333333333333333,
                    "50": 0.45454545454545453,
                    "75": 0.6,
                    "90": 0.75,
                    "95": 0.8235294117647058,
                    "99": 1.0
                }
            },
            "ndcg": {
                "mean": 0.4338895721639611,
                "std": 0.201897798206906,
                "se": 0.00403795596413812,
                "min": 0.0,
                "max": 1.0000000000000002,
                "percentiles": {
                    "1": 0.0,
                    "5": 0.11696466259344515,
                    "10": 0.17465724704320496,
                    "25": 0.2841007913813524,
                    "50": 0.42139274127872867,
                    "75": 0.5758894608830942,
                    "90": 0.7080648381982083,
                    "95": 0.7818099851185987,
                    "99": 0.8870984784781274
                }
            }
        },
        "100": {
            "coverage": 0.0,
            "recall": {
                "mean": 0.571314589342268,
                "std": 0.19983534468706188,
                "se": 0.003996706893741237,
                "min": 0.0,
                "max": 1.0,
                "percentiles": {
                    "1": 0.08326923076923078,
                    "5": 0.23529411764705882,
                    "10": 0.3157894736842105,
                    "25": 0.4375,
                    "50": 0.5625,
                    "75": 0.7142857142857143,
                    "90": 0.8333333333333334,
                    "95": 0.8967241379310336,
                    "99": 1.0
                }
            },
            "ndcg": {
                "mean": 0.47535818636578914,
                "std": 0.1985509335786531,
                "se": 0.0039710186715730626,
                "min": 0.0,
                "max": 1.0000000000000002,
                "percentiles": {
                    "1": 0.0440055402387989,
                    "5": 0.1566117015264337,
                    "10": 0.21849671440160923,
                    "25": 0.33106422462458773,
                    "50": 0.47025332460580416,
                    "75": 0.6165078314284467,
                    "90": 0.7446770495545713,
                    "95": 0.8042547001439586,
                    "99": 0.9027030999082546
                }
            }
        }
    }
}