{
    "dataset": {
        "name": "goodbooks10",
        "rewrite": false
    },
    "split": {
        "n_val_users": 2500,
        "n_test_users": 2500,
        "seed": 42,
        "target_proportion": 0.2,
        "targets_newest": false
    },
    "model": {
        "general": {
            "model": "SANSA",
            "checkpoints_folder": "models/checkpoints/",
            "retrain": true,
            "save": false
        },
        "model_specific": {
            "l2": 125,
            "target_density": 0.001,
            "ainv_params": {
                "umr_scans": 4,
                "umr_finetune_steps": 10,
                "umr_loss_threshold": 0.0001
            },
            "ldlt_method": "cholmod"
        }
    },
    "evaluation": {
        "split": "test",
        "metrics": [
            "recall",
            "ndcg"
        ],
        "ks": [
            20,
            50,
            100
        ],
        "experiment_folder": "experiments/accuracy"
    },
    "performance": {
        "time": {
            "ldlt_time": 6.323008122999454,
            "umr_scans_times": [
                0.32512250099898665,
                1.5087660159988445,
                1.8898092150011507,
                2.3449676580003143
            ],
            "umr_finetune_step_times": [
                0.004863668998950743,
                0.004856685000049765,
                0.004789968001205125,
                0.004799692000233335,
                0.004877096000200254,
                0.004632742999092443,
                0.004436585000803461,
                0.004895481999483309,
                0.004864661999818054,
                0.004816291999304667
            ],
            "ainv_time": 6.241594639999676,
            "construct_weights_time": 12.652205961001528,
            "matmat_times": [
                0.0015983729990693973,
                0.004859683998802211
            ],
            "predict_time": 0.02458697099973506,
            "pipeline": {
                "dataset_load_time": 0.11256388899892045,
                "dataset_split_time": 0.0,
                "data_preparation_time": 0.182661876999191,
                "model_preparation_time": 12.873764445999768,
                "evaluation_time": 1.1991088980012137
            }
        },
        "memory": {
            "L_memory": {
                "nnz": 49361217,
                "mbytes": 592.374608,
                "density": 0.49361217
            },
            "sparsified L_memory": {
                "nnz": 100000,
                "mbytes": 1.240004,
                "density": 0.001
            },
            "L_inv_memory": {
                "nnz": 100000,
                "mbytes": 1.240004,
                "density": 0.001
            }
        }
    },
    "results": {
        "20": {
            "coverage": 0.0,
            "recall": {
                "mean": 0.35056341520880224,
                "std": 0.18446625183288576,
                "se": 0.0036893250366577153,
                "min": 0.0,
                "max": 1.0,
                "percentiles": {
                    "1": 0.0,
                    "5": 0.08333333333333333,
                    "10": 0.13333333333333333,
                    "25": 0.21428571428571427,
                    "50": 0.3333333333333333,
                    "75": 0.4666666666666667,
                    "90": 0.6,
                    "95": 0.667543859649118,
                    "99": 0.8182352941176458
                }
            },
            "ndcg": {
                "mean": 0.380144735560606,
                "std": 0.19807070760494128,
                "se": 0.003961414152098826,
                "min": 0.0,
                "max": 1.0000000000000002,
                "percentiles": {
                    "1": 0.0,
                    "5": 0.06536003274058907,
                    "10": 0.12086434477035929,
                    "25": 0.232513950942148,
                    "50": 0.3721772602376787,
                    "75": 0.5184348599493975,
                    "90": 0.6487868849808681,
                    "95": 0.7237632609495911,
                    "99": 0.8271726059313802
                }
            }
        },
        "50": {
            "coverage": 0.0,
            "recall": {
                "mean": 0.48473679317294455,
                "std": 0.20032175200334776,
                "se": 0.004006435040066955,
                "min": 0.0,
                "max": 1.0,
                "percentiles": {
                    "1": 0.05879084967320262,
                    "5": 0.16666666666666666,
                    "10": 0.25,
                    "25": 0.3333333333333333,
                    "50": 0.47058823529411764,
                    "75": 0.625,
                    "90": 0.76,
                    "95": 0.8333333333333334,
                    "99": 1.0
                }
            },
            "ndcg": {
                "mean": 0.4463117145602533,
                "std": 0.20162096160426046,
                "se": 0.004032419232085209,
                "min": 0.0,
                "max": 1.0000000000000002,
                "percentiles": {
                    "1": 0.03224977206712825,
                    "5": 0.12738041083982454,
                    "10": 0.18310758337685823,
                    "25": 0.30027247442262134,
                    "50": 0.4360455002409581,
                    "75": 0.5930635187352244,
                    "90": 0.7204602703890539,
                    "95": 0.788192688951016,
                    "99": 0.8936412613232314
                }
            }
        },
        "100": {
            "coverage": 0.0,
            "recall": {
                "mean": 0.5931183579912459,
                "std": 0.19708445651074294,
                "se": 0.003941689130214859,
                "min": 0.0,
                "max": 1.0,
                "percentiles": {
                    "1": 0.125,
                    "5": 0.25,
                    "10": 0.3333333333333333,
                    "25": 0.46153846153846156,
                    "50": 0.5909090909090909,
                    "75": 0.7333333333333333,
                    "90": 0.8571428571428571,
                    "95": 0.9090909090909091,
                    "99": 1.0
                }
            },
            "ndcg": {
                "mean": 0.49092626077126805,
                "std": 0.1976348915400395,
                "se": 0.00395269783080079,
                "min": 0.0,
                "max": 1.0000000000000002,
                "percentiles": {
                    "1": 0.058476463276495694,
                    "5": 0.17114126116170433,
                    "10": 0.23575255893604566,
                    "25": 0.350256180548762,
                    "50": 0.48603921352837764,
                    "75": 0.6371231906089446,
                    "90": 0.7570455307066193,
                    "95": 0.8187087272647551,
                    "99": 0.9060409131599392
                }
            }
        }
    }
}