{
    "dataset": {
        "name": "goodbooks10",
        "rewrite": false
    },
    "split": {
        "n_val_users": 2500,
        "n_test_users": 2500,
        "seed": 42,
        "target_proportion": 0.2,
        "targets_newest": false
    },
    "model": {
        "general": {
            "model": "SANSA",
            "checkpoints_folder": "models/checkpoints/",
            "retrain": true,
            "save": false
        },
        "model_specific": {
            "l2": 125,
            "target_density": 0.01,
            "ainv_params": {
                "umr_scans": 4,
                "umr_finetune_steps": 10,
                "umr_loss_threshold": 0.0001
            },
            "ldlt_method": "cholmod"
        }
    },
    "evaluation": {
        "split": "test",
        "metrics": [
            "recall",
            "ndcg"
        ],
        "ks": [
            20,
            50,
            100
        ],
        "experiment_folder": "experiments/accuracy"
    },
    "performance": {
        "time": {
            "ldlt_time": 6.661722832999658,
            "umr_scans_times": [
                0.6777736610001739,
                2.094691442000112,
                2.872842483000568,
                2.9711409179999464
            ],
            "umr_finetune_step_times": [
                0.06933105299867748,
                0.07695444499950099,
                0.07788043999971705,
                0.07573494099960953,
                0.0788056269993831,
                0.07485389700013911,
                0.07959240200034401,
                0.07694455399905564,
                0.07417042099950777,
                0.07146348700007366
            ],
            "ainv_time": 12.717033597000409,
            "construct_weights_time": 19.491657034001037,
            "matmat_times": [
                0.0058930970008077566,
                0.06579176200102665
            ],
            "predict_time": 0.15713913699983095,
            "pipeline": {
                "dataset_load_time": 0.11487370500071847,
                "dataset_split_time": 0.0,
                "data_preparation_time": 0.18714607400033856,
                "model_preparation_time": 19.706259757000225,
                "evaluation_time": 2.0699495150001894
            }
        },
        "memory": {
            "L_memory": {
                "nnz": 49361217,
                "mbytes": 592.374608,
                "density": 0.49361217
            },
            "sparsified L_memory": {
                "nnz": 1000000,
                "mbytes": 12.040004,
                "density": 0.01
            },
            "L_inv_memory": {
                "nnz": 1000000,
                "mbytes": 12.040004,
                "density": 0.01
            }
        }
    },
    "results": {
        "20": {
            "coverage": 0.0,
            "recall": {
                "mean": 0.35634238396106815,
                "std": 0.18315045998467835,
                "se": 0.0036630091996935673,
                "min": 0.0,
                "max": 1.0,
                "percentiles": {
                    "1": 0.0,
                    "5": 0.08333333333333333,
                    "10": 0.13333333333333333,
                    "25": 0.2222222222222222,
                    "50": 0.3333333333333333,
                    "75": 0.47368421052631576,
                    "90": 0.6,
                    "95": 0.6875,
                    "99": 0.8182352941176458
                }
            },
            "ndcg": {
                "mean": 0.38628878686906815,
                "std": 0.19725029805797475,
                "se": 0.0039450059611594954,
                "min": 0.0,
                "max": 1.0000000000000002,
                "percentiles": {
                    "1": 0.0,
                    "5": 0.07099684795553564,
                    "10": 0.13140570777539473,
                    "25": 0.2379232039374513,
                    "50": 0.38362171836844255,
                    "75": 0.5288596078223791,
                    "90": 0.646926690018835,
                    "95": 0.7223417532244243,
                    "99": 0.8317473874193296
                }
            }
        },
        "50": {
            "coverage": 0.0,
            "recall": {
                "mean": 0.4979749940573884,
                "std": 0.20039535970782127,
                "se": 0.004007907194156425,
                "min": 0.0,
                "max": 1.0,
                "percentiles": {
                    "1": 0.07686813186813188,
                    "5": 0.1872159090909091,
                    "10": 0.25,
                    "25": 0.35714285714285715,
                    "50": 0.5,
                    "75": 0.6363636363636364,
                    "90": 0.7777777777777778,
                    "95": 0.8461538461538461,
                    "99": 1.0
                }
            },
            "ndcg": {
                "mean": 0.4560385521558728,
                "std": 0.20116931216808762,
                "se": 0.004023386243361752,
                "min": 0.0,
                "max": 1.0000000000000002,
                "percentiles": {
                    "1": 0.03899110612316853,
                    "5": 0.12937100352532202,
                    "10": 0.19403822419083802,
                    "25": 0.3086030454997666,
                    "50": 0.45316221180987837,
                    "75": 0.6025953458054613,
                    "90": 0.7261077217977846,
                    "95": 0.7947927203823677,
                    "99": 0.890162869853617
                }
            }
        },
        "100": {
            "coverage": 0.0,
            "recall": {
                "mean": 0.6075117553710601,
                "std": 0.1925066257275743,
                "se": 0.0038501325145514857,
                "min": 0.0,
                "max": 1.0,
                "percentiles": {
                    "1": 0.14285714285714285,
                    "5": 0.2857142857142857,
                    "10": 0.3597142857142857,
                    "25": 0.47619047619047616,
                    "50": 0.6073781291172595,
                    "75": 0.75,
                    "90": 0.8571428571428571,
                    "95": 0.9260582010582004,
                    "99": 1.0
                }
            },
            "ndcg": {
                "mean": 0.5010749760571104,
                "std": 0.19533785758441988,
                "se": 0.003906757151688397,
                "min": 0.0,
                "max": 1.0000000000000002,
                "percentiles": {
                    "1": 0.0687042431231504,
                    "5": 0.1806341444600638,
                    "10": 0.24927738325205434,
                    "25": 0.35880285939177126,
                    "50": 0.49957399921664025,
                    "75": 0.6476150784221789,
                    "90": 0.7598532866286226,
                    "95": 0.8235155366867718,
                    "99": 0.9060876196052249
                }
            }
        }
    }
}