{
    "dataset": {
        "name": "goodbooks10",
        "rewrite": false
    },
    "split": {
        "n_val_users": 2500,
        "n_test_users": 2500,
        "seed": 42,
        "target_proportion": 0.2,
        "targets_newest": false
    },
    "model": {
        "general": {
            "model": "SANSA",
            "checkpoints_folder": "models/checkpoints/",
            "retrain": true,
            "save": false
        },
        "model_specific": {
            "l2": 125,
            "target_density": 0.005,
            "ainv_params": {
                "umr_scans": 4,
                "umr_finetune_steps": 10,
                "umr_loss_threshold": 0.0001
            },
            "ldlt_method": "cholmod"
        }
    },
    "evaluation": {
        "split": "test",
        "metrics": [
            "recall",
            "ndcg"
        ],
        "ks": [
            20,
            50,
            100
        ],
        "experiment_folder": "experiments/accuracy"
    },
    "performance": {
        "time": {
            "ldlt_time": 6.407691636000891,
            "umr_scans_times": [
                0.6025874040005874,
                1.7575885389996984,
                2.207333729998936,
                2.3156354349994217
            ],
            "umr_finetune_step_times": [
                0.03017019800063281,
                0.03249340399997891,
                0.031127885999012506,
                0.03248802199959755,
                0.031150161999903503,
                0.033191857999554486,
                0.03295843300111301,
                0.029958519000501838,
                0.03136724500109267,
                0.03132292100053746
            ],
            "ainv_time": 8.275362147000124,
            "construct_weights_time": 14.78534713299996,
            "matmat_times": [
                0.004018942001493997,
                0.03063567599929229
            ],
            "predict_time": 0.09840159299892548,
            "pipeline": {
                "dataset_load_time": 0.1310498299990286,
                "dataset_split_time": 0.0,
                "data_preparation_time": 0.20128747499984456,
                "model_preparation_time": 15.006029463000232,
                "evaluation_time": 1.703650805999132
            }
        },
        "memory": {
            "L_memory": {
                "nnz": 49361217,
                "mbytes": 592.374608,
                "density": 0.49361217
            },
            "sparsified L_memory": {
                "nnz": 500000,
                "mbytes": 6.040004,
                "density": 0.005
            },
            "L_inv_memory": {
                "nnz": 500000,
                "mbytes": 6.040004,
                "density": 0.005
            }
        }
    },
    "results": {
        "20": {
            "coverage": 0.0,
            "recall": {
                "mean": 0.35609280484737144,
                "std": 0.18452905372169914,
                "se": 0.003690581074433983,
                "min": 0.0,
                "max": 1.0,
                "percentiles": {
                    "1": 0.0,
                    "5": 0.08333333333333333,
                    "10": 0.13333333333333333,
                    "25": 0.2222222222222222,
                    "50": 0.3333333333333333,
                    "75": 0.47058823529411764,
                    "90": 0.6,
                    "95": 0.6875,
                    "99": 0.8236274509803898
                }
            },
            "ndcg": {
                "mean": 0.3864171239483696,
                "std": 0.1981136438466849,
                "se": 0.003962272876933698,
                "min": 0.0,
                "max": 1.0000000000000002,
                "percentiles": {
                    "1": 0.0,
                    "5": 0.06720797583345249,
                    "10": 0.1297090727181607,
                    "25": 0.23957669431099982,
                    "50": 0.3819849755963485,
                    "75": 0.5302612739086913,
                    "90": 0.6524310902336237,
                    "95": 0.7233152064502737,
                    "99": 0.8419340705886971
                }
            }
        },
        "50": {
            "coverage": 0.0,
            "recall": {
                "mean": 0.4945373870227188,
                "std": 0.20090329414660865,
                "se": 0.004018065882932173,
                "min": 0.0,
                "max": 1.0,
                "percentiles": {
                    "1": 0.0,
                    "5": 0.18181818181818182,
                    "10": 0.25,
                    "25": 0.35294117647058826,
                    "50": 0.5,
                    "75": 0.6363636363636364,
                    "90": 0.7692307692307693,
                    "95": 0.8333333333333334,
                    "99": 1.0
                }
            },
            "ndcg": {
                "mean": 0.45487955174795863,
                "std": 0.20160851417989764,
                "se": 0.004032170283597953,
                "min": 0.0,
                "max": 1.0000000000000002,
                "percentiles": {
                    "1": 0.0,
                    "5": 0.13164901593046457,
                    "10": 0.19825517054859595,
                    "25": 0.30546595410681654,
                    "50": 0.4476024179060689,
                    "75": 0.6052890000886972,
                    "90": 0.7266699264244286,
                    "95": 0.793351620279685,
                    "99": 0.890083314455733
                }
            }
        },
        "100": {
            "coverage": 0.0,
            "recall": {
                "mean": 0.6043085116934892,
                "std": 0.1925007633161479,
                "se": 0.003850015266322958,
                "min": 0.0,
                "max": 1.0,
                "percentiles": {
                    "1": 0.14285714285714285,
                    "5": 0.2857142857142857,
                    "10": 0.35714285714285715,
                    "25": 0.47058823529411764,
                    "50": 0.6,
                    "75": 0.75,
                    "90": 0.8571428571428571,
                    "95": 0.9130434782608695,
                    "99": 1.0
                }
            },
            "ndcg": {
                "mean": 0.5000503747180727,
                "std": 0.1960050904675675,
                "se": 0.00392010180935135,
                "min": 0.0,
                "max": 1.0000000000000002,
                "percentiles": {
                    "1": 0.06847594105062835,
                    "5": 0.17915387957674955,
                    "10": 0.24500772737750307,
                    "25": 0.3573970539307267,
                    "50": 0.49596803357049685,
                    "75": 0.6466498998424663,
                    "90": 0.7601104425165158,
                    "95": 0.8245627365271558,
                    "99": 0.9049606933272568
                }
            }
        }
    }
}