{
    "dataset": {
        "name": "goodbooks10",
        "rewrite": false
    },
    "split": {
        "n_val_users": 2500,
        "n_test_users": 2500,
        "seed": 42,
        "target_proportion": 0.2,
        "targets_newest": false
    },
    "model": {
        "general": {
            "model": "SANSA",
            "checkpoints_folder": "models/checkpoints/",
            "retrain": true,
            "save": false
        },
        "model_specific": {
            "l2": 125,
            "target_density": 0.0025,
            "ainv_params": {
                "umr_scans": 4,
                "umr_finetune_steps": 10,
                "umr_loss_threshold": 0.0001
            },
            "ldlt_method": "cholmod"
        }
    },
    "evaluation": {
        "split": "test",
        "metrics": [
            "recall",
            "ndcg"
        ],
        "ks": [
            20,
            50,
            100
        ],
        "experiment_folder": "experiments/accuracy"
    },
    "performance": {
        "time": {
            "ldlt_time": 6.396621296999001,
            "umr_scans_times": [
                0.41416360399853147,
                1.4197202939994895,
                1.7529929020001873,
                1.9505839140001626
            ],
            "umr_finetune_step_times": [
                0.011576572000194574,
                0.012218067000503652,
                0.0126484510001319,
                0.012225097998452839,
                0.012929704000271158,
                0.013503927000783733,
                0.013025738999203895,
                0.013155118000213406,
                0.01284216599924548,
                0.012667265998970834
            ],
            "ainv_time": 5.919223134000276,
            "construct_weights_time": 12.40932266100026,
            "matmat_times": [
                0.002671238000402809,
                0.014002171999891289
            ],
            "predict_time": 0.05564307200074836,
            "pipeline": {
                "dataset_load_time": 0.11347819299953699,
                "dataset_split_time": 0.0,
                "data_preparation_time": 0.1840924210009689,
                "model_preparation_time": 12.634363656999994,
                "evaluation_time": 1.4229598730016733
            }
        },
        "memory": {
            "L_memory": {
                "nnz": 49361217,
                "mbytes": 592.374608,
                "density": 0.49361217
            },
            "sparsified L_memory": {
                "nnz": 250000,
                "mbytes": 3.040004,
                "density": 0.0025
            },
            "L_inv_memory": {
                "nnz": 250000,
                "mbytes": 3.040004,
                "density": 0.0025
            }
        }
    },
    "results": {
        "20": {
            "coverage": 0.0,
            "recall": {
                "mean": 0.3545540188260312,
                "std": 0.18460297370791573,
                "se": 0.0036920594741583147,
                "min": 0.0,
                "max": 1.0,
                "percentiles": {
                    "1": 0.0,
                    "5": 0.08301282051282052,
                    "10": 0.13333333333333333,
                    "25": 0.2222222222222222,
                    "50": 0.3333333333333333,
                    "75": 0.4713622291021672,
                    "90": 0.6,
                    "95": 0.6666666666666666,
                    "99": 0.8182352941176458
                }
            },
            "ndcg": {
                "mean": 0.3846718299055299,
                "std": 0.19768419406952362,
                "se": 0.003953683881390472,
                "min": 0.0,
                "max": 1.0000000000000002,
                "percentiles": {
                    "1": 0.0,
                    "5": 0.07330753399689219,
                    "10": 0.12427910395438224,
                    "25": 0.23543169510345896,
                    "50": 0.3774765498854282,
                    "75": 0.5246533280222712,
                    "90": 0.649128739156149,
                    "95": 0.7137726465206419,
                    "99": 0.8345977372780036
                }
            }
        },
        "50": {
            "coverage": 0.0,
            "recall": {
                "mean": 0.49260959213710576,
                "std": 0.19954358782000867,
                "se": 0.003990871756400173,
                "min": 0.0,
                "max": 1.0,
                "percentiles": {
                    "1": 0.05823529411764718,
                    "5": 0.18181818181818182,
                    "10": 0.25,
                    "25": 0.35294117647058826,
                    "50": 0.5,
                    "75": 0.631578947368421,
                    "90": 0.7692307692307693,
                    "95": 0.8333333333333334,
                    "99": 1.0
                }
            },
            "ndcg": {
                "mean": 0.45293299849939306,
                "std": 0.20102155653535453,
                "se": 0.004020431130707091,
                "min": 0.0,
                "max": 1.0000000000000002,
                "percentiles": {
                    "1": 0.02952293884127612,
                    "5": 0.13060210041718087,
                    "10": 0.19392328327306893,
                    "25": 0.3042299191906013,
                    "50": 0.4461578954153505,
                    "75": 0.599967087012776,
                    "90": 0.7225637317375053,
                    "95": 0.7912600854300342,
                    "99": 0.8873699820426186
                }
            }
        },
        "100": {
            "coverage": 0.0,
            "recall": {
                "mean": 0.6035344904082036,
                "std": 0.19529826766522337,
                "se": 0.0039059653533044677,
                "min": 0.0,
                "max": 1.0,
                "percentiles": {
                    "1": 0.1249264705882353,
                    "5": 0.2857142857142857,
                    "10": 0.35714285714285715,
                    "25": 0.4666666666666667,
                    "50": 0.6,
                    "75": 0.75,
                    "90": 0.8636363636363636,
                    "95": 0.9230769230769231,
                    "99": 1.0
                }
            },
            "ndcg": {
                "mean": 0.4985740170148922,
                "std": 0.19641323977142117,
                "se": 0.0039282647954284235,
                "min": 0.0,
                "max": 1.0000000000000002,
                "percentiles": {
                    "1": 0.05813330221523301,
                    "5": 0.17778450405622545,
                    "10": 0.24358682821313996,
                    "25": 0.3553840081069459,
                    "50": 0.49298971339811926,
                    "75": 0.6476090879777073,
                    "90": 0.7604643223785267,
                    "95": 0.8241590606517573,
                    "99": 0.90604051210122
                }
            }
        }
    }
}