{
    "dataset": {
        "folder": "datasets/data",
        "name": "msd",
        "rewrite": false
    },
    "split": {
        "n_val_users": 50000,
        "n_test_users": 50000,
        "seed": 42,
        "target_proportion": 0.2,
        "targets_newest": false
    },
    "model": {
        "general": {
            "model": "EASE",
            "checkpoints_folder": "models/checkpoints/",
            "retrain": true,
            "save": false
        },
        "model_specific": {
            "l2": 109.33206423884192
        }
    },
    "evaluation": {
        "split": "test",
        "metrics": [
            "recall",
            "ndcg"
        ],
        "ks": [
            20,
            50,
            100
        ],
        "experiment_folder": "experiments/sandbox"
    },
    "performance": {
        "time": {
            "construct_weights_time": 360.2956261290001,
            "predict_time": 11.342222733000199,
            "pipeline": {
                "dataset_load_time": 1.2438739159997567,
                "dataset_split_time": 0.0,
                "data_preparation_time": 2.2223179640004673,
                "model_preparation_time": 362.5025331550005,
                "evaluation_time": 333.009631766
            }
        },
        "memory": {}
    },
    "results": {
        "20": {
            "coverage": 0.0,
            "recall": {
                "mean": 0.3319583192954276,
                "std": 0.25216805583184976,
                "se": 0.0011277298291879566,
                "min": 0.0,
                "max": 1.0,
                "percentiles": {
                    "1": 0.0,
                    "5": 0.0,
                    "10": 0.0,
                    "25": 0.14285714285714285,
                    "50": 0.2857142857142857,
                    "75": 0.5,
                    "90": 0.7058823529411765,
                    "95": 0.8,
                    "99": 1.0
                }
            },
            "ndcg": {
                "mean": 0.32664457331439206,
                "std": 0.25427348527758614,
                "se": 0.0011371455959129492,
                "min": 0.0,
                "max": 1.0000000000000002,
                "percentiles": {
                    "1": 0.0,
                    "5": 0.0,
                    "10": 0.0,
                    "25": 0.10889376106823218,
                    "50": 0.28975421229182685,
                    "75": 0.5039399436761999,
                    "90": 0.703247761402707,
                    "95": 0.8030381661771967,
                    "99": 0.9533804052268859
                }
            }
        },
        "50": {
            "coverage": 0.0,
            "recall": {
                "mean": 0.42655956041419935,
                "std": 0.2628501309260131,
                "se": 0.0011755015212905702,
                "min": 0.0,
                "max": 1.0,
                "percentiles": {
                    "1": 0.0,
                    "5": 0.0,
                    "10": 0.1111111111111111,
                    "25": 0.2222222222222222,
                    "50": 0.4,
                    "75": 0.6,
                    "90": 0.8,
                    "95": 0.9090909090909091,
                    "99": 1.0
                }
            },
            "ndcg": {
                "mean": 0.36305751939553926,
                "std": 0.24941830418396949,
                "se": 0.001115432565976152,
                "min": 0.0,
                "max": 1.0000000000000002,
                "percentiles": {
                    "1": 0.0,
                    "5": 0.0,
                    "10": 0.05954496680255473,
                    "25": 0.15697519701614115,
                    "50": 0.3327092838377538,
                    "75": 0.5407669914416084,
                    "90": 0.7243282598895119,
                    "95": 0.8214772152020745,
                    "99": 0.9558295932317544
                }
            }
        },
        "100": {
            "coverage": 0.0,
            "recall": {
                "mean": 0.5062495606215038,
                "std": 0.26208135290314033,
                "se": 0.0011720634414530673,
                "min": 0.0,
                "max": 1.0,
                "percentiles": {
                    "1": 0.0,
                    "5": 0.1,
                    "10": 0.16666666666666666,
                    "25": 0.3,
                    "50": 0.5,
                    "75": 0.7142857142857143,
                    "90": 0.8571428571428571,
                    "95": 1.0,
                    "99": 1.0
                }
            },
            "ndcg": {
                "mean": 0.39177042248233834,
                "std": 0.24660141581532116,
                "se": 0.0011028350582214996,
                "min": 0.0,
                "max": 1.0000000000000002,
                "percentiles": {
                    "1": 0.0,
                    "5": 0.04331627003839207,
                    "10": 0.07927967398113206,
                    "25": 0.19012859889946201,
                    "50": 0.3665708523671011,
                    "75": 0.5697180267403785,
                    "90": 0.7478490448010885,
                    "95": 0.8353427333940997,
                    "99": 0.9569709980495685
                }
            }
        }
    }
}