{
    "dataset": {
        "folder": "datasets/data",
        "name": "msd",
        "rewrite": false
    },
    "split": {
        "n_val_users": 50000,
        "n_test_users": 50000,
        "seed": 42,
        "target_proportion": 0.2,
        "targets_newest": false
    },
    "model": {
        "general": {
            "model": "EASE",
            "checkpoints_folder": "models/checkpoints/",
            "retrain": true,
            "save": false
        },
        "model_specific": {
            "l2": 200
        }
    },
    "evaluation": {
        "split": "test",
        "metrics": [
            "recall",
            "ndcg"
        ],
        "ks": [
            20,
            50,
            100
        ],
        "experiment_folder": "experiments/sandbox"
    },
    "performance": {
        "time": {
            "construct_weights_time": 206.04544102599993,
            "predict_time": 5.545937440999978,
            "pipeline": {
                "dataset_load_time": 177.95624531000004,
                "dataset_split_time": 63.2813573819999,
                "data_preparation_time": 242.70074876299998,
                "model_preparation_time": 207.99538177299996,
                "evaluation_time": 183.47738128599997
            }
        },
        "memory": {}
    },
    "results": {
        "20": {
            "coverage": 0.0,
            "recall": {
                "mean": 0.3310702306398452,
                "std": 0.25150601513109827,
                "se": 0.001124769093166453,
                "min": 0.0,
                "max": 1.0,
                "percentiles": {
                    "1": 0.0,
                    "5": 0.0,
                    "10": 0.0,
                    "25": 0.14285714285714285,
                    "50": 0.2857142857142857,
                    "75": 0.5,
                    "90": 0.7,
                    "95": 0.8,
                    "99": 1.0
                }
            },
            "ndcg": {
                "mean": 0.32507071788529984,
                "std": 0.25337570007982657,
                "se": 0.0011331305784501823,
                "min": 0.0,
                "max": 1.0000000000000002,
                "percentiles": {
                    "1": 0.0,
                    "5": 0.0,
                    "10": 0.0,
                    "25": 0.10778915452451093,
                    "50": 0.28790168838302127,
                    "75": 0.501047015986501,
                    "90": 0.6992148198508501,
                    "95": 0.7999472187540814,
                    "99": 0.951232307800409
                }
            }
        },
        "50": {
            "coverage": 0.0,
            "recall": {
                "mean": 0.4265979790094587,
                "std": 0.26251398484337535,
                "se": 0.0011739982303082736,
                "min": 0.0,
                "max": 1.0,
                "percentiles": {
                    "1": 0.0,
                    "5": 0.0,
                    "10": 0.1111111111111111,
                    "25": 0.2222222222222222,
                    "50": 0.4,
                    "75": 0.6,
                    "90": 0.8,
                    "95": 0.9090909090909091,
                    "99": 1.0
                }
            },
            "ndcg": {
                "mean": 0.36187627468475186,
                "std": 0.24858336831704728,
                "se": 0.0011116986192655704,
                "min": 0.0,
                "max": 1.0000000000000002,
                "percentiles": {
                    "1": 0.0,
                    "5": 0.0,
                    "10": 0.05995170797385067,
                    "25": 0.15648886759417951,
                    "50": 0.33129087428905574,
                    "75": 0.5383003358011016,
                    "90": 0.7227265726449519,
                    "95": 0.8195955855820874,
                    "99": 0.9558295932317544
                }
            }
        },
        "100": {
            "coverage": 0.0,
            "recall": {
                "mean": 0.5083771240831714,
                "std": 0.2618618233576146,
                "se": 0.001171081675479337,
                "min": 0.0,
                "max": 1.0,
                "percentiles": {
                    "1": 0.0,
                    "5": 0.1,
                    "10": 0.17,
                    "25": 0.3076923076923077,
                    "50": 0.5,
                    "75": 0.7142857142857143,
                    "90": 0.8571428571428571,
                    "95": 1.0,
                    "99": 1.0
                }
            },
            "ndcg": {
                "mean": 0.3912936849096532,
                "std": 0.24573397304568798,
                "se": 0.0010989557362225187,
                "min": 0.0,
                "max": 1.0000000000000002,
                "percentiles": {
                    "1": 0.0,
                    "5": 0.04481735435178645,
                    "10": 0.08008251130552323,
                    "25": 0.19073637068794097,
                    "50": 0.3650654997529058,
                    "75": 0.5682342452275074,
                    "90": 0.7455772827187643,
                    "95": 0.8342626211424069,
                    "99": 0.9571982604133138
                }
            }
        }
    }
}