{
    "dataset": {
        "folder": "datasets/data",
        "name": "msd",
        "rewrite": false
    },
    "split": {
        "n_val_users": 50000,
        "n_test_users": 50000,
        "seed": 42,
        "target_proportion": 0.2,
        "targets_newest": false
    },
    "model": {
        "general": {
            "model": "MRF",
            "checkpoints_folder": "models/checkpoints/",
            "retrain": true,
            "save": false
        },
        "model_specific": {
            "l2": 1.0,
            "alpha": 0.75,
            "threshold": 0.038,
            "maxInColumn": 1000,
            "rr": 0.5,
            "sparse_evaluation": false
        }
    },
    "evaluation": {
        "split": "test",
        "metrics": [
            "recall",
            "ndcg"
        ],
        "ks": [
            20,
            50,
            100
        ],
        "experiment_folder": "experiments/sandbox"
    },
    "performance": {
        "time": {
            "sparsity_pattern_time": 54.62829012200018,
            "sparse_estimation_time": 310.94406830000025,
            "sparse_solution_time": 365.5804289630005,
            "construct_weights_time": 408.1608567250005,
            "matmat_times": [
                0.2333270929993887
            ],
            "predict_time": 1.0460052199996426,
            "pipeline": {
                "dataset_load_time": 1.235609256999851,
                "dataset_split_time": 0.0,
                "data_preparation_time": 2.1428395439997985,
                "model_preparation_time": 410.32929750400035,
                "evaluation_time": 76.72250157500002
            }
        },
        "memory": {
            "density": 0.02006404728249271
        }
    },
    "results": {
        "20": {
            "coverage": 0.0,
            "recall": {
                "mean": 0.3282534381320434,
                "std": 0.24884909201543082,
                "se": 0.001112886971771207,
                "min": 0.0,
                "max": 1.0,
                "percentiles": {
                    "1": 0.0,
                    "5": 0.0,
                    "10": 0.0,
                    "25": 0.14285714285714285,
                    "50": 0.2857142857142857,
                    "75": 0.5,
                    "90": 0.7,
                    "95": 0.8,
                    "99": 1.0
                }
            },
            "ndcg": {
                "mean": 0.32084140038725195,
                "std": 0.24980481503250415,
                "se": 0.0011171610950388813,
                "min": 0.0,
                "max": 1.0000000000000002,
                "percentiles": {
                    "1": 0.0,
                    "5": 0.0,
                    "10": 0.0,
                    "25": 0.10866074008717103,
                    "50": 0.2826101957340846,
                    "75": 0.4935232796777481,
                    "90": 0.6854539878959374,
                    "95": 0.787702056960637,
                    "99": 0.9427763215752364
                }
            }
        },
        "50": {
            "coverage": 0.0,
            "recall": {
                "mean": 0.4242392603133339,
                "std": 0.260030371618619,
                "se": 0.0011628911743075284,
                "min": 0.0,
                "max": 1.0,
                "percentiles": {
                    "1": 0.0,
                    "5": 0.0,
                    "10": 0.1111111111111111,
                    "25": 0.2222222222222222,
                    "50": 0.4,
                    "75": 0.6,
                    "90": 0.8,
                    "95": 0.9,
                    "99": 1.0
                }
            },
            "ndcg": {
                "mean": 0.35823471106882293,
                "std": 0.24542544979663805,
                "se": 0.0010975759783074892,
                "min": 0.0,
                "max": 1.0000000000000002,
                "percentiles": {
                    "1": 0.0,
                    "5": 0.0,
                    "10": 0.0604056513497471,
                    "25": 0.15743107269979564,
                    "50": 0.32727076440319314,
                    "75": 0.5310726364428232,
                    "90": 0.7162885198840521,
                    "95": 0.8076693276103686,
                    "99": 0.9505331190550378
                }
            }
        },
        "100": {
            "coverage": 0.0,
            "recall": {
                "mean": 0.5071602799241959,
                "std": 0.2597596989809168,
                "se": 0.0011616806894724256,
                "min": 0.0,
                "max": 1.0,
                "percentiles": {
                    "1": 0.0,
                    "5": 0.1,
                    "10": 0.17857142857142858,
                    "25": 0.3076923076923077,
                    "50": 0.5,
                    "75": 0.7142857142857143,
                    "90": 0.8571428571428571,
                    "95": 1.0,
                    "99": 1.0
                }
            },
            "ndcg": {
                "mean": 0.3880589719444057,
                "std": 0.24257704112751005,
                "se": 0.0010848375074837494,
                "min": 0.0,
                "max": 1.0000000000000002,
                "percentiles": {
                    "1": 0.0,
                    "5": 0.046059218274918635,
                    "10": 0.08133484538841967,
                    "25": 0.1909172010163114,
                    "50": 0.36154448793592875,
                    "75": 0.5618660490376761,
                    "90": 0.7377820251677145,
                    "95": 0.8255857570917466,
                    "99": 0.9531944954660123
                }
            }
        }
    }
}