{
    "dataset": {
        "folder": "datasets/data",
        "name": "msd",
        "rewrite": false
    },
    "split": {
        "n_val_users": 50000,
        "n_test_users": 50000,
        "seed": 42,
        "target_proportion": 0.2,
        "targets_newest": false
    },
    "model": {
        "general": {
            "model": "SANSA",
            "checkpoints_folder": "models/checkpoints/",
            "retrain": true,
            "save": false
        },
        "model_specific": {
            "l2": 109.33206423884192,
            "target_density": 0.01,
            "ainv_method": "umr",
            "ainv_params": {
                "umr_scans": 4,
                "umr_finetune_steps": 10,
                "umr_loss_threshold": 0.0001
            },
            "ldlt_method": "cholmod",
            "ldlt_params": {}
        }
    },
    "evaluation": {
        "split": "test",
        "metrics": [
            "recall",
            "ndcg"
        ],
        "ks": [
            20,
            50,
            100
        ],
        "experiment_folder": "experiments/sandbox"
    },
    "performance": {
        "time": {
            "ldlt_time": 131.11389748700094,
            "umr_scans_times": [
                19.07187973100008,
                66.26674161700066,
                80.16139816099894,
                76.04098210399752
            ],
            "umr_finetune_step_times": [
                2.4725218979983765,
                2.674044274001062,
                2.5977865069980908,
                2.6536642339997343,
                2.6254411240006448,
                2.6819919900008244,
                2.6891615450003883,
                2.6453597559993796,
                2.6672513250014163,
                2.6498944779996236
            ],
            "ainv_time": 324.5182730630004,
            "construct_weights_time": 456.86370744799933,
            "matmat_times": [
                0.02495721499872161,
                8.211461651997524
            ],
            "predict_time": 9.649569151999458,
            "pipeline": {
                "dataset_load_time": 181.6265802099988,
                "dataset_split_time": 64.43963598099799,
                "data_preparation_time": 247.5341993960028,
                "model_preparation_time": 459.1034223030001,
                "evaluation_time": 271.0512239109994
            }
        },
        "memory": {
            "L_memory": {
                "nnz": 841088518,
                "mbytes": 10093.22678,
                "density": 0.49695049735905406
            },
            "sparsified L_memory": {
                "nnz": 16924996,
                "mbytes": 203.264516,
                "density": 0.01
            },
            "L_inv_memory": {
                "nnz": 16924996,
                "mbytes": 203.264516,
                "density": 0.01
            }
        }
    },
    "results": {
        "20": {
            "coverage": 0.0,
            "recall": {
                "mean": 0.3295859555621537,
                "std": 0.24830163087828222,
                "se": 0.0011104386511357996,
                "min": 0.0,
                "max": 1.0,
                "percentiles": {
                    "1": 0.0,
                    "5": 0.0,
                    "10": 0.0,
                    "25": 0.14285714285714285,
                    "50": 0.2857142857142857,
                    "75": 0.5,
                    "90": 0.6923076923076923,
                    "95": 0.8,
                    "99": 1.0
                }
            },
            "ndcg": {
                "mean": 0.3279766160358414,
                "std": 0.2521902037500761,
                "se": 0.0011278288776893851,
                "min": 0.0,
                "max": 1.0000000000000002,
                "percentiles": {
                    "1": 0.0,
                    "5": 0.0,
                    "10": 0.0,
                    "25": 0.11305340175787204,
                    "50": 0.29248201200419593,
                    "75": 0.5047238794052483,
                    "90": 0.7001664908774154,
                    "95": 0.7974105402108138,
                    "99": 0.9469163883933462
                }
            }
        },
        "50": {
            "coverage": 0.0,
            "recall": {
                "mean": 0.42357030994944633,
                "std": 0.2593877210404978,
                "se": 0.001160017153550611,
                "min": 0.0,
                "max": 1.0,
                "percentiles": {
                    "1": 0.0,
                    "5": 0.0,
                    "10": 0.1111111111111111,
                    "25": 0.21428571428571427,
                    "50": 0.4,
                    "75": 0.6,
                    "90": 0.8,
                    "95": 0.8888888888888888,
                    "99": 1.0
                }
            },
            "ndcg": {
                "mean": 0.36478052805429173,
                "std": 0.24773615324419448,
                "se": 0.0011079097582766479,
                "min": 0.0,
                "max": 1.0000000000000002,
                "percentiles": {
                    "1": 0.0,
                    "5": 0.0,
                    "10": 0.061080020762274374,
                    "25": 0.16019332450528656,
                    "50": 0.33539906716382534,
                    "75": 0.5426880651316314,
                    "90": 0.7229834067276113,
                    "95": 0.8198558884089815,
                    "99": 0.9517926136650118
                }
            }
        },
        "100": {
            "coverage": 0.0,
            "recall": {
                "mean": 0.5035067653129326,
                "std": 0.2588826672007163,
                "se": 0.0011577584841145137,
                "min": 0.0,
                "max": 1.0,
                "percentiles": {
                    "1": 0.0,
                    "5": 0.1111111111111111,
                    "10": 0.16666666666666666,
                    "25": 0.3076923076923077,
                    "50": 0.5,
                    "75": 0.7,
                    "90": 0.8571428571428571,
                    "95": 1.0,
                    "99": 1.0
                }
            },
            "ndcg": {
                "mean": 0.39402283856813536,
                "std": 0.24489516296461092,
                "se": 0.0010952044634995179,
                "min": 0.0,
                "max": 1.0000000000000002,
                "percentiles": {
                    "1": 0.0,
                    "5": 0.04672857054495891,
                    "10": 0.08341630560838557,
                    "25": 0.19482612055561835,
                    "50": 0.3676870053985258,
                    "75": 0.5716374141259759,
                    "90": 0.746239934213023,
                    "95": 0.8345378236006591,
                    "99": 0.9543099909078216
                }
            }
        }
    }
}