{
    "dataset": {
        "folder": "datasets/data",
        "name": "msd",
        "rewrite": false
    },
    "split": {
        "n_val_users": 50000,
        "n_test_users": 50000,
        "seed": 42,
        "target_proportion": 0.2,
        "targets_newest": false
    },
    "model": {
        "general": {
            "model": "SANSA",
            "checkpoints_folder": "models/checkpoints/",
            "retrain": true,
            "save": false
        },
        "model_specific": {
            "l2": 200,
            "target_density": 0.01,
            "ainv_method": "umr",
            "ainv_params": {
                "umr_scans": 4,
                "umr_finetune_steps": 10,
                "umr_loss_threshold": 0.0001
            },
            "ldlt_method": "cholmod",
            "ldlt_params": {}
        }
    },
    "evaluation": {
        "split": "test",
        "metrics": [
            "recall",
            "ndcg"
        ],
        "ks": [
            20,
            50,
            100
        ],
        "experiment_folder": "experiments/sandbox"
    },
    "performance": {
        "time": {
            "ldlt_time": 107.6799994349999,
            "umr_scans_times": [
                15.352299741000024,
                54.31328574500003,
                67.62583361599991,
                62.49928600000021
            ],
            "umr_finetune_step_times": [
                1.6680550399998992,
                1.772523701999944,
                1.8362288450000506,
                1.7835017649999827,
                1.8113506249999318,
                1.84659195800009,
                1.7426113640001404,
                1.812885477000009,
                1.8423530360000768,
                1.9254665280000154
            ],
            "ainv_time": 265.06424225599994,
            "construct_weights_time": 373.925961444,
            "matmat_times": [
                0.03784228900008202,
                4.563217353000027
            ],
            "predict_time": 6.02210153399983,
            "pipeline": {
                "dataset_load_time": 1.2157998080001562,
                "dataset_split_time": 0.0,
                "data_preparation_time": 2.1205181119998997,
                "model_preparation_time": 376.024661639,
                "evaluation_time": 179.0977911099999
            }
        },
        "memory": {
            "L_memory": {
                "nnz": 841088518,
                "mbytes": 10093.22678,
                "density": 0.49695049735905406
            },
            "sparsified L_memory": {
                "nnz": 16924996,
                "mbytes": 203.264516,
                "density": 0.01
            },
            "L_inv_memory": {
                "nnz": 16924996,
                "mbytes": 203.264516,
                "density": 0.01
            }
        }
    },
    "results": {
        "20": {
            "coverage": 0.0,
            "recall": {
                "mean": 0.3303355909114106,
                "std": 0.2514817286847576,
                "se": 0.0011246604808765536,
                "min": 0.0,
                "max": 1.0,
                "percentiles": {
                    "1": 0.0,
                    "5": 0.0,
                    "10": 0.0,
                    "25": 0.14285714285714285,
                    "50": 0.2857142857142857,
                    "75": 0.5,
                    "90": 0.7,
                    "95": 0.8,
                    "99": 1.0
                }
            },
            "ndcg": {
                "mean": 0.3244772860821133,
                "std": 0.2533038835515724,
                "se": 0.0011328094051720136,
                "min": 0.0,
                "max": 1.0000000000000002,
                "percentiles": {
                    "1": 0.0,
                    "5": 0.0,
                    "10": 0.0,
                    "25": 0.10778915452451093,
                    "50": 0.28665233581235483,
                    "75": 0.5005842599692057,
                    "90": 0.6992148198508501,
                    "95": 0.7986001112210863,
                    "99": 0.9526533201221141
                }
            }
        },
        "50": {
            "coverage": 0.0,
            "recall": {
                "mean": 0.4256614277708895,
                "std": 0.26284856546380275,
                "se": 0.001175494520330733,
                "min": 0.0,
                "max": 1.0,
                "percentiles": {
                    "1": 0.0,
                    "5": 0.0,
                    "10": 0.1111111111111111,
                    "25": 0.2222222222222222,
                    "50": 0.4,
                    "75": 0.6,
                    "90": 0.8,
                    "95": 0.9090909090909091,
                    "99": 1.0
                }
            },
            "ndcg": {
                "mean": 0.36125538644874794,
                "std": 0.24874185182149292,
                "se": 0.001112407379044076,
                "min": 0.0,
                "max": 1.0000000000000002,
                "percentiles": {
                    "1": 0.0,
                    "5": 0.0,
                    "10": 0.05919139647768146,
                    "25": 0.15547522392316254,
                    "50": 0.33088886402631523,
                    "75": 0.5385671782906583,
                    "90": 0.7227265726449519,
                    "95": 0.8188648110065043,
                    "99": 0.9558295932317544
                }
            }
        },
        "100": {
            "coverage": 0.0,
            "recall": {
                "mean": 0.5074275329866754,
                "std": 0.26220114714507503,
                "se": 0.0011725991775896254,
                "min": 0.0,
                "max": 1.0,
                "percentiles": {
                    "1": 0.0,
                    "5": 0.1,
                    "10": 0.16666666666666666,
                    "25": 0.3,
                    "50": 0.5,
                    "75": 0.7142857142857143,
                    "90": 0.8571428571428571,
                    "95": 1.0,
                    "99": 1.0
                }
            },
            "ndcg": {
                "mean": 0.3906519259758477,
                "std": 0.245924332378939,
                "se": 0.0010998070490411203,
                "min": 0.0,
                "max": 1.0000000000000002,
                "percentiles": {
                    "1": 0.0,
                    "5": 0.043952675473250685,
                    "10": 0.07972972380278562,
                    "25": 0.1901257519967593,
                    "50": 0.36483504667635025,
                    "75": 0.5675606505306199,
                    "90": 0.7446127411200523,
                    "95": 0.8332362711582879,
                    "99": 0.9568769292202773
                }
            }
        }
    }
}