{
    "dataset": {
        "name": "movielens20",
        "rewrite": false
    },
    "split": {
        "n_val_users": 10000,
        "n_test_users": 10000,
        "seed": 42,
        "target_proportion": 0.2,
        "targets_newest": false
    },
    "model": {
        "general": {
            "model": "EASE",
            "checkpoints_folder": "models/checkpoints/",
            "retrain": true,
            "save": false
        },
        "model_specific": {
            "l2": 500
        }
    },
    "evaluation": {
        "split": "test",
        "metrics": [
            "recall",
            "ndcg"
        ],
        "ks": [
            20,
            50,
            100
        ],
        "experiment_folder": "experiments/sandbox"
    },
    "performance": {
        "time": {
            "construct_weights_time": 48.168015941000704,
            "predict_time": 2.8085002949992486,
            "pipeline": {
                "dataset_load_time": 90.90873185899909,
                "dataset_split_time": 9.764607897999667,
                "data_preparation_time": 101.1100848240003,
                "model_preparation_time": 48.73792086400135,
                "evaluation_time": 20.062130365000485
            }
        },
        "memory": {}
    },
    "results": {
        "20": {
            "coverage": 0.0,
            "recall": {
                "mean": 0.39178439847991703,
                "std": 0.26909492054535866,
                "se": 0.0026909492054535866,
                "min": 0.0,
                "max": 1.0,
                "percentiles": {
                    "1": 0.0,
                    "5": 0.0,
                    "10": 0.0,
                    "25": 0.2,
                    "50": 0.35,
                    "75": 0.5,
                    "90": 0.75,
                    "95": 1.0,
                    "99": 1.0
                }
            },
            "ndcg": {
                "mean": 0.34229253940916854,
                "std": 0.23221461331309082,
                "se": 0.002322146133130908,
                "min": 0.0,
                "max": 1.0,
                "percentiles": {
                    "1": 0.0,
                    "5": 0.0,
                    "10": 0.0,
                    "25": 0.15706732800620313,
                    "50": 0.33627415762678564,
                    "75": 0.5032251913410369,
                    "90": 0.6430176978581458,
                    "95": 0.7420529233053921,
                    "99": 0.9217868789962071
                }
            }
        },
        "50": {
            "coverage": 0.0,
            "recall": {
                "mean": 0.5205584219628943,
                "std": 0.2821364185728211,
                "se": 0.0028213641857282113,
                "min": 0.0,
                "max": 1.0,
                "percentiles": {
                    "1": 0.0,
                    "5": 0.0,
                    "10": 0.16666666666666666,
                    "25": 0.3333333333333333,
                    "50": 0.5,
                    "75": 0.7,
                    "90": 1.0,
                    "95": 1.0,
                    "99": 1.0
                }
            },
            "ndcg": {
                "mean": 0.38326849683884795,
                "std": 0.21855778612781185,
                "se": 0.0021855778612781184,
                "min": 0.0,
                "max": 1.0,
                "percentiles": {
                    "1": 0.0,
                    "5": 0.0,
                    "10": 0.08514356440880375,
                    "25": 0.22430999213639555,
                    "50": 0.3847724046849197,
                    "75": 0.5339907788242546,
                    "90": 0.6618103694786489,
                    "95": 0.7441408240420373,
                    "99": 0.913412336202799
                }
            }
        },
        "100": {
            "coverage": 0.0,
            "recall": {
                "mean": 0.6354633795897463,
                "std": 0.2709514962095733,
                "se": 0.002709514962095733,
                "min": 0.0,
                "max": 1.0,
                "percentiles": {
                    "1": 0.0,
                    "5": 0.07585470085470183,
                    "10": 0.315717375630858,
                    "25": 0.47044117647058825,
                    "50": 0.6363636363636364,
                    "75": 0.8461538461538461,
                    "90": 1.0,
                    "95": 1.0,
                    "99": 1.0
                }
            },
            "ndcg": {
                "mean": 0.42196384381231594,
                "std": 0.21573666198227726,
                "se": 0.0021573666198227725,
                "min": 0.0,
                "max": 1.0,
                "percentiles": {
                    "1": 0.0,
                    "5": 0.03664937535346524,
                    "10": 0.1260771262909111,
                    "25": 0.2648771057814927,
                    "50": 0.43067655807339306,
                    "75": 0.5732325694920971,
                    "90": 0.6979478028905397,
                    "95": 0.7661571870239108,
                    "99": 0.9147665110976237
                }
            }
        }
    }
}