{
    "dataset": {
        "folder": "datasets/data",
        "name": "movielens20",
        "raw_file": "rating.csv",
        "processed_file": "ratings.parquet",
        "rewrite": false
    },
    "split": {
        "n_val_users": 10000,
        "n_test_users": 10000,
        "seed": 42,
        "target_proportion": 0.2,
        "targets_newest": false
    },
    "model": {
        "general": {
            "model": "SANSA",
            "checkpoints_folder": "models/checkpoints/",
            "retrain": false,
            "save": false
        },
        "model_specific": {
            "l2": 593.1683314589116,
            "target_density": 0.01,
            "ainv_method": "umr",
            "ainv_params": {
                "umr_scans": 5,
                "umr_finetune_steps": 10,
                "umr_loss_threshold": 0.0001
            },
            "ldlt_method": "cholmod",
            "ldlt_params": {}
        }
    },
    "evaluation": {
        "split": "test",
        "metrics": [
            "recall",
            "ndcg",
            "coverage"
        ],
        "ks": [
            20,
            50,
            100
        ],
        "experiment_folder": "experiments/temp"
    },
    "performance": {
        "time": {
            "ldlt_time": 27.6951287319971,
            "umr_scans_times": [
                0.33654408299480565,
                3.8282310020003933,
                19.40936786399834,
                27.123029318994668,
                29.169438994998927
            ],
            "umr_finetune_step_times": [
                1.0785224310020567,
                1.022828118999314,
                1.0219335430010688,
                0.9626659679997829,
                0.9725817250000546,
                0.994621507001284,
                0.952312975001405,
                0.9164460440006224,
                0.9196464869964984,
                0.8925755439995555
            ],
            "ainv_time": 106.56374243499886,
            "construct_weights_time": 134.52565035999578,
            "matmat_times": [
                0.3097842660000083,
                11.539177307000017
            ],
            "predict_time": 17.16574450500002,
            "pipeline": {
                "dataset_load_time": 0.8446678550000115,
                "dataset_split_time": 0.0,
                "data_preparation_time": 2.9531182480000098,
                "model_preparation_time": 0.7839111389999971,
                "evaluation_time": 20.238481284999978
            }
        },
        "memory": {
            "L_memory": {
                "nnz": 117492450,
                "mbytes": 1409.992284,
                "density": 0.2736720578479748
            },
            "sparsified L_memory": {
                "nnz": 4293184,
                "mbytes": 51.601092,
                "density": 0.01
            },
            "L_inv_memory": {
                "nnz": 4293184,
                "mbytes": 51.601092,
                "density": 0.01
            }
        }
    },
    "results": {
        "20": {
            "recall": {
                "mean": 0.38800184471831917,
                "std": 0.26905004873382676,
                "se": 0.0026905004873382676,
                "min": 0.0,
                "max": 1.0,
                "percentiles": {
                    "1": 0.0,
                    "5": 0.0,
                    "10": 0.0,
                    "25": 0.2,
                    "50": 0.35,
                    "75": 0.5,
                    "90": 0.75,
                    "95": 1.0,
                    "99": 1.0
                }
            },
            "ndcg": {
                "mean": 0.3388769484396359,
                "std": 0.23126672366237624,
                "se": 0.0023126672366237623,
                "min": 0.0,
                "max": 1.0,
                "percentiles": {
                    "1": 0.0,
                    "5": 0.0,
                    "10": 0.0,
                    "25": 0.15642624200758548,
                    "50": 0.33424620450682646,
                    "75": 0.49917374857550706,
                    "90": 0.6377190848610965,
                    "95": 0.7336029184907291,
                    "99": 0.9197207891481876
                }
            },
            "coverage": 0.10641891891891891
        },
        "50": {
            "recall": {
                "mean": 0.5162795459133086,
                "std": 0.2818298055385733,
                "se": 0.002818298055385733,
                "min": 0.0,
                "max": 1.0,
                "percentiles": {
                    "1": 0.0,
                    "5": 0.0,
                    "10": 0.16666666666666666,
                    "25": 0.3333333333333333,
                    "50": 0.5,
                    "75": 0.6842105263157895,
                    "90": 1.0,
                    "95": 1.0,
                    "99": 1.0
                }
            },
            "ndcg": {
                "mean": 0.3798550534250061,
                "std": 0.21804650747800297,
                "se": 0.0021804650747800297,
                "min": 0.0,
                "max": 1.0,
                "percentiles": {
                    "1": 0.0,
                    "5": 0.0,
                    "10": 0.08358022748310114,
                    "25": 0.221060642137711,
                    "50": 0.382622284353715,
                    "75": 0.5287393241007842,
                    "90": 0.6601396023754075,
                    "95": 0.7413755702212176,
                    "99": 0.9073155094819852
                }
            },
            "coverage": 0.1551158301158301
        },
        "100": {
            "recall": {
                "mean": 0.630851215021568,
                "std": 0.27217476025572046,
                "se": 0.0027217476025572047,
                "min": 0.0,
                "max": 1.0,
                "percentiles": {
                    "1": 0.0,
                    "5": 0.0,
                    "10": 0.3074786324786327,
                    "25": 0.4642857142857143,
                    "50": 0.625,
                    "75": 0.8333333333333334,
                    "90": 1.0,
                    "95": 1.0,
                    "99": 1.0
                }
            },
            "ndcg": {
                "mean": 0.4186641647170061,
                "std": 0.21573621456141423,
                "se": 0.002157362145614142,
                "min": 0.0,
                "max": 1.0,
                "percentiles": {
                    "1": 0.0,
                    "5": 0.0,
                    "10": 0.12492929994772949,
                    "25": 0.26224319789035566,
                    "50": 0.4269388911392261,
                    "75": 0.5698483429082812,
                    "90": 0.6966840215636873,
                    "95": 0.765518705525923,
                    "99": 0.9130804565659516
                }
            },
            "coverage": 0.20897683397683398
        }
    }
}