{
    "dataset": {
        "name": "movielens20",
        "rewrite": false
    },
    "split": {
        "n_val_users": 10000,
        "n_test_users": 10000,
        "seed": 42,
        "target_proportion": 0.2,
        "targets_newest": false
    },
    "model": {
        "general": {
            "model": "SANSA",
            "checkpoints_folder": "models/checkpoints/",
            "retrain": true,
            "save": false
        },
        "model_specific": {
            "l2": 500,
            "target_density": 0.01,
            "ainv_params": {
                "umr_scans": 4,
                "umr_finetune_steps": 10,
                "umr_loss_threshold": 0.0001
            },
            "ldlt_method": "cholmod",
            "ldlt_params": {}
        }
    },
    "evaluation": {
        "split": "test",
        "metrics": [
            "recall",
            "ndcg"
        ],
        "ks": [
            20,
            50,
            100
        ],
        "experiment_folder": "experiments/sandbox"
    },
    "performance": {
        "time": {
            "ldlt_time": 20.07913259599991,
            "umr_scans_times": [
                4.595300858999508,
                9.84845120600039,
                11.97539505199984,
                9.795249763000356
            ],
            "umr_finetune_step_times": [
                0.2746820200000002,
                0.2815169010000318,
                0.283462155000052,
                0.28003032700053154,
                0.27229282099960983,
                0.26745565999954124,
                0.2659807660002116,
                0.2739342200002284,
                0.2652726510004868,
                0.27969331399981456
            ],
            "ainv_time": 48.627765563999674,
            "construct_weights_time": 68.95719127699977,
            "matmat_times": [
                0.017090393000216864,
                2.191908701000102
            ],
            "predict_time": 2.7585121920001257,
            "pipeline": {
                "dataset_load_time": 91.46064056199975,
                "dataset_split_time": 9.918449824000163,
                "data_preparation_time": 101.82168506400012,
                "model_preparation_time": 69.54414841000016,
                "evaluation_time": 18.34693193899966
            }
        },
        "memory": {
            "L_memory": {
                "nnz": 106855136,
                "mbytes": 1282.344516,
                "density": 0.2488948435473532
            },
            "sparsified L_memory": {
                "nnz": 4293184,
                "mbytes": 51.601092,
                "density": 0.01
            },
            "L_inv_memory": {
                "nnz": 4293184,
                "mbytes": 51.601092,
                "density": 0.01
            }
        }
    },
    "results": {
        "20": {
            "coverage": 0.0,
            "recall": {
                "mean": 0.38666987661890917,
                "std": 0.25972496758154384,
                "se": 0.0025972496758154386,
                "min": 0.0,
                "max": 1.0,
                "percentiles": {
                    "1": 0.0,
                    "5": 0.0,
                    "10": 0.0,
                    "25": 0.2,
                    "50": 0.35,
                    "75": 0.5,
                    "90": 0.75,
                    "95": 1.0,
                    "99": 1.0
                }
            },
            "ndcg": {
                "mean": 0.3433759020277613,
                "std": 0.22720028420881774,
                "se": 0.0022720028420881774,
                "min": 0.0,
                "max": 1.0,
                "percentiles": {
                    "1": 0.0,
                    "5": 0.0,
                    "10": 0.0,
                    "25": 0.16569576576522954,
                    "50": 0.3391602052736161,
                    "75": 0.5019810326262483,
                    "90": 0.640959771398755,
                    "95": 0.7359762650935865,
                    "99": 0.8963052716897395
                }
            }
        },
        "50": {
            "coverage": 0.0,
            "recall": {
                "mean": 0.5149729883043125,
                "std": 0.2734653468028587,
                "se": 0.0027346534680285873,
                "min": 0.0,
                "max": 1.0,
                "percentiles": {
                    "1": 0.0,
                    "5": 0.0,
                    "10": 0.2,
                    "25": 0.3333333333333333,
                    "50": 0.5,
                    "75": 0.6666666666666666,
                    "90": 1.0,
                    "95": 1.0,
                    "99": 1.0
                }
            },
            "ndcg": {
                "mean": 0.38559808882087493,
                "std": 0.2151170583023014,
                "se": 0.002151170583023014,
                "min": 0.0,
                "max": 1.0,
                "percentiles": {
                    "1": 0.0,
                    "5": 0.0,
                    "10": 0.09149012142095872,
                    "25": 0.22881836618610818,
                    "50": 0.3891845347249451,
                    "75": 0.5324974996431553,
                    "90": 0.6601651367158583,
                    "95": 0.744113537651661,
                    "99": 0.895257479138719
                }
            }
        },
        "100": {
            "coverage": 0.0,
            "recall": {
                "mean": 0.6268270595115164,
                "std": 0.26394848045018876,
                "se": 0.0026394848045018875,
                "min": 0.0,
                "max": 1.0,
                "percentiles": {
                    "1": 0.0,
                    "5": 0.16666666666666666,
                    "10": 0.31758967001434724,
                    "25": 0.4593486929552504,
                    "50": 0.625,
                    "75": 0.8333333333333334,
                    "90": 1.0,
                    "95": 1.0,
                    "99": 1.0
                }
            },
            "ndcg": {
                "mean": 0.4245327703743383,
                "std": 0.2126232370121858,
                "se": 0.002126232370121858,
                "min": 0.0,
                "max": 1.0,
                "percentiles": {
                    "1": 0.0,
                    "5": 0.06635491608463923,
                    "10": 0.12754356661958802,
                    "25": 0.27101603355236487,
                    "50": 0.4346802395906238,
                    "75": 0.572434556413603,
                    "90": 0.697925451236946,
                    "95": 0.7653606369886217,
                    "99": 0.8995457328784271
                }
            }
        }
    }
}