{
    "dataset": {
        "name": "movielens20",
        "rewrite": false
    },
    "split": {
        "n_val_users": 10000,
        "n_test_users": 10000,
        "seed": 42,
        "target_proportion": 0.2,
        "targets_newest": false
    },
    "model": {
        "general": {
            "model": "EASE",
            "checkpoints_folder": "models/checkpoints/",
            "retrain": true,
            "save": false
        },
        "model_specific": {
            "l2": 600
        }
    },
    "evaluation": {
        "split": "test",
        "metrics": [
            "recall",
            "ndcg"
        ],
        "ks": [
            20,
            50,
            100
        ],
        "experiment_folder": "experiments/accuracy"
    },
    "performance": {
        "time": {
            "construct_weights_time": 43.517354546000206,
            "predict_time": 2.8302266520004196,
            "pipeline": {
                "dataset_load_time": 0.8258752809997532,
                "dataset_split_time": 0.0,
                "data_preparation_time": 2.875874531999216,
                "model_preparation_time": 44.09993517800103,
                "evaluation_time": 20.237819056999797
            }
        },
        "memory": {}
    },
    "results": {
        "20": {
            "coverage": 0.0,
            "recall": {
                "mean": 0.39202655292076344,
                "std": 0.2691236090996302,
                "se": 0.0026912360909963017,
                "min": 0.0,
                "max": 1.0,
                "percentiles": {
                    "1": 0.0,
                    "5": 0.0,
                    "10": 0.0,
                    "25": 0.2,
                    "50": 0.35,
                    "75": 0.5,
                    "90": 0.75,
                    "95": 1.0,
                    "99": 1.0
                }
            },
            "ndcg": {
                "mean": 0.3424220181358483,
                "std": 0.23244168841058208,
                "se": 0.002324416884105821,
                "min": 0.0,
                "max": 1.0,
                "percentiles": {
                    "1": 0.0,
                    "5": 0.0,
                    "10": 0.0,
                    "25": 0.15706732800620313,
                    "50": 0.336449708004666,
                    "75": 0.5043288536527645,
                    "90": 0.6428859121418331,
                    "95": 0.7405751829251244,
                    "99": 0.9214677202258921
                }
            }
        },
        "50": {
            "coverage": 0.0,
            "recall": {
                "mean": 0.5206270680247329,
                "std": 0.28181955278052706,
                "se": 0.0028181955278052707,
                "min": 0.0,
                "max": 1.0,
                "percentiles": {
                    "1": 0.0,
                    "5": 0.0,
                    "10": 0.16666666666666666,
                    "25": 0.3333333333333333,
                    "50": 0.5,
                    "75": 0.7,
                    "90": 1.0,
                    "95": 1.0,
                    "99": 1.0
                }
            },
            "ndcg": {
                "mean": 0.3832787722991,
                "std": 0.21856700958042344,
                "se": 0.0021856700958042346,
                "min": 0.0,
                "max": 1.0,
                "percentiles": {
                    "1": 0.0,
                    "5": 0.0,
                    "10": 0.0859574327152926,
                    "25": 0.2231848739382187,
                    "50": 0.38481317313518826,
                    "75": 0.5338529146533397,
                    "90": 0.6626113016849182,
                    "95": 0.7440852648094429,
                    "99": 0.913412336202799
                }
            }
        },
        "100": {
            "coverage": 0.0,
            "recall": {
                "mean": 0.6359032293985477,
                "std": 0.27095790457428826,
                "se": 0.0027095790457428827,
                "min": 0.0,
                "max": 1.0,
                "percentiles": {
                    "1": 0.0,
                    "5": 0.1,
                    "10": 0.315717375630858,
                    "25": 0.47,
                    "50": 0.6363636363636364,
                    "75": 0.8461538461538461,
                    "90": 1.0,
                    "95": 1.0,
                    "99": 1.0
                }
            },
            "ndcg": {
                "mean": 0.42210602351821264,
                "std": 0.21581349232114685,
                "se": 0.0021581349232114686,
                "min": 0.0,
                "max": 1.0,
                "percentiles": {
                    "1": 0.0,
                    "5": 0.04435960674238466,
                    "10": 0.12506081208330866,
                    "25": 0.26478781049783573,
                    "50": 0.43032641257897175,
                    "75": 0.5731792567821191,
                    "90": 0.6980608220178617,
                    "95": 0.7658781379464956,
                    "99": 0.9154152032190062
                }
            }
        }
    }
}