{
    "dataset": {
        "name": "movielens20",
        "rewrite": false
    },
    "split": {
        "n_val_users": 10000,
        "n_test_users": 10000,
        "seed": 42,
        "target_proportion": 0.2,
        "targets_newest": false
    },
    "model": {
        "general": {
            "model": "MRF",
            "checkpoints_folder": "models/checkpoints/",
            "retrain": true,
            "save": false
        },
        "model_specific": {
            "l2": 1.0,
            "alpha": 0.75,
            "threshold": 0.3,
            "maxInColumn": 1000,
            "rr": 0,
            "sparse_evaluation": false
        }
    },
    "evaluation": {
        "split": "test",
        "metrics": [
            "recall",
            "ndcg"
        ],
        "ks": [
            20,
            50,
            100
        ],
        "experiment_folder": "experiments/accuracy"
    },
    "performance": {
        "time": {
            "sparsity_pattern_time": 3.6338612870004,
            "sparse_estimation_time": 84.07836336900073,
            "sparse_solution_time": 87.71332758900098,
            "construct_weights_time": 96.37524487599876,
            "matmat_times": [
                0.08259148200158961
            ],
            "predict_time": 0.3164942589992279,
            "pipeline": {
                "dataset_load_time": 0.36621299400030694,
                "dataset_split_time": 0.0,
                "data_preparation_time": 0.6015040020010929,
                "model_preparation_time": 96.94300865500009,
                "evaluation_time": 7.002317059001143
            }
        },
        "memory": {
            "density": 0.010038013744577452
        }
    },
    "results": {
        "20": {
            "coverage": 0.0,
            "recall": {
                "mean": 0.3903591239363492,
                "std": 0.267180728580423,
                "se": 0.00267180728580423,
                "min": 0.0,
                "max": 1.0,
                "percentiles": {
                    "1": 0.0,
                    "5": 0.0,
                    "10": 0.0,
                    "25": 0.2,
                    "50": 0.35,
                    "75": 0.5,
                    "90": 0.75,
                    "95": 1.0,
                    "99": 1.0
                }
            },
            "ndcg": {
                "mean": 0.3411985682896918,
                "std": 0.23140037713416986,
                "se": 0.0023140037713416987,
                "min": 0.0,
                "max": 1.0,
                "percentiles": {
                    "1": 0.0,
                    "5": 0.0,
                    "10": 0.0,
                    "25": 0.15731746446312683,
                    "50": 0.33518933754709435,
                    "75": 0.5046659089626666,
                    "90": 0.6397862838413678,
                    "95": 0.7353309455081535,
                    "99": 0.919722930627891
                }
            }
        },
        "50": {
            "coverage": 0.0,
            "recall": {
                "mean": 0.5163842974432237,
                "std": 0.28219948313133153,
                "se": 0.0028219948313133155,
                "min": 0.0,
                "max": 1.0,
                "percentiles": {
                    "1": 0.0,
                    "5": 0.0,
                    "10": 0.16666666666666666,
                    "25": 0.3333333333333333,
                    "50": 0.5,
                    "75": 0.6818181818181818,
                    "90": 1.0,
                    "95": 1.0,
                    "99": 1.0
                }
            },
            "ndcg": {
                "mean": 0.38132065286944383,
                "std": 0.21889519924730097,
                "se": 0.0021889519924730098,
                "min": 0.0,
                "max": 1.0,
                "percentiles": {
                    "1": 0.0,
                    "5": 0.0,
                    "10": 0.08210079624691,
                    "25": 0.22344958694409234,
                    "50": 0.38424914665920645,
                    "75": 0.5336041222005281,
                    "90": 0.6584117523994427,
                    "95": 0.7432533907155985,
                    "99": 0.9079962260799695
                }
            }
        },
        "100": {
            "coverage": 0.0,
            "recall": {
                "mean": 0.6306819160482624,
                "std": 0.27295049176122843,
                "se": 0.002729504917612284,
                "min": 0.0,
                "max": 1.0,
                "percentiles": {
                    "1": 0.0,
                    "5": 0.0,
                    "10": 0.3026009791921665,
                    "25": 0.4666666666666667,
                    "50": 0.631578947368421,
                    "75": 0.8333333333333334,
                    "90": 1.0,
                    "95": 1.0,
                    "99": 1.0
                }
            },
            "ndcg": {
                "mean": 0.419831081393119,
                "std": 0.21642399916285054,
                "se": 0.0021642399916285055,
                "min": 0.0,
                "max": 1.0,
                "percentiles": {
                    "1": 0.0,
                    "5": 0.0,
                    "10": 0.12155021559723776,
                    "25": 0.2643033108776959,
                    "50": 0.4306869040133593,
                    "75": 0.5724382614607542,
                    "90": 0.6943481260065666,
                    "95": 0.7653606369886217,
                    "99": 0.9139624034977202
                }
            }
        }
    }
}