{
    "dataset": {
        "name": "movielens20",
        "rewrite": false
    },
    "split": {
        "n_val_users": 10000,
        "n_test_users": 10000,
        "seed": 42,
        "target_proportion": 0.2,
        "targets_newest": false
    },
    "model": {
        "general": {
            "model": "MRF",
            "checkpoints_folder": "models/checkpoints/",
            "retrain": true,
            "save": false
        },
        "model_specific": {
            "l2": 1.0,
            "alpha": 0.75,
            "threshold": 0.458,
            "maxInColumn": 1000,
            "rr": 0.1,
            "sparse_evaluation": false
        }
    },
    "evaluation": {
        "split": "test",
        "metrics": [
            "recall",
            "ndcg"
        ],
        "ks": [
            20,
            50,
            100
        ],
        "experiment_folder": "experiments/accuracy"
    },
    "performance": {
        "time": {
            "sparsity_pattern_time": 2.3853490159999637,
            "sparse_estimation_time": 11.232897546999084,
            "sparse_solution_time": 13.619377830998928,
            "construct_weights_time": 22.13523763900048,
            "matmat_times": [
                0.04394033799871977
            ],
            "predict_time": 0.207850053000584,
            "pipeline": {
                "dataset_load_time": 0.3881524040007207,
                "dataset_split_time": 0.0,
                "data_preparation_time": 0.6248106519997236,
                "model_preparation_time": 22.70401848399888,
                "evaluation_time": 6.346714986000734
            }
        },
        "memory": {
            "density": 0.005013894116814001
        }
    },
    "results": {
        "20": {
            "coverage": 0.0,
            "recall": {
                "mean": 0.3841071300010619,
                "std": 0.26559167047072274,
                "se": 0.0026559167047072274,
                "min": 0.0,
                "max": 1.0,
                "percentiles": {
                    "1": 0.0,
                    "5": 0.0,
                    "10": 0.0,
                    "25": 0.2,
                    "50": 0.35,
                    "75": 0.5,
                    "90": 0.75,
                    "95": 1.0,
                    "99": 1.0
                }
            },
            "ndcg": {
                "mean": 0.3362292358822147,
                "std": 0.22877007262698587,
                "se": 0.0022877007262698586,
                "min": 0.0,
                "max": 1.0,
                "percentiles": {
                    "1": 0.0,
                    "5": 0.0,
                    "10": 0.0,
                    "25": 0.1532867981913646,
                    "50": 0.3320200411723151,
                    "75": 0.4984214956186159,
                    "90": 0.6318300567207387,
                    "95": 0.7227926979874676,
                    "99": 0.9090456466307347
                }
            }
        },
        "50": {
            "coverage": 0.0,
            "recall": {
                "mean": 0.5105381324805202,
                "std": 0.28158666114146713,
                "se": 0.0028158666114146713,
                "min": 0.0,
                "max": 1.0,
                "percentiles": {
                    "1": 0.0,
                    "5": 0.0,
                    "10": 0.16666666666666666,
                    "25": 0.3333333333333333,
                    "50": 0.5,
                    "75": 0.6666666666666666,
                    "90": 1.0,
                    "95": 1.0,
                    "99": 1.0
                }
            },
            "ndcg": {
                "mean": 0.37703007862756766,
                "std": 0.21755128922513958,
                "se": 0.0021755128922513957,
                "min": 0.0,
                "max": 1.0,
                "percentiles": {
                    "1": 0.0,
                    "5": 0.0,
                    "10": 0.07977083677333684,
                    "25": 0.21840743681816419,
                    "50": 0.38207401486399045,
                    "75": 0.5274912504673492,
                    "90": 0.6504502218947761,
                    "95": 0.7372731646616567,
                    "99": 0.9073480390021669
                }
            }
        },
        "100": {
            "coverage": 0.0,
            "recall": {
                "mean": 0.6234952685893093,
                "std": 0.2735549656910635,
                "se": 0.002735549656910635,
                "min": 0.0,
                "max": 1.0,
                "percentiles": {
                    "1": 0.0,
                    "5": 0.0,
                    "10": 0.2916666666666667,
                    "25": 0.45714285714285713,
                    "50": 0.6190476190476191,
                    "75": 0.8333333333333334,
                    "90": 1.0,
                    "95": 1.0,
                    "99": 1.0
                }
            },
            "ndcg": {
                "mean": 0.41532773034965187,
                "std": 0.215789206948718,
                "se": 0.00215789206948718,
                "min": 0.0,
                "max": 1.0,
                "percentiles": {
                    "1": 0.0,
                    "5": 0.0,
                    "10": 0.11480929472601784,
                    "25": 0.2612507488070189,
                    "50": 0.425110947661799,
                    "75": 0.5674819512448525,
                    "90": 0.6902737590213479,
                    "95": 0.7581344527819703,
                    "99": 0.9090046411413939
                }
            }
        }
    }
}