{
    "dataset": {
        "name": "movielens20",
        "rewrite": false
    },
    "split": {
        "n_val_users": 10000,
        "n_test_users": 10000,
        "seed": 42,
        "target_proportion": 0.2,
        "targets_newest": false
    },
    "model": {
        "general": {
            "model": "MRF",
            "checkpoints_folder": "models/checkpoints/",
            "retrain": true,
            "save": false
        },
        "model_specific": {
            "l2": 1.0,
            "alpha": 0.75,
            "threshold": 0.175,
            "maxInColumn": 1000,
            "rr": 0.1,
            "sparse_evaluation": false
        }
    },
    "evaluation": {
        "split": "test",
        "metrics": [
            "recall",
            "ndcg"
        ],
        "ks": [
            20,
            50,
            100
        ],
        "experiment_folder": "experiments/accuracy"
    },
    "performance": {
        "time": {
            "sparsity_pattern_time": 9.122574214999986,
            "sparse_estimation_time": 62.20173176799835,
            "sparse_solution_time": 71.3259082379991,
            "construct_weights_time": 80.02456481400077,
            "matmat_times": [
                0.11042380499930005
            ],
            "predict_time": 0.4351169759993354,
            "pipeline": {
                "dataset_load_time": 0.39064234100078465,
                "dataset_split_time": 0.0,
                "data_preparation_time": 0.6254855340012,
                "model_preparation_time": 80.59178511900063,
                "evaluation_time": 7.762812588000088
            }
        },
        "memory": {
            "density": 0.02003746403601616
        }
    },
    "results": {
        "20": {
            "coverage": 0.0,
            "recall": {
                "mean": 0.38940161318471694,
                "std": 0.266404053530809,
                "se": 0.00266404053530809,
                "min": 0.0,
                "max": 1.0,
                "percentiles": {
                    "1": 0.0,
                    "5": 0.0,
                    "10": 0.0,
                    "25": 0.2,
                    "50": 0.35294117647058826,
                    "75": 0.5,
                    "90": 0.75,
                    "95": 1.0,
                    "99": 1.0
                }
            },
            "ndcg": {
                "mean": 0.3400876734052732,
                "std": 0.22998034952537688,
                "se": 0.002299803495253769,
                "min": 0.0,
                "max": 1.0,
                "percentiles": {
                    "1": 0.0,
                    "5": 0.0,
                    "10": 0.0,
                    "25": 0.15693994437792994,
                    "50": 0.33424620450682646,
                    "75": 0.504424915831934,
                    "90": 0.6366824387328317,
                    "95": 0.7287742935677827,
                    "99": 0.9197207891481876
                }
            }
        },
        "50": {
            "coverage": 0.0,
            "recall": {
                "mean": 0.5163703327265099,
                "std": 0.28193345516589413,
                "se": 0.0028193345516589413,
                "min": 0.0,
                "max": 1.0,
                "percentiles": {
                    "1": 0.0,
                    "5": 0.0,
                    "10": 0.16666666666666666,
                    "25": 0.3333333333333333,
                    "50": 0.5,
                    "75": 0.6789285714285714,
                    "90": 1.0,
                    "95": 1.0,
                    "99": 1.0
                }
            },
            "ndcg": {
                "mean": 0.38098831332791094,
                "std": 0.21839604277139624,
                "se": 0.0021839604277139623,
                "min": 0.0,
                "max": 1.0,
                "percentiles": {
                    "1": 0.0,
                    "5": 0.0,
                    "10": 0.08173073051309682,
                    "25": 0.22151210509760222,
                    "50": 0.38364913903790027,
                    "75": 0.5332120285775419,
                    "90": 0.6548758689316589,
                    "95": 0.7405364877561186,
                    "99": 0.9197207891481876
                }
            }
        },
        "100": {
            "coverage": 0.0,
            "recall": {
                "mean": 0.6314726154688848,
                "std": 0.2728391589822122,
                "se": 0.0027283915898221223,
                "min": 0.0,
                "max": 1.0,
                "percentiles": {
                    "1": 0.0,
                    "5": 0.0,
                    "10": 0.3076923076923077,
                    "25": 0.4666666666666667,
                    "50": 0.6363636363636364,
                    "75": 0.8333333333333334,
                    "90": 1.0,
                    "95": 1.0,
                    "99": 1.0
                }
            },
            "ndcg": {
                "mean": 0.41978391778009383,
                "std": 0.2161231793988519,
                "se": 0.002161231793988519,
                "min": 0.0,
                "max": 1.0,
                "percentiles": {
                    "1": 0.0,
                    "5": 0.0,
                    "10": 0.12351510022104992,
                    "25": 0.2660608458464826,
                    "50": 0.42823955930309154,
                    "75": 0.5738512283863035,
                    "90": 0.6959345727095517,
                    "95": 0.7644783174318305,
                    "99": 0.9197207891481876
                }
            }
        }
    }
}