{
    "dataset": {
        "name": "movielens20",
        "rewrite": false
    },
    "split": {
        "n_val_users": 10000,
        "n_test_users": 10000,
        "seed": 42,
        "target_proportion": 0.2,
        "targets_newest": false
    },
    "model": {
        "general": {
            "model": "MRF",
            "checkpoints_folder": "models/checkpoints/",
            "retrain": true,
            "save": false
        },
        "model_specific": {
            "l2": 1.0,
            "alpha": 0.75,
            "threshold": 0.175,
            "maxInColumn": 1000,
            "rr": 0,
            "sparse_evaluation": false
        }
    },
    "evaluation": {
        "split": "test",
        "metrics": [
            "recall",
            "ndcg"
        ],
        "ks": [
            20,
            50,
            100
        ],
        "experiment_folder": "experiments/accuracy"
    },
    "performance": {
        "time": {
            "sparsity_pattern_time": 9.106867692999003,
            "sparse_estimation_time": 190.46301261400185,
            "sparse_solution_time": 199.57179886000085,
            "construct_weights_time": 208.28314852700169,
            "matmat_times": [
                0.1224399490020005
            ],
            "predict_time": 0.4605674459999136,
            "pipeline": {
                "dataset_load_time": 0.39163744500001485,
                "dataset_split_time": 0.0,
                "data_preparation_time": 0.6251067900011549,
                "model_preparation_time": 208.856517092001,
                "evaluation_time": 7.933125668001594
            }
        },
        "memory": {
            "density": 0.02003746403601616
        }
    },
    "results": {
        "20": {
            "coverage": 0.0,
            "recall": {
                "mean": 0.39009343246279005,
                "std": 0.26741612441537654,
                "se": 0.0026741612441537653,
                "min": 0.0,
                "max": 1.0,
                "percentiles": {
                    "1": 0.0,
                    "5": 0.0,
                    "10": 0.0,
                    "25": 0.2,
                    "50": 0.35,
                    "75": 0.5,
                    "90": 0.75,
                    "95": 1.0,
                    "99": 1.0
                }
            },
            "ndcg": {
                "mean": 0.34108928596217214,
                "std": 0.23143713552561676,
                "se": 0.0023143713552561678,
                "min": 0.0,
                "max": 1.0,
                "percentiles": {
                    "1": 0.0,
                    "5": 0.0,
                    "10": 0.0,
                    "25": 0.15693994437792994,
                    "50": 0.33529530548326497,
                    "75": 0.5043665941906006,
                    "90": 0.6388506501330173,
                    "95": 0.7353309455081535,
                    "99": 0.9213778644011053
                }
            }
        },
        "50": {
            "coverage": 0.0,
            "recall": {
                "mean": 0.5164543589814675,
                "std": 0.2824888617843633,
                "se": 0.002824888617843633,
                "min": 0.0,
                "max": 1.0,
                "percentiles": {
                    "1": 0.0,
                    "5": 0.0,
                    "10": 0.16666666666666666,
                    "25": 0.3333333333333333,
                    "50": 0.5,
                    "75": 0.6875,
                    "90": 1.0,
                    "95": 1.0,
                    "99": 1.0
                }
            },
            "ndcg": {
                "mean": 0.3812940195479128,
                "std": 0.21912002029288674,
                "se": 0.002191200202928867,
                "min": 0.0,
                "max": 1.0,
                "percentiles": {
                    "1": 0.0,
                    "5": 0.0,
                    "10": 0.08210079624691,
                    "25": 0.22290047956862077,
                    "50": 0.38421590333091493,
                    "75": 0.5328496570209476,
                    "90": 0.6591010499709322,
                    "95": 0.7429480470593015,
                    "99": 0.9079962260799695
                }
            }
        },
        "100": {
            "coverage": 0.0,
            "recall": {
                "mean": 0.6303672946896519,
                "std": 0.27398526190685113,
                "se": 0.0027398526190685114,
                "min": 0.0,
                "max": 1.0,
                "percentiles": {
                    "1": 0.0,
                    "5": 0.0,
                    "10": 0.3,
                    "25": 0.46551724137931033,
                    "50": 0.631578947368421,
                    "75": 0.8333333333333334,
                    "90": 1.0,
                    "95": 1.0,
                    "99": 1.0
                }
            },
            "ndcg": {
                "mean": 0.4197216888188377,
                "std": 0.2168571934765811,
                "se": 0.002168571934765811,
                "min": 0.0,
                "max": 1.0,
                "percentiles": {
                    "1": 0.0,
                    "5": 0.0,
                    "10": 0.12075966316917221,
                    "25": 0.2640681225725909,
                    "50": 0.43067655807339306,
                    "75": 0.5718169778223776,
                    "90": 0.6959579703658121,
                    "95": 0.7653606369886217,
                    "99": 0.9168680804290337
                }
            }
        }
    }
}