{
    "dataset": {
        "name": "movielens20",
        "rewrite": false
    },
    "split": {
        "n_val_users": 10000,
        "n_test_users": 10000,
        "seed": 42,
        "target_proportion": 0.2,
        "targets_newest": false
    },
    "model": {
        "general": {
            "model": "MRF",
            "checkpoints_folder": "models/checkpoints/",
            "retrain": true,
            "save": false
        },
        "model_specific": {
            "l2": 1.0,
            "alpha": 0.75,
            "threshold": 0.3,
            "maxInColumn": 1000,
            "rr": 0.5,
            "sparse_evaluation": false
        }
    },
    "evaluation": {
        "split": "test",
        "metrics": [
            "recall",
            "ndcg"
        ],
        "ks": [
            20,
            50,
            100
        ],
        "experiment_folder": "experiments/accuracy"
    },
    "performance": {
        "time": {
            "sparsity_pattern_time": 3.6318400550007937,
            "sparse_estimation_time": 20.146064810000098,
            "sparse_solution_time": 23.77927673600061,
            "construct_weights_time": 32.37893793799958,
            "matmat_times": [
                0.07494114099972649
            ],
            "predict_time": 0.2956844580003235,
            "pipeline": {
                "dataset_load_time": 0.36484092499995313,
                "dataset_split_time": 0.0,
                "data_preparation_time": 0.600341618001039,
                "model_preparation_time": 32.94959189099973,
                "evaluation_time": 6.856821544000923
            }
        },
        "memory": {
            "density": 0.010038013744577452
        }
    },
    "results": {
        "20": {
            "coverage": 0.0,
            "recall": {
                "mean": 0.38482657140202425,
                "std": 0.26501640924068054,
                "se": 0.0026501640924068053,
                "min": 0.0,
                "max": 1.0,
                "percentiles": {
                    "1": 0.0,
                    "5": 0.0,
                    "10": 0.0,
                    "25": 0.2,
                    "50": 0.35,
                    "75": 0.5,
                    "90": 0.75,
                    "95": 1.0,
                    "99": 1.0
                }
            },
            "ndcg": {
                "mean": 0.3354085327277098,
                "std": 0.22808938842222934,
                "se": 0.0022808938842222935,
                "min": 0.0,
                "max": 1.0,
                "percentiles": {
                    "1": 0.0,
                    "5": 0.0,
                    "10": 0.0,
                    "25": 0.15693994437792994,
                    "50": 0.3299165090400056,
                    "75": 0.4943895347464883,
                    "90": 0.6309297535714575,
                    "95": 0.7223167362203397,
                    "99": 0.9134161453704228
                }
            }
        },
        "50": {
            "coverage": 0.0,
            "recall": {
                "mean": 0.5126705969362132,
                "std": 0.2821478204784072,
                "se": 0.002821478204784072,
                "min": 0.0,
                "max": 1.0,
                "percentiles": {
                    "1": 0.0,
                    "5": 0.0,
                    "10": 0.1662790697674422,
                    "25": 0.3333333333333333,
                    "50": 0.5,
                    "75": 0.6666666666666666,
                    "90": 1.0,
                    "95": 1.0,
                    "99": 1.0
                }
            },
            "ndcg": {
                "mean": 0.3770553941143401,
                "std": 0.21734992180635992,
                "se": 0.002173499218063599,
                "min": 0.0,
                "max": 1.0,
                "percentiles": {
                    "1": 0.0,
                    "5": 0.0,
                    "10": 0.08035849674662018,
                    "25": 0.220470110744734,
                    "50": 0.38005247865552694,
                    "75": 0.5275179716232067,
                    "90": 0.6508205185601091,
                    "95": 0.7392207766809475,
                    "99": 0.906812312550192
                }
            }
        },
        "100": {
            "coverage": 0.0,
            "recall": {
                "mean": 0.6282439880524464,
                "std": 0.27356875914889217,
                "se": 0.0027356875914889217,
                "min": 0.0,
                "max": 1.0,
                "percentiles": {
                    "1": 0.0,
                    "5": 0.0,
                    "10": 0.29411764705882354,
                    "25": 0.46153846153846156,
                    "50": 0.625,
                    "75": 0.8333333333333334,
                    "90": 1.0,
                    "95": 1.0,
                    "99": 1.0
                }
            },
            "ndcg": {
                "mean": 0.41615947199445097,
                "std": 0.2152185470931307,
                "se": 0.002152185470931307,
                "min": 0.0,
                "max": 1.0,
                "percentiles": {
                    "1": 0.0,
                    "5": 0.0,
                    "10": 0.12103363824976915,
                    "25": 0.26264953503719357,
                    "50": 0.4269839011340625,
                    "75": 0.5676989785633836,
                    "90": 0.6898711341889692,
                    "95": 0.7586973561540382,
                    "99": 0.9098784395352878
                }
            }
        }
    }
}