{
    "dataset": {
        "name": "movielens20",
        "rewrite": false
    },
    "split": {
        "n_val_users": 10000,
        "n_test_users": 10000,
        "seed": 42,
        "target_proportion": 0.2,
        "targets_newest": false
    },
    "model": {
        "general": {
            "model": "MRF",
            "checkpoints_folder": "models/checkpoints/",
            "retrain": true,
            "save": false
        },
        "model_specific": {
            "l2": 1.0,
            "alpha": 0.75,
            "threshold": 0.458,
            "maxInColumn": 1000,
            "rr": 0.5,
            "sparse_evaluation": false
        }
    },
    "evaluation": {
        "split": "test",
        "metrics": [
            "recall",
            "ndcg"
        ],
        "ks": [
            20,
            50,
            100
        ],
        "experiment_folder": "experiments/accuracy"
    },
    "performance": {
        "time": {
            "sparsity_pattern_time": 2.3793078729995614,
            "sparse_estimation_time": 10.0650872719998,
            "sparse_solution_time": 12.445523206999496,
            "construct_weights_time": 21.14111086900084,
            "matmat_times": [
                0.04665092199866194
            ],
            "predict_time": 0.2060530809994816,
            "pipeline": {
                "dataset_load_time": 0.3936993730003451,
                "dataset_split_time": 0.0,
                "data_preparation_time": 0.6387008209985652,
                "model_preparation_time": 21.714418038000076,
                "evaluation_time": 6.343080867000026
            }
        },
        "memory": {
            "density": 0.005013894116814001
        }
    },
    "results": {
        "20": {
            "coverage": 0.0,
            "recall": {
                "mean": 0.3799597116742047,
                "std": 0.2648892905208959,
                "se": 0.002648892905208959,
                "min": 0.0,
                "max": 1.0,
                "percentiles": {
                    "1": 0.0,
                    "5": 0.0,
                    "10": 0.0,
                    "25": 0.2,
                    "50": 0.35,
                    "75": 0.5,
                    "90": 0.75,
                    "95": 1.0,
                    "99": 1.0
                }
            },
            "ndcg": {
                "mean": 0.3313090818288873,
                "std": 0.22681033987260077,
                "se": 0.0022681033987260076,
                "min": 0.0,
                "max": 1.0,
                "percentiles": {
                    "1": 0.0,
                    "5": 0.0,
                    "10": 0.0,
                    "25": 0.15085805282121612,
                    "50": 0.3260595412115671,
                    "75": 0.4889893133643292,
                    "90": 0.6282459077105171,
                    "95": 0.71128377007902,
                    "99": 0.9066607997998403
                }
            }
        },
        "50": {
            "coverage": 0.0,
            "recall": {
                "mean": 0.5075977875697618,
                "std": 0.2818025475300912,
                "se": 0.002818025475300912,
                "min": 0.0,
                "max": 1.0,
                "percentiles": {
                    "1": 0.0,
                    "5": 0.0,
                    "10": 0.16,
                    "25": 0.3333333333333333,
                    "50": 0.5,
                    "75": 0.6666666666666666,
                    "90": 1.0,
                    "95": 1.0,
                    "99": 1.0
                }
            },
            "ndcg": {
                "mean": 0.3732230782473092,
                "std": 0.2168343109171611,
                "se": 0.002168343109171611,
                "min": 0.0,
                "max": 1.0,
                "percentiles": {
                    "1": 0.0,
                    "5": 0.0,
                    "10": 0.0780137606047623,
                    "25": 0.21533827903669653,
                    "50": 0.3777715788936575,
                    "75": 0.5231121975152566,
                    "90": 0.6478082749800301,
                    "95": 0.7342849399540637,
                    "99": 0.9074079161642312
                }
            }
        },
        "100": {
            "coverage": 0.0,
            "recall": {
                "mean": 0.62180836937976,
                "std": 0.2739166258806115,
                "se": 0.002739166258806115,
                "min": 0.0,
                "max": 1.0,
                "percentiles": {
                    "1": 0.0,
                    "5": 0.0,
                    "10": 0.2857142857142857,
                    "25": 0.45454545454545453,
                    "50": 0.6153846153846154,
                    "75": 0.8333333333333334,
                    "90": 1.0,
                    "95": 1.0,
                    "99": 1.0
                }
            },
            "ndcg": {
                "mean": 0.4119268785220171,
                "std": 0.21507213754005736,
                "se": 0.0021507213754005734,
                "min": 0.0,
                "max": 1.0,
                "percentiles": {
                    "1": 0.0,
                    "5": 0.0,
                    "10": 0.1176806657446284,
                    "25": 0.25734114364062943,
                    "50": 0.4199798112168293,
                    "75": 0.5652964686827167,
                    "90": 0.6857007511898097,
                    "95": 0.7553761393758769,
                    "99": 0.9114398834202615
                }
            }
        }
    }
}