{
    "dataset": {
        "name": "movielens20",
        "rewrite": false
    },
    "split": {
        "n_val_users": 10000,
        "n_test_users": 10000,
        "seed": 42,
        "target_proportion": 0.2,
        "targets_newest": false
    },
    "model": {
        "general": {
            "model": "MRF",
            "checkpoints_folder": "models/checkpoints/",
            "retrain": true,
            "save": false
        },
        "model_specific": {
            "l2": 1.0,
            "alpha": 0.75,
            "threshold": 0.458,
            "maxInColumn": 1000,
            "rr": 0,
            "sparse_evaluation": false
        }
    },
    "evaluation": {
        "split": "test",
        "metrics": [
            "recall",
            "ndcg"
        ],
        "ks": [
            20,
            50,
            100
        ],
        "experiment_folder": "experiments/accuracy"
    },
    "performance": {
        "time": {
            "sparsity_pattern_time": 2.377547557000071,
            "sparse_estimation_time": 37.896791389999635,
            "sparse_solution_time": 40.275677458001155,
            "construct_weights_time": 48.89898556499975,
            "matmat_times": [
                0.047760989000380505
            ],
            "predict_time": 0.2127470870000252,
            "pipeline": {
                "dataset_load_time": 0.3825349959988671,
                "dataset_split_time": 0.0,
                "data_preparation_time": 0.6134243340002286,
                "model_preparation_time": 49.46355058199879,
                "evaluation_time": 6.369597622999208
            }
        },
        "memory": {
            "density": 0.005013894116814001
        }
    },
    "results": {
        "20": {
            "coverage": 0.0,
            "recall": {
                "mean": 0.39035195300227804,
                "std": 0.2679822964709264,
                "se": 0.002679822964709264,
                "min": 0.0,
                "max": 1.0,
                "percentiles": {
                    "1": 0.0,
                    "5": 0.0,
                    "10": 0.0,
                    "25": 0.2,
                    "50": 0.35,
                    "75": 0.5,
                    "90": 0.75,
                    "95": 1.0,
                    "99": 1.0
                }
            },
            "ndcg": {
                "mean": 0.3413926441365077,
                "std": 0.23176445023212075,
                "se": 0.0023176445023212074,
                "min": 0.0,
                "max": 1.0,
                "percentiles": {
                    "1": 0.0,
                    "5": 0.0,
                    "10": 0.0,
                    "25": 0.15742963480581557,
                    "50": 0.33518031180876073,
                    "75": 0.5045638877952355,
                    "90": 0.6399736522428485,
                    "95": 0.7365903758178582,
                    "99": 0.9197207891481876
                }
            }
        },
        "50": {
            "coverage": 0.0,
            "recall": {
                "mean": 0.5154565552005017,
                "std": 0.2815744476874644,
                "se": 0.002815744476874644,
                "min": 0.0,
                "max": 1.0,
                "percentiles": {
                    "1": 0.0,
                    "5": 0.0,
                    "10": 0.16666666666666666,
                    "25": 0.3333333333333333,
                    "50": 0.5,
                    "75": 0.6666666666666666,
                    "90": 1.0,
                    "95": 1.0,
                    "99": 1.0
                }
            },
            "ndcg": {
                "mean": 0.3812328171352853,
                "std": 0.2191246955573135,
                "se": 0.002191246955573135,
                "min": 0.0,
                "max": 1.0,
                "percentiles": {
                    "1": 0.0,
                    "5": 0.0,
                    "10": 0.08210079624691,
                    "25": 0.22145768977709285,
                    "50": 0.384892729806979,
                    "75": 0.5330598903958047,
                    "90": 0.6583892797063366,
                    "95": 0.745184550244417,
                    "99": 0.9134310877418708
                }
            }
        },
        "100": {
            "coverage": 0.0,
            "recall": {
                "mean": 0.6294022691967767,
                "std": 0.27278529873358387,
                "se": 0.0027278529873358387,
                "min": 0.0,
                "max": 1.0,
                "percentiles": {
                    "1": 0.0,
                    "5": 0.0,
                    "10": 0.3,
                    "25": 0.4666666666666667,
                    "50": 0.625,
                    "75": 0.8333333333333334,
                    "90": 1.0,
                    "95": 1.0,
                    "99": 1.0
                }
            },
            "ndcg": {
                "mean": 0.4195242811738316,
                "std": 0.21642933097067568,
                "se": 0.0021642933097067566,
                "min": 0.0,
                "max": 1.0,
                "percentiles": {
                    "1": 0.0,
                    "5": 0.0,
                    "10": 0.12283386884757963,
                    "25": 0.2640681225725909,
                    "50": 0.43067655807339306,
                    "75": 0.5716706387295685,
                    "90": 0.6951928014235021,
                    "95": 0.7653606369886217,
                    "99": 0.9197207891481876
                }
            }
        }
    }
}