{
    "dataset": {
        "name": "movielens20",
        "rewrite": false
    },
    "split": {
        "n_val_users": 10000,
        "n_test_users": 10000,
        "seed": 42,
        "target_proportion": 0.2,
        "targets_newest": false
    },
    "model": {
        "general": {
            "model": "MRF",
            "checkpoints_folder": "models/checkpoints/",
            "retrain": true,
            "save": false
        },
        "model_specific": {
            "l2": 1.0,
            "alpha": 0.75,
            "threshold": 0.175,
            "maxInColumn": 1000,
            "rr": 0.5,
            "sparse_evaluation": false
        }
    },
    "evaluation": {
        "split": "test",
        "metrics": [
            "recall",
            "ndcg"
        ],
        "ks": [
            20,
            50,
            100
        ],
        "experiment_folder": "experiments/accuracy"
    },
    "performance": {
        "time": {
            "sparsity_pattern_time": 9.153593753000678,
            "sparse_estimation_time": 54.00597733499853,
            "sparse_solution_time": 63.161311063999165,
            "construct_weights_time": 71.86439084000085,
            "matmat_times": [
                0.11383832399951643
            ],
            "predict_time": 0.43593102599879785,
            "pipeline": {
                "dataset_load_time": 0.39534048799941957,
                "dataset_split_time": 0.0,
                "data_preparation_time": 0.6298747150012787,
                "model_preparation_time": 72.43957970699921,
                "evaluation_time": 7.7628102189992205
            }
        },
        "memory": {
            "density": 0.02003746403601616
        }
    },
    "results": {
        "20": {
            "coverage": 0.0,
            "recall": {
                "mean": 0.386190762343092,
                "std": 0.26614794960119126,
                "se": 0.0026614794960119125,
                "min": 0.0,
                "max": 1.0,
                "percentiles": {
                    "1": 0.0,
                    "5": 0.0,
                    "10": 0.0,
                    "25": 0.2,
                    "50": 0.35,
                    "75": 0.5,
                    "90": 0.75,
                    "95": 1.0,
                    "99": 1.0
                }
            },
            "ndcg": {
                "mean": 0.33682466950831097,
                "std": 0.22836486423906316,
                "se": 0.0022836486423906317,
                "min": 0.0,
                "max": 1.0,
                "percentiles": {
                    "1": 0.0,
                    "5": 0.0,
                    "10": 0.0,
                    "25": 0.15642624200758548,
                    "50": 0.3332215947968644,
                    "75": 0.4944396087201531,
                    "90": 0.6315208823566308,
                    "95": 0.7249726498489275,
                    "99": 0.9074036984106663
                }
            }
        },
        "50": {
            "coverage": 0.0,
            "recall": {
                "mean": 0.51486399837641,
                "std": 0.2817985397001847,
                "se": 0.002817985397001847,
                "min": 0.0,
                "max": 1.0,
                "percentiles": {
                    "1": 0.0,
                    "5": 0.0,
                    "10": 0.16666666666666666,
                    "25": 0.3333333333333333,
                    "50": 0.5,
                    "75": 0.6666666666666666,
                    "90": 1.0,
                    "95": 1.0,
                    "99": 1.0
                }
            },
            "ndcg": {
                "mean": 0.3785593864926562,
                "std": 0.21738546217501734,
                "se": 0.0021738546217501733,
                "min": 0.0,
                "max": 1.0,
                "percentiles": {
                    "1": 0.0,
                    "5": 0.0,
                    "10": 0.08209797140846753,
                    "25": 0.22106472945750374,
                    "50": 0.3821418239187723,
                    "75": 0.5291836931436025,
                    "90": 0.6509401234854384,
                    "95": 0.7418164272399115,
                    "99": 0.9086268447133934
                }
            }
        },
        "100": {
            "coverage": 0.0,
            "recall": {
                "mean": 0.6309766009337839,
                "std": 0.2734395292986332,
                "se": 0.002734395292986332,
                "min": 0.0,
                "max": 1.0,
                "percentiles": {
                    "1": 0.0,
                    "5": 0.0,
                    "10": 0.3,
                    "25": 0.4666666666666667,
                    "50": 0.633739837398374,
                    "75": 0.8333333333333334,
                    "90": 1.0,
                    "95": 1.0,
                    "99": 1.0
                }
            },
            "ndcg": {
                "mean": 0.417906005261401,
                "std": 0.21546774552444972,
                "se": 0.0021546774552444973,
                "min": 0.0,
                "max": 1.0,
                "percentiles": {
                    "1": 0.0,
                    "5": 0.0,
                    "10": 0.12011565579805131,
                    "25": 0.2640681225725909,
                    "50": 0.4271863714517531,
                    "75": 0.5707669501515725,
                    "90": 0.6922365323192932,
                    "95": 0.7638076145745204,
                    "99": 0.9112868753303746
                }
            }
        }
    }
}