{
    "dataset": {
        "name": "movielens20",
        "rewrite": false
    },
    "split": {
        "n_val_users": 10000,
        "n_test_users": 10000,
        "seed": 42,
        "target_proportion": 0.2,
        "targets_newest": false
    },
    "model": {
        "general": {
            "model": "MRF",
            "checkpoints_folder": "models/checkpoints/",
            "retrain": true,
            "save": false
        },
        "model_specific": {
            "l2": 1.0,
            "alpha": 0.75,
            "threshold": 0.3,
            "maxInColumn": 1000,
            "rr": 0.1,
            "sparse_evaluation": false
        }
    },
    "evaluation": {
        "split": "test",
        "metrics": [
            "recall",
            "ndcg"
        ],
        "ks": [
            20,
            50,
            100
        ],
        "experiment_folder": "experiments/accuracy"
    },
    "performance": {
        "time": {
            "sparsity_pattern_time": 3.6194059239987837,
            "sparse_estimation_time": 24.706384728000558,
            "sparse_solution_time": 28.327195764000862,
            "construct_weights_time": 36.927284596999016,
            "matmat_times": [
                0.07532639800047036
            ],
            "predict_time": 0.2976729689999047,
            "pipeline": {
                "dataset_load_time": 0.394654845000332,
                "dataset_split_time": 0.0,
                "data_preparation_time": 0.6299285910008621,
                "model_preparation_time": 37.5039730919998,
                "evaluation_time": 6.8888977090009575
            }
        },
        "memory": {
            "density": 0.010038013744577452
        }
    },
    "results": {
        "20": {
            "coverage": 0.0,
            "recall": {
                "mean": 0.38735989946113397,
                "std": 0.26654027561906135,
                "se": 0.0026654027561906135,
                "min": 0.0,
                "max": 1.0,
                "percentiles": {
                    "1": 0.0,
                    "5": 0.0,
                    "10": 0.0,
                    "25": 0.2,
                    "50": 0.35,
                    "75": 0.5,
                    "90": 0.75,
                    "95": 1.0,
                    "99": 1.0
                }
            },
            "ndcg": {
                "mean": 0.33852882720154565,
                "std": 0.22951611391401985,
                "se": 0.0022951611391401985,
                "min": 0.0,
                "max": 1.0,
                "percentiles": {
                    "1": 0.0,
                    "5": 0.0,
                    "10": 0.0,
                    "25": 0.15642624200758548,
                    "50": 0.3342337289223351,
                    "75": 0.5019945812104348,
                    "90": 0.6336200795760114,
                    "95": 0.7266900993115409,
                    "99": 0.9098507229999886
                }
            }
        },
        "50": {
            "coverage": 0.0,
            "recall": {
                "mean": 0.5147474728061944,
                "std": 0.28133493584042946,
                "se": 0.0028133493584042947,
                "min": 0.0,
                "max": 1.0,
                "percentiles": {
                    "1": 0.0,
                    "5": 0.0,
                    "10": 0.16666666666666666,
                    "25": 0.3333333333333333,
                    "50": 0.5,
                    "75": 0.6666666666666666,
                    "90": 1.0,
                    "95": 1.0,
                    "99": 1.0
                }
            },
            "ndcg": {
                "mean": 0.37969942733323797,
                "std": 0.2178595160095142,
                "se": 0.002178595160095142,
                "min": 0.0,
                "max": 1.0,
                "percentiles": {
                    "1": 0.0,
                    "5": 0.0,
                    "10": 0.08272981973873896,
                    "25": 0.22123239863477379,
                    "50": 0.38348012088728056,
                    "75": 0.5327326698426592,
                    "90": 0.6529373441154718,
                    "95": 0.737741781114961,
                    "99": 0.9064153337726367
                }
            }
        },
        "100": {
            "coverage": 0.0,
            "recall": {
                "mean": 0.629493685601693,
                "std": 0.2727671432952477,
                "se": 0.002727671432952477,
                "min": 0.0,
                "max": 1.0,
                "percentiles": {
                    "1": 0.0,
                    "5": 0.0,
                    "10": 0.3,
                    "25": 0.46153846153846156,
                    "50": 0.625,
                    "75": 0.8333333333333334,
                    "90": 1.0,
                    "95": 1.0,
                    "99": 1.0
                }
            },
            "ndcg": {
                "mean": 0.4183947280962076,
                "std": 0.21563662945004028,
                "se": 0.0021563662945004026,
                "min": 0.0,
                "max": 1.0,
                "percentiles": {
                    "1": 0.0,
                    "5": 0.0,
                    "10": 0.12000353843507391,
                    "25": 0.26350407700171596,
                    "50": 0.4288226462070736,
                    "75": 0.5709854079280812,
                    "90": 0.692675100766166,
                    "95": 0.760953934763212,
                    "99": 0.9068146563932705
                }
            }
        }
    }
}