{
    "dataset": {
        "name": "movielens20",
        "rewrite": false
    },
    "split": {
        "n_val_users": 10000,
        "n_test_users": 10000,
        "seed": 42,
        "target_proportion": 0.2,
        "targets_newest": false
    },
    "model": {
        "general": {
            "model": "SANSA",
            "checkpoints_folder": "models/checkpoints/",
            "retrain": true,
            "save": false
        },
        "model_specific": {
            "l2": 600,
            "target_density": 0.005,
            "ainv_params": {
                "umr_scans": 5,
                "umr_finetune_steps": 10,
                "umr_loss_threshold": 0.0001
            },
            "ldlt_method": "cholmod"
        }
    },
    "evaluation": {
        "split": "test",
        "metrics": [
            "recall",
            "ndcg"
        ],
        "ks": [
            20,
            50,
            100
        ],
        "experiment_folder": "experiments/accuracy"
    },
    "performance": {
        "time": {
            "ldlt_time": 21.61122787199929,
            "umr_scans_times": [
                0.9141945650007983,
                6.4556199189973995,
                8.662331133997213,
                8.925781863999873,
                8.586954890000925
            ],
            "umr_finetune_step_times": [
                0.11994331999812857,
                0.11383689799913554,
                0.10824932499963325,
                0.11686147100044764,
                0.11176728799910052,
                0.11140914899806376,
                0.10104068900182028,
                0.09989122900151415,
                0.1064118439971935,
                0.0967019240015361
            ],
            "ainv_time": 42.12884905399915,
            "construct_weights_time": 63.92855223600054,
            "matmat_times": [
                0.037556399998720735,
                1.1426905729967984
            ],
            "predict_time": 1.6023684789979598,
            "pipeline": {
                "dataset_load_time": 0.385395976001746,
                "dataset_split_time": 0.0,
                "data_preparation_time": 0.621088186999259,
                "model_preparation_time": 64.50519546999931,
                "evaluation_time": 12.242753803002415
            }
        },
        "memory": {
            "L_memory": {
                "nnz": 117492450,
                "mbytes": 1409.992284,
                "density": 0.2736720578479748
            },
            "sparsified L_memory": {
                "nnz": 2146592,
                "mbytes": 25.841988,
                "density": 0.005
            },
            "L_inv_memory": {
                "nnz": 2146592,
                "mbytes": 25.841988,
                "density": 0.005
            }
        }
    },
    "results": {
        "20": {
            "coverage": 0.0,
            "recall": {
                "mean": 0.38691248721436805,
                "std": 0.2689507103082338,
                "se": 0.002689507103082338,
                "min": 0.0,
                "max": 1.0,
                "percentiles": {
                    "1": 0.0,
                    "5": 0.0,
                    "10": 0.0,
                    "25": 0.2,
                    "50": 0.35,
                    "75": 0.5,
                    "90": 0.75,
                    "95": 1.0,
                    "99": 1.0
                }
            },
            "ndcg": {
                "mean": 0.3377370706835184,
                "std": 0.2309830694731979,
                "se": 0.002309830694731979,
                "min": 0.0,
                "max": 1.0,
                "percentiles": {
                    "1": 0.0,
                    "5": 0.0,
                    "10": 0.0,
                    "25": 0.15650802944590428,
                    "50": 0.3296250959310023,
                    "75": 0.4979260951558747,
                    "90": 0.6366824387328317,
                    "95": 0.7359082861459849,
                    "99": 0.9197207891481876
                }
            }
        },
        "50": {
            "coverage": 0.0,
            "recall": {
                "mean": 0.5160590619088676,
                "std": 0.28268367876006006,
                "se": 0.0028268367876006007,
                "min": 0.0,
                "max": 1.0,
                "percentiles": {
                    "1": 0.0,
                    "5": 0.0,
                    "10": 0.16666666666666666,
                    "25": 0.3333333333333333,
                    "50": 0.5,
                    "75": 0.6804545454545454,
                    "90": 1.0,
                    "95": 1.0,
                    "99": 1.0
                }
            },
            "ndcg": {
                "mean": 0.37893826897713206,
                "std": 0.21780944887659573,
                "se": 0.002178094488765957,
                "min": 0.0,
                "max": 1.0,
                "percentiles": {
                    "1": 0.0,
                    "5": 0.0,
                    "10": 0.08305181502178426,
                    "25": 0.22135480792837153,
                    "50": 0.38175130136340074,
                    "75": 0.5266553886577123,
                    "90": 0.658932900539179,
                    "95": 0.7392926738205233,
                    "99": 0.9074088397351133
                }
            }
        },
        "100": {
            "coverage": 0.0,
            "recall": {
                "mean": 0.6283551886580339,
                "std": 0.27204627085989685,
                "se": 0.0027204627085989684,
                "min": 0.0,
                "max": 1.0,
                "percentiles": {
                    "1": 0.0,
                    "5": 0.0,
                    "10": 0.3076923076923077,
                    "25": 0.46153846153846156,
                    "50": 0.625,
                    "75": 0.8333333333333334,
                    "90": 1.0,
                    "95": 1.0,
                    "99": 1.0
                }
            },
            "ndcg": {
                "mean": 0.41717221147730127,
                "std": 0.21556087596826864,
                "se": 0.0021556087596826864,
                "min": 0.0,
                "max": 1.0,
                "percentiles": {
                    "1": 0.0,
                    "5": 0.0,
                    "10": 0.12280935334972451,
                    "25": 0.2627261843499936,
                    "50": 0.4272910704923448,
                    "75": 0.5670017459196504,
                    "90": 0.6947789604581428,
                    "95": 0.7623199104524919,
                    "99": 0.9100979347734314
                }
            }
        }
    }
}