{
    "dataset": {
        "name": "movielens20",
        "rewrite": false
    },
    "split": {
        "n_val_users": 10000,
        "n_test_users": 10000,
        "seed": 42,
        "target_proportion": 0.2,
        "targets_newest": false
    },
    "model": {
        "general": {
            "model": "SANSA",
            "checkpoints_folder": "models/checkpoints/",
            "retrain": true,
            "save": false
        },
        "model_specific": {
            "l2": 600,
            "target_density": 0.001,
            "ainv_params": {
                "umr_scans": 5,
                "umr_finetune_steps": 10,
                "umr_loss_threshold": 0.0001
            },
            "ldlt_method": "cholmod"
        }
    },
    "evaluation": {
        "split": "test",
        "metrics": [
            "recall",
            "ndcg"
        ],
        "ks": [
            20,
            50,
            100
        ],
        "experiment_folder": "experiments/accuracy"
    },
    "performance": {
        "time": {
            "ldlt_time": 21.26894107499902,
            "umr_scans_times": [
                0.3290539789995819,
                3.4913852179997775,
                5.202549824000016,
                5.348407790999772,
                5.283578556001885
            ],
            "umr_finetune_step_times": [
                0.014275268997153034,
                0.01348200600114069,
                0.014387505001650425,
                0.014430510000238428,
                0.01372209799956181,
                0.013230177002697019,
                0.012246409998624586,
                0.012528575000033015,
                0.012434205000317888,
                0.01149780499690678
            ],
            "ainv_time": 20.483325501001673,
            "construct_weights_time": 41.87152880600115,
            "matmat_times": [
                0.019763895001233323,
                0.18433025799822644
            ],
            "predict_time": 0.44011847100046,
            "pipeline": {
                "dataset_load_time": 0.3939191600002232,
                "dataset_split_time": 0.0,
                "data_preparation_time": 0.6291312290013593,
                "model_preparation_time": 42.43549659999917,
                "evaluation_time": 6.040838062999683
            }
        },
        "memory": {
            "L_memory": {
                "nnz": 117492450,
                "mbytes": 1409.992284,
                "density": 0.2736720578479748
            },
            "sparsified L_memory": {
                "nnz": 429319,
                "mbytes": 5.234712,
                "density": 0.0010000013975641389
            },
            "L_inv_memory": {
                "nnz": 429318,
                "mbytes": 5.2347,
                "density": 0.000999999068290574
            }
        }
    },
    "results": {
        "20": {
            "coverage": 0.0,
            "recall": {
                "mean": 0.3766906133907373,
                "std": 0.2667562244452125,
                "se": 0.0026675622444521253,
                "min": 0.0,
                "max": 1.0,
                "percentiles": {
                    "1": 0.0,
                    "5": 0.0,
                    "10": 0.0,
                    "25": 0.2,
                    "50": 0.3333333333333333,
                    "75": 0.5,
                    "90": 0.75,
                    "95": 1.0,
                    "99": 1.0
                }
            },
            "ndcg": {
                "mean": 0.3296248537826115,
                "std": 0.22861860862164252,
                "se": 0.002286186086216425,
                "min": 0.0,
                "max": 1.0,
                "percentiles": {
                    "1": 0.0,
                    "5": 0.0,
                    "10": 0.0,
                    "25": 0.15000679310833784,
                    "50": 0.32007878316630883,
                    "75": 0.4880640571204738,
                    "90": 0.6301617452652407,
                    "95": 0.7222872889552948,
                    "99": 0.9109201075288423
                }
            }
        },
        "50": {
            "coverage": 0.0,
            "recall": {
                "mean": 0.5006961268208946,
                "std": 0.28216475078862924,
                "se": 0.0028216475078862925,
                "min": 0.0,
                "max": 1.0,
                "percentiles": {
                    "1": 0.0,
                    "5": 0.0,
                    "10": 0.14285714285714285,
                    "25": 0.3225806451612903,
                    "50": 0.5,
                    "75": 0.6666666666666666,
                    "90": 1.0,
                    "95": 1.0,
                    "99": 1.0
                }
            },
            "ndcg": {
                "mean": 0.36908310248099757,
                "std": 0.2164035006751477,
                "se": 0.002164035006751477,
                "min": 0.0,
                "max": 1.0,
                "percentiles": {
                    "1": 0.0,
                    "5": 0.0,
                    "10": 0.07434595256239344,
                    "25": 0.21207482929859237,
                    "50": 0.37104922873479074,
                    "75": 0.5162248848538108,
                    "90": 0.6429228863035678,
                    "95": 0.7314117363582628,
                    "99": 0.9060332743637503
                }
            }
        },
        "100": {
            "coverage": 0.0,
            "recall": {
                "mean": 0.6072592581047277,
                "std": 0.2754257386462854,
                "se": 0.002754257386462854,
                "min": 0.0,
                "max": 1.0,
                "percentiles": {
                    "1": 0.0,
                    "5": 0.0,
                    "10": 0.2727272727272727,
                    "25": 0.42857142857142855,
                    "50": 0.6,
                    "75": 0.8,
                    "90": 1.0,
                    "95": 1.0,
                    "99": 1.0
                }
            },
            "ndcg": {
                "mean": 0.4053160599976197,
                "std": 0.21471822599776474,
                "se": 0.0021471822599776476,
                "min": 0.0,
                "max": 1.0,
                "percentiles": {
                    "1": 0.0,
                    "5": 0.0,
                    "10": 0.11443542722571087,
                    "25": 0.24875974833448955,
                    "50": 0.41266422111563805,
                    "75": 0.5548026229629324,
                    "90": 0.6785122225628047,
                    "95": 0.7519831152404676,
                    "99": 0.9068102664203448
                }
            }
        }
    }
}