{
    "dataset": {
        "name": "movielens20",
        "rewrite": false
    },
    "split": {
        "n_val_users": 10000,
        "n_test_users": 10000,
        "seed": 42,
        "target_proportion": 0.2,
        "targets_newest": false
    },
    "model": {
        "general": {
            "model": "SANSA",
            "checkpoints_folder": "models/checkpoints/",
            "retrain": true,
            "save": false
        },
        "model_specific": {
            "l2": 600,
            "target_density": 0.01,
            "ainv_params": {
                "umr_scans": 5,
                "umr_finetune_steps": 10,
                "umr_loss_threshold": 0.0001
            },
            "ldlt_method": "cholmod"
        }
    },
    "evaluation": {
        "split": "test",
        "metrics": [
            "recall",
            "ndcg"
        ],
        "ks": [
            20,
            50,
            100
        ],
        "experiment_folder": "experiments/accuracy"
    },
    "performance": {
        "time": {
            "ldlt_time": 21.716007384999102,
            "umr_scans_times": [
                1.744521139000426,
                11.724755462000758,
                14.337686707000103,
                13.814597841999785,
                13.907626979998895
            ],
            "umr_finetune_step_times": [
                0.4533585730023333,
                0.4622534779991838,
                0.44460816200080444,
                0.44128020700009074,
                0.41286504700110527,
                0.3950786200002767,
                0.40573112399943057,
                0.3769278330000816,
                0.4037457659978827,
                0.3797850609989837
            ],
            "ainv_time": 77.53921531000015,
            "construct_weights_time": 99.53688709600101,
            "matmat_times": [
                0.05357657200147514,
                2.330278688001272
            ],
            "predict_time": 2.903260589999263,
            "pipeline": {
                "dataset_load_time": 0.3886476389998279,
                "dataset_split_time": 0.0,
                "data_preparation_time": 0.6210165849988698,
                "model_preparation_time": 100.10349248000057,
                "evaluation_time": 19.050447105000785
            }
        },
        "memory": {
            "L_memory": {
                "nnz": 117492450,
                "mbytes": 1409.992284,
                "density": 0.2736720578479748
            },
            "sparsified L_memory": {
                "nnz": 4293184,
                "mbytes": 51.601092,
                "density": 0.01
            },
            "L_inv_memory": {
                "nnz": 4293184,
                "mbytes": 51.601092,
                "density": 0.01
            }
        }
    },
    "results": {
        "20": {
            "coverage": 0.0,
            "recall": {
                "mean": 0.38839230170843947,
                "std": 0.26875846317781577,
                "se": 0.002687584631778158,
                "min": 0.0,
                "max": 1.0,
                "percentiles": {
                    "1": 0.0,
                    "5": 0.0,
                    "10": 0.0,
                    "25": 0.2,
                    "50": 0.35,
                    "75": 0.5,
                    "90": 0.75,
                    "95": 1.0,
                    "99": 1.0
                }
            },
            "ndcg": {
                "mean": 0.33956548593855235,
                "std": 0.2313886053800716,
                "se": 0.0023138860538007163,
                "min": 0.0,
                "max": 1.0,
                "percentiles": {
                    "1": 0.0,
                    "5": 0.0,
                    "10": 0.0,
                    "25": 0.15538285127887175,
                    "50": 0.3344143646550405,
                    "75": 0.49989330551319255,
                    "90": 0.637328826736222,
                    "95": 0.7331318160627119,
                    "99": 0.9197207891481876
                }
            }
        },
        "50": {
            "coverage": 0.0,
            "recall": {
                "mean": 0.517650897644673,
                "std": 0.2819476907192217,
                "se": 0.002819476907192217,
                "min": 0.0,
                "max": 1.0,
                "percentiles": {
                    "1": 0.0,
                    "5": 0.0,
                    "10": 0.16666666666666666,
                    "25": 0.3333333333333333,
                    "50": 0.5,
                    "75": 0.6923076923076923,
                    "90": 1.0,
                    "95": 1.0,
                    "99": 1.0
                }
            },
            "ndcg": {
                "mean": 0.3807878922260055,
                "std": 0.2181368711192542,
                "se": 0.002181368711192542,
                "min": 0.0,
                "max": 1.0,
                "percentiles": {
                    "1": 0.0,
                    "5": 0.0,
                    "10": 0.08358022748310114,
                    "25": 0.22076305051869236,
                    "50": 0.38361454413776297,
                    "75": 0.530839774156892,
                    "90": 0.6593824603127578,
                    "95": 0.7396829803866957,
                    "99": 0.9114398834202615
                }
            }
        },
        "100": {
            "coverage": 0.0,
            "recall": {
                "mean": 0.6321239646240627,
                "std": 0.27204995283830624,
                "se": 0.0027204995283830625,
                "min": 0.0,
                "max": 1.0,
                "percentiles": {
                    "1": 0.0,
                    "5": 0.0,
                    "10": 0.3042160737812913,
                    "25": 0.4666666666666667,
                    "50": 0.631578947368421,
                    "75": 0.8333333333333334,
                    "90": 1.0,
                    "95": 1.0,
                    "99": 1.0
                }
            },
            "ndcg": {
                "mean": 0.41951639756016373,
                "std": 0.2155503715189701,
                "se": 0.002155503715189701,
                "min": 0.0,
                "max": 1.0,
                "percentiles": {
                    "1": 0.0,
                    "5": 0.0,
                    "10": 0.12495636102304827,
                    "25": 0.26406077300579467,
                    "50": 0.43006247079641235,
                    "75": 0.5706417189553201,
                    "90": 0.6948333077136966,
                    "95": 0.7648377301962693,
                    "99": 0.9134046139075607
                }
            }
        }
    }
}