{
    "dataset": {
        "name": "movielens20",
        "rewrite": false
    },
    "split": {
        "n_val_users": 10000,
        "n_test_users": 10000,
        "seed": 42,
        "target_proportion": 0.2,
        "targets_newest": false
    },
    "model": {
        "general": {
            "model": "SANSA",
            "checkpoints_folder": "models/checkpoints/",
            "retrain": true,
            "save": false
        },
        "model_specific": {
            "l2": 600,
            "target_density": 0.0025,
            "ainv_params": {
                "umr_scans": 5,
                "umr_finetune_steps": 10,
                "umr_loss_threshold": 0.0001
            },
            "ldlt_method": "cholmod"
        }
    },
    "evaluation": {
        "split": "test",
        "metrics": [
            "recall",
            "ndcg"
        ],
        "ks": [
            20,
            50,
            100
        ],
        "experiment_folder": "experiments/accuracy"
    },
    "performance": {
        "time": {
            "ldlt_time": 21.479695992002235,
            "umr_scans_times": [
                0.4571802310019848,
                4.151560873997369,
                6.475196649997088,
                6.1679753930002335,
                6.341134406000492
            ],
            "umr_finetune_step_times": [
                0.04355828499683412,
                0.04216093099967111,
                0.04142088899970986,
                0.04072861800159444,
                0.03848948700033361,
                0.040566134000982856,
                0.03691423500276869,
                0.03728259300260106,
                0.03880992300037178,
                0.039563243997690734
            ],
            "ainv_time": 27.203433079001115,
            "construct_weights_time": 48.84204664400022,
            "matmat_times": [
                0.026432986996951513,
                0.41415019600026426
            ],
            "predict_time": 0.7693756250009756,
            "pipeline": {
                "dataset_load_time": 0.39062312900205143,
                "dataset_split_time": 0.0,
                "data_preparation_time": 0.6254958550016454,
                "model_preparation_time": 49.41125385899795,
                "evaluation_time": 7.896279462998791
            }
        },
        "memory": {
            "L_memory": {
                "nnz": 117492450,
                "mbytes": 1409.992284,
                "density": 0.2736720578479748
            },
            "sparsified L_memory": {
                "nnz": 1073296,
                "mbytes": 12.962436,
                "density": 0.0025
            },
            "L_inv_memory": {
                "nnz": 1073296,
                "mbytes": 12.962436,
                "density": 0.0025
            }
        }
    },
    "results": {
        "20": {
            "coverage": 0.0,
            "recall": {
                "mean": 0.38295634738197815,
                "std": 0.2683477115684812,
                "se": 0.002683477115684812,
                "min": 0.0,
                "max": 1.0,
                "percentiles": {
                    "1": 0.0,
                    "5": 0.0,
                    "10": 0.0,
                    "25": 0.2,
                    "50": 0.35,
                    "75": 0.5,
                    "90": 0.75,
                    "95": 1.0,
                    "99": 1.0
                }
            },
            "ndcg": {
                "mean": 0.33426554599493163,
                "std": 0.22997291853964424,
                "se": 0.0022997291853964425,
                "min": 0.0,
                "max": 1.0,
                "percentiles": {
                    "1": 0.0,
                    "5": 0.0,
                    "10": 0.0,
                    "25": 0.15123938536523962,
                    "50": 0.32605472725526186,
                    "75": 0.4929396913638936,
                    "90": 0.635240123518529,
                    "95": 0.7263023109759543,
                    "99": 0.9070206438974604
                }
            }
        },
        "50": {
            "coverage": 0.0,
            "recall": {
                "mean": 0.511656791159313,
                "std": 0.2824759851862486,
                "se": 0.002824759851862486,
                "min": 0.0,
                "max": 1.0,
                "percentiles": {
                    "1": 0.0,
                    "5": 0.0,
                    "10": 0.16666666666666666,
                    "25": 0.3333333333333333,
                    "50": 0.5,
                    "75": 0.6666666666666666,
                    "90": 1.0,
                    "95": 1.0,
                    "99": 1.0
                }
            },
            "ndcg": {
                "mean": 0.37531818267710254,
                "std": 0.2169444610776175,
                "se": 0.002169444610776175,
                "min": 0.0,
                "max": 1.0,
                "percentiles": {
                    "1": 0.0,
                    "5": 0.0,
                    "10": 0.08274440114866191,
                    "25": 0.21803182797676263,
                    "50": 0.3777756706808201,
                    "75": 0.5248501210692283,
                    "90": 0.6527775174116475,
                    "95": 0.7341981342092625,
                    "99": 0.897078247456448
                }
            }
        },
        "100": {
            "coverage": 0.0,
            "recall": {
                "mean": 0.6216982249859906,
                "std": 0.27342197958182884,
                "se": 0.0027342197958182884,
                "min": 0.0,
                "max": 1.0,
                "percentiles": {
                    "1": 0.0,
                    "5": 0.0,
                    "10": 0.2857142857142857,
                    "25": 0.45454545454545453,
                    "50": 0.6153846153846154,
                    "75": 0.8333333333333334,
                    "90": 1.0,
                    "95": 1.0,
                    "99": 1.0
                }
            },
            "ndcg": {
                "mean": 0.41293770568586863,
                "std": 0.2150489379410416,
                "se": 0.002150489379410416,
                "min": 0.0,
                "max": 1.0,
                "percentiles": {
                    "1": 0.0,
                    "5": 0.0,
                    "10": 0.11722761480426426,
                    "25": 0.2562037315901492,
                    "50": 0.42258443520029565,
                    "75": 0.5638729414194119,
                    "90": 0.6888720467407756,
                    "95": 0.7586457844853665,
                    "99": 0.9024243327977414
                }
            }
        }
    }
}