{
    "dataset": {
        "name": "netflix",
        "rewrite": false
    },
    "split": {
        "n_val_users": 40000,
        "n_test_users": 40000,
        "seed": 42,
        "target_proportion": 0.2,
        "targets_newest": false
    },
    "model": {
        "general": {
            "model": "EASE",
            "checkpoints_folder": "models/checkpoints/",
            "retrain": true,
            "save": false
        },
        "model_specific": {
            "l2": 1000
        }
    },
    "evaluation": {
        "split": "test",
        "metrics": [
            "recall",
            "ndcg"
        ],
        "ks": [
            20,
            50,
            100
        ],
        "experiment_folder": "experiments/sandbox"
    },
    "performance": {
        "time": {
            "construct_weights_time": 79.19713256000068,
            "predict_time": 2.139306590999695,
            "pipeline": {
                "dataset_load_time": 247.98094770599891,
                "dataset_split_time": 63.78747628200108,
                "data_preparation_time": 314.3648384299995,
                "model_preparation_time": 82.99054752899974,
                "evaluation_time": 64.8464156099999
            }
        },
        "memory": {}
    },
    "results": {
        "20": {
            "coverage": 0.0,
            "recall": {
                "mean": 0.36224120676902216,
                "std": 0.2567427066461007,
                "se": 0.0012837135332305035,
                "min": 0.0,
                "max": 1.0,
                "percentiles": {
                    "1": 0.0,
                    "5": 0.0,
                    "10": 0.0,
                    "25": 0.17647058823529413,
                    "50": 0.3333333333333333,
                    "75": 0.5,
                    "90": 0.7,
                    "95": 0.85,
                    "99": 1.0
                }
            },
            "ndcg": {
                "mean": 0.3382290686793675,
                "std": 0.2439579076566829,
                "se": 0.0012197895382834146,
                "min": 0.0,
                "max": 1.0,
                "percentiles": {
                    "1": 0.0,
                    "5": 0.0,
                    "10": 0.0,
                    "25": 0.14020124243750565,
                    "50": 0.31546487678572877,
                    "75": 0.5089377957486791,
                    "90": 0.6803811907793094,
                    "95": 0.7777081510233439,
                    "99": 0.9179162742363899
                }
            }
        },
        "50": {
            "coverage": 0.0,
            "recall": {
                "mean": 0.4437829361977823,
                "std": 0.248651710740751,
                "se": 0.0012432585537037548,
                "min": 0.0,
                "max": 1.0,
                "percentiles": {
                    "1": 0.0,
                    "5": 0.0,
                    "10": 0.14285714285714285,
                    "25": 0.29411764705882354,
                    "50": 0.42105263157894735,
                    "75": 0.5714285714285714,
                    "90": 0.7777777777777778,
                    "95": 1.0,
                    "99": 1.0
                }
            },
            "ndcg": {
                "mean": 0.35495873362394703,
                "std": 0.2061156675116404,
                "se": 0.001030578337558202,
                "min": 0.0,
                "max": 1.0,
                "percentiles": {
                    "1": 0.0,
                    "5": 0.0,
                    "10": 0.07335312372354855,
                    "25": 0.20216259898149852,
                    "50": 0.3567120837520334,
                    "75": 0.4994940378285891,
                    "90": 0.6205682127796579,
                    "95": 0.6944181126608772,
                    "99": 0.8369914754616167
                }
            }
        },
        "100": {
            "coverage": 0.0,
            "recall": {
                "mean": 0.5519109970814923,
                "std": 0.24670135884707875,
                "se": 0.0012335067942353937,
                "min": 0.0,
                "max": 1.0,
                "percentiles": {
                    "1": 0.0,
                    "5": 0.0,
                    "10": 0.2727272727272727,
                    "25": 0.4090909090909091,
                    "50": 0.5294117647058824,
                    "75": 0.6923076923076923,
                    "90": 1.0,
                    "95": 1.0,
                    "99": 1.0
                }
            },
            "ndcg": {
                "mean": 0.3925238267783827,
                "std": 0.19941942069750251,
                "se": 0.0009970971034875126,
                "min": 0.0,
                "max": 1.0,
                "percentiles": {
                    "1": 0.0,
                    "5": 0.0,
                    "10": 0.11609597323720294,
                    "25": 0.24692123305350486,
                    "50": 0.4066082644387165,
                    "75": 0.5378450294046571,
                    "90": 0.6347940049964866,
                    "95": 0.6978228149008971,
                    "99": 0.8285026847330734
                }
            }
        }
    }
}