{
    "dataset": {
        "folder": "datasets/data",
        "name": "netflix",
        "raw_file": "combined_data_#.txt",
        "processed_file": "ratings.parquet",
        "rewrite": false
    },
    "split": {
        "n_val_users": 40000,
        "n_test_users": 40000,
        "seed": 42,
        "target_proportion": 0.2,
        "targets_newest": false
    },
    "model": {
        "general": {
            "model": "MRF",
            "checkpoints_folder": "models/checkpoints/",
            "retrain": true,
            "save": false
        },
        "model_specific": {
            "l2": 1.0,
            "alpha": 0.75,
            "threshold": 0.3,
            "maxInColumn": 1000,
            "rr": 0.5,
            "sparse_evaluation": false
        }
    },
    "evaluation": {
        "split": "test",
        "metrics": [
            "recall",
            "ndcg"
        ],
        "ks": [
            20,
            50,
            100
        ],
        "experiment_folder": "experiments/sandbox"
    },
    "performance": {
        "time": {
            "sparsity_pattern_time": 11.486475249999785,
            "sparse_estimation_time": 135.04814516600163,
            "sparse_solution_time": 146.55505704099778,
            "construct_weights_time": 193.29277191699657,
            "matmat_times": [
                0.8420188339950982
            ],
            "predict_time": 1.3555427920000511,
            "pipeline": {
                "dataset_load_time": 534.7370597499976,
                "dataset_split_time": 50.92042008300632,
                "data_preparation_time": 587.2853213749986,
                "model_preparation_time": 195.4363495830039,
                "evaluation_time": 41.26471641600074
            }
        },
        "memory": {
            "density": 0.020326115286686014
        }
    },
    "results": {
        "20": {
            "coverage": 0.0,
            "recall": {
                "mean": 0.3577692030648445,
                "std": 0.2439009811646914,
                "se": 0.001219504905823457,
                "min": 0.0,
                "max": 1.0,
                "percentiles": {
                    "1": 0.0,
                    "5": 0.0,
                    "10": 0.0,
                    "25": 0.2,
                    "50": 0.3333333333333333,
                    "75": 0.5,
                    "90": 0.6684210526315534,
                    "95": 0.8,
                    "99": 1.0
                }
            },
            "ndcg": {
                "mean": 0.3380056251091396,
                "std": 0.23668440209787253,
                "se": 0.0011834220104893626,
                "min": 0.0,
                "max": 1.0,
                "percentiles": {
                    "1": 0.0,
                    "5": 0.0,
                    "10": 0.0,
                    "25": 0.14622982183542438,
                    "50": 0.3189041774928235,
                    "75": 0.5062176299152674,
                    "90": 0.6681212992488521,
                    "95": 0.7593006531228612,
                    "99": 0.8890120800095237
                }
            }
        },
        "50": {
            "coverage": 0.0,
            "recall": {
                "mean": 0.439898943933987,
                "std": 0.2374950092926125,
                "se": 0.0011874750464630625,
                "min": 0.0,
                "max": 1.0,
                "percentiles": {
                    "1": 0.0,
                    "5": 0.0,
                    "10": 0.16666666666666666,
                    "25": 0.3,
                    "50": 0.42,
                    "75": 0.5652173913043478,
                    "90": 0.75,
                    "95": 1.0,
                    "99": 1.0
                }
            },
            "ndcg": {
                "mean": 0.3564244616711637,
                "std": 0.20115561122290246,
                "se": 0.0010057780561145123,
                "min": 0.0,
                "max": 1.0,
                "percentiles": {
                    "1": 0.0,
                    "5": 0.0,
                    "10": 0.08406376813555873,
                    "25": 0.20726824483372963,
                    "50": 0.3602700347394606,
                    "75": 0.4991221268394421,
                    "90": 0.6154033948690059,
                    "95": 0.6857035107019793,
                    "99": 0.8143819345056389
                }
            }
        },
        "100": {
            "coverage": 0.0,
            "recall": {
                "mean": 0.5490842019739616,
                "std": 0.23742105823834264,
                "se": 0.0011871052911917133,
                "min": 0.0,
                "max": 1.0,
                "percentiles": {
                    "1": 0.0,
                    "5": 0.125,
                    "10": 0.28205128205128205,
                    "25": 0.4074074074074074,
                    "50": 0.5263157894736842,
                    "75": 0.68,
                    "90": 0.8888888888888888,
                    "95": 1.0,
                    "99": 1.0
                }
            },
            "ndcg": {
                "mean": 0.3952013600342292,
                "std": 0.195214925426201,
                "se": 0.0009760746271310051,
                "min": 0.0,
                "max": 1.0,
                "percentiles": {
                    "1": 0.0,
                    "5": 0.051855549980180736,
                    "10": 0.1231232875967404,
                    "25": 0.2532722976359757,
                    "50": 0.4097984013232666,
                    "75": 0.5371134845141821,
                    "90": 0.6336408128221515,
                    "95": 0.6944642264408925,
                    "99": 0.8169621588119511
                }
            }
        }
    }
}