{
    "dataset": {
        "name": "netflix",
        "rewrite": false
    },
    "split": {
        "n_val_users": 40000,
        "n_test_users": 40000,
        "seed": 42,
        "target_proportion": 0.2,
        "targets_newest": false
    },
    "model": {
        "general": {
            "model": "SANSA",
            "checkpoints_folder": "models/checkpoints/",
            "retrain": true,
            "save": false
        },
        "model_specific": {
            "l2": 2000,
            "target_density": 0.0025,
            "ainv_params": {
                "umr_scans": 4,
                "umr_finetune_steps": 10,
                "umr_loss_threshold": 0.0001
            },
            "ldlt_method": "cholmod",
            "ldlt_params": {
                "ordering_method": "default"
            }
        }
    },
    "evaluation": {
        "split": "test",
        "metrics": [
            "recall",
            "ndcg"
        ],
        "ks": [
            20,
            50,
            100
        ],
        "experiment_folder": "experiments/sandbox"
    },
    "performance": {
        "time": {
            "ldlt_time": 63.61518098000124,
            "umr_scans_times": [
                0.6081739439996454,
                2.6406245050002326,
                4.523568229999,
                5.135006287000579
            ],
            "umr_finetune_step_times": [
                0.03688197100018442,
                0.037263051000991254,
                0.03725224600020738,
                0.036274120000598487,
                0.0375007149996236,
                0.03731442699972831,
                0.03656508999847574,
                0.037156989999857615,
                0.03429989300093439,
                0.034406734001095174
            ],
            "ainv_time": 14.452570270999786,
            "construct_weights_time": 78.20104335699943,
            "matmat_times": [
                0.027869478000866366,
                0.2730452970008628
            ],
            "predict_time": 0.833675989000767,
            "pipeline": {
                "dataset_load_time": 2.1970336270005646,
                "dataset_split_time": 0.0,
                "data_preparation_time": 4.037412339999719,
                "model_preparation_time": 81.95006329199896,
                "evaluation_time": 33.81023299499975
            }
        },
        "memory": {
            "L_memory": {
                "nnz": 156271794,
                "mbytes": 1875.332608,
                "density": 0.49494235812023524
            },
            "sparsified L_memory": {
                "nnz": 789344,
                "mbytes": 9.543208,
                "density": 0.002500001892395623
            },
            "L_inv_memory": {
                "nnz": 789343,
                "mbytes": 9.543196,
                "density": 0.002499998725206296
            }
        }
    },
    "results": {
        "20": {
            "coverage": 0.0,
            "recall": {
                "mean": 0.3538734035542201,
                "std": 0.2536167512319497,
                "se": 0.0012680837561597485,
                "min": 0.0,
                "max": 1.0,
                "percentiles": {
                    "1": 0.0,
                    "5": 0.0,
                    "10": 0.0,
                    "25": 0.16666666666666666,
                    "50": 0.3333333333333333,
                    "75": 0.5,
                    "90": 0.7,
                    "95": 0.8333333333333334,
                    "99": 1.0
                }
            },
            "ndcg": {
                "mean": 0.33069409089380636,
                "std": 0.24051405712265797,
                "se": 0.0012025702856132898,
                "min": 0.0,
                "max": 1.0,
                "percentiles": {
                    "1": 0.0,
                    "5": 0.0,
                    "10": 0.0,
                    "25": 0.13565197343244778,
                    "50": 0.30803136877775456,
                    "75": 0.49966096690253564,
                    "90": 0.6692449661120131,
                    "95": 0.7653606369886217,
                    "99": 0.896147368368701
                }
            }
        },
        "50": {
            "coverage": 0.0,
            "recall": {
                "mean": 0.4337824385571283,
                "std": 0.24819864413335838,
                "se": 0.0012409932206667918,
                "min": 0.0,
                "max": 1.0,
                "percentiles": {
                    "1": 0.0,
                    "5": 0.0,
                    "10": 0.125,
                    "25": 0.2857142857142857,
                    "50": 0.41304347826086957,
                    "75": 0.56,
                    "90": 0.75,
                    "95": 1.0,
                    "99": 1.0
                }
            },
            "ndcg": {
                "mean": 0.3472968825430959,
                "std": 0.20463491723123153,
                "se": 0.0010231745861561576,
                "min": 0.0,
                "max": 1.0,
                "percentiles": {
                    "1": 0.0,
                    "5": 0.0,
                    "10": 0.0660004780429792,
                    "25": 0.19609025791030577,
                    "50": 0.34836415954843325,
                    "75": 0.49083202829580763,
                    "90": 0.6131471927654584,
                    "95": 0.6854976515711289,
                    "99": 0.8274669834492381
                }
            }
        },
        "100": {
            "coverage": 0.0,
            "recall": {
                "mean": 0.5393749442381992,
                "std": 0.24726550821777107,
                "se": 0.0012363275410888553,
                "min": 0.0,
                "max": 1.0,
                "percentiles": {
                    "1": 0.0,
                    "5": 0.0,
                    "10": 0.25,
                    "25": 0.4,
                    "50": 0.51,
                    "75": 0.6666666666666666,
                    "90": 1.0,
                    "95": 1.0,
                    "99": 1.0
                }
            },
            "ndcg": {
                "mean": 0.3842171689020993,
                "std": 0.19854399977497159,
                "se": 0.000992719998874858,
                "min": 0.0,
                "max": 1.0,
                "percentiles": {
                    "1": 0.0,
                    "5": 0.0,
                    "10": 0.1081003733076766,
                    "25": 0.23909894007336907,
                    "50": 0.39662377397391674,
                    "75": 0.5288605218689484,
                    "90": 0.6279437585303955,
                    "95": 0.6890094352454,
                    "99": 0.8194333455302923
                }
            }
        }
    }
}