{
    "dataset": {
        "name": "netflix",
        "rewrite": false
    },
    "split": {
        "n_val_users": 40000,
        "n_test_users": 40000,
        "seed": 42,
        "target_proportion": 0.2,
        "targets_newest": false
    },
    "model": {
        "general": {
            "model": "SANSA",
            "checkpoints_folder": "models/checkpoints/",
            "retrain": true,
            "save": false
        },
        "model_specific": {
            "l2": 1000,
            "target_density": 0.0025,
            "ainv_params": {
                "umr_scans": 4,
                "umr_finetune_steps": 10,
                "umr_loss_threshold": 0.0001
            },
            "ldlt_method": "cholmod",
            "ldlt_params": {}
        }
    },
    "evaluation": {
        "split": "test",
        "metrics": [
            "recall",
            "ndcg"
        ],
        "ks": [
            20,
            50,
            100
        ],
        "experiment_folder": "experiments/sandbox"
    },
    "performance": {
        "time": {
            "ldlt_time": 63.4785822369995,
            "umr_scans_times": [
                0.6017093660011597,
                2.790138119000403,
                4.696984104000876,
                5.153472926000177
            ],
            "umr_finetune_step_times": [
                0.03451472099914099,
                0.03786008000133734,
                0.03464790499856463,
                0.03891728000053263,
                0.03642659700017248,
                0.03914467700087698,
                0.03427101200031757,
                0.03398433499933162,
                0.033176736998939305,
                0.03288046000125178
            ],
            "ainv_time": 14.742315299999973,
            "construct_weights_time": 78.35326168199936,
            "matmat_times": [
                0.02559269899938954,
                0.2715752240001166
            ],
            "predict_time": 0.8891043479998189,
            "pipeline": {
                "dataset_load_time": 2.195629858000757,
                "dataset_split_time": 0.0,
                "data_preparation_time": 3.9921419300007983,
                "model_preparation_time": 82.06123912700059,
                "evaluation_time": 34.79452582100021
            }
        },
        "memory": {
            "L_memory": {
                "nnz": 156271794,
                "mbytes": 1875.332608,
                "density": 0.49494235812023524
            },
            "sparsified L_memory": {
                "nnz": 789344,
                "mbytes": 9.543208,
                "density": 0.002500001892395623
            },
            "L_inv_memory": {
                "nnz": 789343,
                "mbytes": 9.543196,
                "density": 0.002499998725206296
            }
        }
    },
    "results": {
        "20": {
            "coverage": 0.0,
            "recall": {
                "mean": 0.35290145084104063,
                "std": 0.25378945602577135,
                "se": 0.0012689472801288568,
                "min": 0.0,
                "max": 1.0,
                "percentiles": {
                    "1": 0.0,
                    "5": 0.0,
                    "10": 0.0,
                    "25": 0.16666666666666666,
                    "50": 0.3333333333333333,
                    "75": 0.5,
                    "90": 0.7,
                    "95": 0.8333333333333334,
                    "99": 1.0
                }
            },
            "ndcg": {
                "mean": 0.3301129413361794,
                "std": 0.24059083107491724,
                "se": 0.0012029541553745862,
                "min": 0.0,
                "max": 1.0,
                "percentiles": {
                    "1": 0.0,
                    "5": 0.0,
                    "10": 0.0,
                    "25": 0.13407600673967535,
                    "50": 0.30735132594072256,
                    "75": 0.4994064162020116,
                    "90": 0.667918039860386,
                    "95": 0.7651465898512562,
                    "99": 0.8969945310655584
                }
            }
        },
        "50": {
            "coverage": 0.0,
            "recall": {
                "mean": 0.431899493086225,
                "std": 0.24705788213791952,
                "se": 0.0012352894106895977,
                "min": 0.0,
                "max": 1.0,
                "percentiles": {
                    "1": 0.0,
                    "5": 0.0,
                    "10": 0.125,
                    "25": 0.2857142857142857,
                    "50": 0.41025641025641024,
                    "75": 0.56,
                    "90": 0.75,
                    "95": 1.0,
                    "99": 1.0
                }
            },
            "ndcg": {
                "mean": 0.3464256853920803,
                "std": 0.2044265523250318,
                "se": 0.001022132761625159,
                "min": 0.0,
                "max": 1.0,
                "percentiles": {
                    "1": 0.0,
                    "5": 0.0,
                    "10": 0.06612234188543999,
                    "25": 0.1949590218937863,
                    "50": 0.34755087973455767,
                    "75": 0.49017860643527805,
                    "90": 0.6131471927654584,
                    "95": 0.6819904934349376,
                    "99": 0.8294494691593314
                }
            }
        },
        "100": {
            "coverage": 0.0,
            "recall": {
                "mean": 0.5364750158023476,
                "std": 0.24709387624020088,
                "se": 0.0012354693812010045,
                "min": 0.0,
                "max": 1.0,
                "percentiles": {
                    "1": 0.0,
                    "5": 0.0,
                    "10": 0.25,
                    "25": 0.4,
                    "50": 0.5,
                    "75": 0.6666666666666666,
                    "90": 0.9333333333333333,
                    "95": 1.0,
                    "99": 1.0
                }
            },
            "ndcg": {
                "mean": 0.38292884065512756,
                "std": 0.19847553364337017,
                "se": 0.0009923776682168508,
                "min": 0.0,
                "max": 1.0,
                "percentiles": {
                    "1": 0.0,
                    "5": 0.0,
                    "10": 0.1065437321815508,
                    "25": 0.2372583752755879,
                    "50": 0.3957698955563749,
                    "75": 0.527557568088352,
                    "90": 0.6253008907801442,
                    "95": 0.6877743766434061,
                    "99": 0.8183709894554916
                }
            }
        }
    }
}