{
    "dataset": {
        "name": "netflix",
        "rewrite": false
    },
    "split": {
        "n_val_users": 40000,
        "n_test_users": 40000,
        "seed": 42,
        "target_proportion": 0.2,
        "targets_newest": false
    },
    "model": {
        "general": {
            "model": "EASE",
            "checkpoints_folder": "models/checkpoints/",
            "retrain": true,
            "save": false
        },
        "model_specific": {
            "l2": 1200
        }
    },
    "evaluation": {
        "split": "test",
        "metrics": [
            "recall",
            "ndcg"
        ],
        "ks": [
            20,
            50,
            100
        ],
        "experiment_folder": "experiments/accuracy"
    },
    "performance": {
        "time": {
            "construct_weights_time": 38.71834064799987,
            "predict_time": 2.164768761002051,
            "pipeline": {
                "dataset_load_time": 2.1884489949989074,
                "dataset_split_time": 0.0,
                "data_preparation_time": 3.9066764320014045,
                "model_preparation_time": 42.54542709099769,
                "evaluation_time": 68.7385000730028
            }
        },
        "memory": {}
    },
    "results": {
        "20": {
            "coverage": 0.0,
            "recall": {
                "mean": 0.3621790599877848,
                "std": 0.25678804660524895,
                "se": 0.0012839402330262447,
                "min": 0.0,
                "max": 1.0,
                "percentiles": {
                    "1": 0.0,
                    "5": 0.0,
                    "10": 0.0,
                    "25": 0.17647058823529413,
                    "50": 0.3333333333333333,
                    "75": 0.5,
                    "90": 0.7,
                    "95": 0.85,
                    "99": 1.0
                }
            },
            "ndcg": {
                "mean": 0.3381226112741902,
                "std": 0.24398731061369183,
                "se": 0.0012199365530684591,
                "min": 0.0,
                "max": 1.0,
                "percentiles": {
                    "1": 0.0,
                    "5": 0.0,
                    "10": 0.0,
                    "25": 0.1402129701779605,
                    "50": 0.31546487678572877,
                    "75": 0.5087403079104241,
                    "90": 0.6807815328161442,
                    "95": 0.7779630634887073,
                    "99": 0.9197207891481876
                }
            }
        },
        "50": {
            "coverage": 0.0,
            "recall": {
                "mean": 0.4438320517139995,
                "std": 0.24879065531072372,
                "se": 0.0012439532765536187,
                "min": 0.0,
                "max": 1.0,
                "percentiles": {
                    "1": 0.0,
                    "5": 0.0,
                    "10": 0.14285714285714285,
                    "25": 0.29411764705882354,
                    "50": 0.42105263157894735,
                    "75": 0.5714285714285714,
                    "90": 0.7777777777777778,
                    "95": 1.0,
                    "99": 1.0
                }
            },
            "ndcg": {
                "mean": 0.35489805842027106,
                "std": 0.2061797825717774,
                "se": 0.0010308989128588871,
                "min": 0.0,
                "max": 1.0,
                "percentiles": {
                    "1": 0.0,
                    "5": 0.0,
                    "10": 0.07336284226177892,
                    "25": 0.20210734650054757,
                    "50": 0.3566255671028593,
                    "75": 0.49927381106033386,
                    "90": 0.6212064319179729,
                    "95": 0.6939964929056804,
                    "99": 0.8360494048685662
                }
            }
        },
        "100": {
            "coverage": 0.0,
            "recall": {
                "mean": 0.5522886664080984,
                "std": 0.24660956918121663,
                "se": 0.0012330478459060832,
                "min": 0.0,
                "max": 1.0,
                "percentiles": {
                    "1": 0.0,
                    "5": 0.0,
                    "10": 0.2727272727272727,
                    "25": 0.4090909090909091,
                    "50": 0.53,
                    "75": 0.6923076923076923,
                    "90": 1.0,
                    "95": 1.0,
                    "99": 1.0
                }
            },
            "ndcg": {
                "mean": 0.39254748575881376,
                "std": 0.19934937179845286,
                "se": 0.0009967468589922642,
                "min": 0.0,
                "max": 1.0,
                "percentiles": {
                    "1": 0.0,
                    "5": 0.0,
                    "10": 0.11631430065302516,
                    "25": 0.2470711547599028,
                    "50": 0.40665931814248135,
                    "75": 0.5377997559726764,
                    "90": 0.6349890776128521,
                    "95": 0.6978853651600359,
                    "99": 0.8285026847330734
                }
            }
        }
    }
}