{
    "dataset": {
        "name": "netflix",
        "rewrite": false
    },
    "split": {
        "n_val_users": 40000,
        "n_test_users": 40000,
        "seed": 42,
        "target_proportion": 0.2,
        "targets_newest": false
    },
    "model": {
        "general": {
            "model": "MRF",
            "checkpoints_folder": "models/checkpoints/",
            "retrain": true,
            "save": false
        },
        "model_specific": {
            "l2": 1.0,
            "alpha": 0.75,
            "threshold": 0.64,
            "maxInColumn": 1000,
            "rr": 0.1,
            "sparse_evaluation": false
        }
    },
    "evaluation": {
        "split": "test",
        "metrics": [
            "recall",
            "ndcg"
        ],
        "ks": [
            20,
            50,
            100
        ],
        "experiment_folder": "experiments/accuracy"
    },
    "performance": {
        "time": {
            "sparsity_pattern_time": 3.37395633000051,
            "sparse_estimation_time": 41.09492174800107,
            "sparse_solution_time": 44.46994364599959,
            "construct_weights_time": 60.63787895600035,
            "matmat_times": [
                0.10924081499979366
            ],
            "predict_time": 0.46910874000241165,
            "pipeline": {
                "dataset_load_time": 2.0260055710023153,
                "dataset_split_time": 0.0,
                "data_preparation_time": 3.710272760999942,
                "model_preparation_time": 64.37614375500198,
                "evaluation_time": 32.407656817002135
            }
        },
        "memory": {
            "density": 0.009944705276737902
        }
    },
    "results": {
        "20": {
            "coverage": 0.0,
            "recall": {
                "mean": 0.36028722816410025,
                "std": 0.2551639799961133,
                "se": 0.0012758198999805665,
                "min": 0.0,
                "max": 1.0,
                "percentiles": {
                    "1": 0.0,
                    "5": 0.0,
                    "10": 0.0,
                    "25": 0.17647058823529413,
                    "50": 0.3333333333333333,
                    "75": 0.5,
                    "90": 0.7,
                    "95": 0.85,
                    "99": 1.0
                }
            },
            "ndcg": {
                "mean": 0.33708643604805366,
                "std": 0.24294674770399977,
                "se": 0.0012147337385199988,
                "min": 0.0,
                "max": 1.0,
                "percentiles": {
                    "1": 0.0,
                    "5": 0.0,
                    "10": 0.0,
                    "25": 0.1395953738647505,
                    "50": 0.31546487678572877,
                    "75": 0.5086448715534547,
                    "90": 0.6787659624568103,
                    "95": 0.7729035544242295,
                    "99": 0.9097832499695672
                }
            }
        },
        "50": {
            "coverage": 0.0,
            "recall": {
                "mean": 0.44137977774790177,
                "std": 0.24813919002707627,
                "se": 0.0012406959501353814,
                "min": 0.0,
                "max": 1.0,
                "percentiles": {
                    "1": 0.0,
                    "5": 0.0,
                    "10": 0.13636363636363635,
                    "25": 0.2916666666666667,
                    "50": 0.42105263157894735,
                    "75": 0.5714285714285714,
                    "90": 0.76,
                    "95": 1.0,
                    "99": 1.0
                }
            },
            "ndcg": {
                "mean": 0.3538982463600302,
                "std": 0.20613291212704854,
                "se": 0.0010306645606352428,
                "min": 0.0,
                "max": 1.0,
                "percentiles": {
                    "1": 0.0,
                    "5": 0.0,
                    "10": 0.07056129266703114,
                    "25": 0.201435633559866,
                    "50": 0.35684634668267107,
                    "75": 0.49875151291919684,
                    "90": 0.6186854805975698,
                    "95": 0.6902465754602766,
                    "99": 0.8302231700700393
                }
            }
        },
        "100": {
            "coverage": 0.0,
            "recall": {
                "mean": 0.5490110529381207,
                "std": 0.2471103382719356,
                "se": 0.001235551691359678,
                "min": 0.0,
                "max": 1.0,
                "percentiles": {
                    "1": 0.0,
                    "5": 0.0,
                    "10": 0.2608695652173913,
                    "25": 0.4,
                    "50": 0.5265987549518958,
                    "75": 0.6875,
                    "90": 1.0,
                    "95": 1.0,
                    "99": 1.0
                }
            },
            "ndcg": {
                "mean": 0.39139592617292246,
                "std": 0.1999402881546626,
                "se": 0.000999701440773313,
                "min": 0.0,
                "max": 1.0,
                "percentiles": {
                    "1": 0.0,
                    "5": 0.0,
                    "10": 0.1125388887954676,
                    "25": 0.24493337120739772,
                    "50": 0.4058479183700172,
                    "75": 0.5371013692207671,
                    "90": 0.6335006896479078,
                    "95": 0.6958114053759673,
                    "99": 0.828294251108811
                }
            }
        }
    }
}