{
    "dataset": {
        "name": "netflix",
        "rewrite": false
    },
    "split": {
        "n_val_users": 40000,
        "n_test_users": 40000,
        "seed": 42,
        "target_proportion": 0.2,
        "targets_newest": false
    },
    "model": {
        "general": {
            "model": "MRF",
            "checkpoints_folder": "models/checkpoints/",
            "retrain": true,
            "save": false
        },
        "model_specific": {
            "l2": 1.0,
            "alpha": 0.75,
            "threshold": 0.3,
            "maxInColumn": 1000,
            "rr": 0,
            "sparse_evaluation": false
        }
    },
    "evaluation": {
        "split": "test",
        "metrics": [
            "recall",
            "ndcg"
        ],
        "ks": [
            20,
            50,
            100
        ],
        "experiment_folder": "experiments/accuracy"
    },
    "performance": {
        "time": {
            "sparsity_pattern_time": 12.276210282001557,
            "sparse_estimation_time": 164.97437604000152,
            "sparse_solution_time": 177.25182565000068,
            "construct_weights_time": 193.46026080400043,
            "matmat_times": [
                0.17424724000011338
            ],
            "predict_time": 0.7265311729970563,
            "pipeline": {
                "dataset_load_time": 2.029294086001755,
                "dataset_split_time": 0.0,
                "data_preparation_time": 3.6788236430002144,
                "model_preparation_time": 197.2008120440005,
                "evaluation_time": 38.527937760001805
            }
        },
        "memory": {
            "density": 0.020326115286686014
        }
    },
    "results": {
        "20": {
            "coverage": 0.0,
            "recall": {
                "mean": 0.361774447210641,
                "std": 0.2574220278631906,
                "se": 0.0012871101393159528,
                "min": 0.0,
                "max": 1.0,
                "percentiles": {
                    "1": 0.0,
                    "5": 0.0,
                    "10": 0.0,
                    "25": 0.17647058823529413,
                    "50": 0.3333333333333333,
                    "75": 0.5,
                    "90": 0.7,
                    "95": 0.85,
                    "99": 1.0
                }
            },
            "ndcg": {
                "mean": 0.3387070950873759,
                "std": 0.24560427610070523,
                "se": 0.0012280213805035262,
                "min": 0.0,
                "max": 1.0,
                "percentiles": {
                    "1": 0.0,
                    "5": 0.0,
                    "10": 0.0,
                    "25": 0.1397540529174548,
                    "50": 0.3156484524795145,
                    "75": 0.5109559939712153,
                    "90": 0.6853086420933363,
                    "95": 0.7804549165757788,
                    "99": 0.9256287602453156
                }
            }
        },
        "50": {
            "coverage": 0.0,
            "recall": {
                "mean": 0.4428374623178034,
                "std": 0.24873573861326453,
                "se": 0.0012436786930663227,
                "min": 0.0,
                "max": 1.0,
                "percentiles": {
                    "1": 0.0,
                    "5": 0.0,
                    "10": 0.14,
                    "25": 0.29411764705882354,
                    "50": 0.42105263157894735,
                    "75": 0.5714285714285714,
                    "90": 0.7777777777777778,
                    "95": 1.0,
                    "99": 1.0
                }
            },
            "ndcg": {
                "mean": 0.35518774997935326,
                "std": 0.20747036720167444,
                "se": 0.0010373518360083723,
                "min": 0.0,
                "max": 1.0,
                "percentiles": {
                    "1": 0.0,
                    "5": 0.0,
                    "10": 0.07035680323970717,
                    "25": 0.20210734650054757,
                    "50": 0.3577648722237617,
                    "75": 0.5,
                    "90": 0.6214784764628895,
                    "95": 0.6957150831084642,
                    "99": 0.842124555081556
                }
            }
        },
        "100": {
            "coverage": 0.0,
            "recall": {
                "mean": 0.5505401557079224,
                "std": 0.2461996841537679,
                "se": 0.0012309984207688396,
                "min": 0.0,
                "max": 1.0,
                "percentiles": {
                    "1": 0.0,
                    "5": 0.0,
                    "10": 0.26666666666666666,
                    "25": 0.40625,
                    "50": 0.5294117647058824,
                    "75": 0.6896551724137931,
                    "90": 1.0,
                    "95": 1.0,
                    "99": 1.0
                }
            },
            "ndcg": {
                "mean": 0.39248248771731387,
                "std": 0.2003144682092851,
                "se": 0.0010015723410464255,
                "min": 0.0,
                "max": 1.0,
                "percentiles": {
                    "1": 0.0,
                    "5": 0.0,
                    "10": 0.11339290373189756,
                    "25": 0.2455335907121051,
                    "50": 0.40685989095933994,
                    "75": 0.5385863145383817,
                    "90": 0.6356068765893812,
                    "95": 0.6977574371307169,
                    "99": 0.8309584466859616
                }
            }
        }
    }
}