{
    "dataset": {
        "name": "netflix",
        "rewrite": false
    },
    "split": {
        "n_val_users": 40000,
        "n_test_users": 40000,
        "seed": 42,
        "target_proportion": 0.2,
        "targets_newest": false
    },
    "model": {
        "general": {
            "model": "MRF",
            "checkpoints_folder": "models/checkpoints/",
            "retrain": true,
            "save": false
        },
        "model_specific": {
            "l2": 1.0,
            "alpha": 0.75,
            "threshold": 0.999,
            "maxInColumn": 1000,
            "rr": 0,
            "sparse_evaluation": false
        }
    },
    "evaluation": {
        "split": "test",
        "metrics": [
            "recall",
            "ndcg"
        ],
        "ks": [
            20,
            50,
            100
        ],
        "experiment_folder": "experiments/accuracy"
    },
    "performance": {
        "time": {
            "sparsity_pattern_time": 1.8965499289988657,
            "sparse_estimation_time": 40.412468480000825,
            "sparse_solution_time": 42.31005574500159,
            "construct_weights_time": 58.54139868600032,
            "matmat_times": [
                0.06769499399888446
            ],
            "predict_time": 0.33109892699940247,
            "pipeline": {
                "dataset_load_time": 2.03954862899991,
                "dataset_split_time": 0.0,
                "data_preparation_time": 3.629786684999999,
                "model_preparation_time": 62.4060818120015,
                "evaluation_time": 29.109574867998163
            }
        },
        "memory": {
            "density": 0.005482898807151302
        }
    },
    "results": {
        "20": {
            "coverage": 0.0,
            "recall": {
                "mean": 0.36022861929275146,
                "std": 0.25722602151511775,
                "se": 0.0012861301075755888,
                "min": 0.0,
                "max": 1.0,
                "percentiles": {
                    "1": 0.0,
                    "5": 0.0,
                    "10": 0.0,
                    "25": 0.16666666666666666,
                    "50": 0.3333333333333333,
                    "75": 0.5,
                    "90": 0.7,
                    "95": 0.85,
                    "99": 1.0
                }
            },
            "ndcg": {
                "mean": 0.3376843927121512,
                "std": 0.24569170746028163,
                "se": 0.0012284585373014082,
                "min": 0.0,
                "max": 1.0,
                "percentiles": {
                    "1": 0.0,
                    "5": 0.0,
                    "10": 0.0,
                    "25": 0.13905617951077562,
                    "50": 0.3153059571661382,
                    "75": 0.509906881805226,
                    "90": 0.6840564202282021,
                    "95": 0.7807598878557933,
                    "99": 0.9252590738460782
                }
            }
        },
        "50": {
            "coverage": 0.0,
            "recall": {
                "mean": 0.4406194940501333,
                "std": 0.2486816346552696,
                "se": 0.001243408173276348,
                "min": 0.0,
                "max": 1.0,
                "percentiles": {
                    "1": 0.0,
                    "5": 0.0,
                    "10": 0.12903225806451613,
                    "25": 0.2894736842105263,
                    "50": 0.42,
                    "75": 0.5714285714285714,
                    "90": 0.7647058823529411,
                    "95": 1.0,
                    "99": 1.0
                }
            },
            "ndcg": {
                "mean": 0.3538233754850353,
                "std": 0.20755943313815495,
                "se": 0.0010377971656907747,
                "min": 0.0,
                "max": 1.0,
                "percentiles": {
                    "1": 0.0,
                    "5": 0.0,
                    "10": 0.06882065896991112,
                    "25": 0.20052487997672835,
                    "50": 0.3562071871080222,
                    "75": 0.49927509052624125,
                    "90": 0.6199927132642956,
                    "95": 0.6947457224594066,
                    "99": 0.8412402659690882
                }
            }
        },
        "100": {
            "coverage": 0.0,
            "recall": {
                "mean": 0.5469070549712464,
                "std": 0.24718153997296327,
                "se": 0.0012359076998648163,
                "min": 0.0,
                "max": 1.0,
                "percentiles": {
                    "1": 0.0,
                    "5": 0.0,
                    "10": 0.25,
                    "25": 0.4,
                    "50": 0.5254237288135594,
                    "75": 0.6842105263157895,
                    "90": 1.0,
                    "95": 1.0,
                    "99": 1.0
                }
            },
            "ndcg": {
                "mean": 0.3905988785939489,
                "std": 0.20069874332372278,
                "se": 0.001003493716618614,
                "min": 0.0,
                "max": 1.0,
                "percentiles": {
                    "1": 0.0,
                    "5": 0.0,
                    "10": 0.11038570254939233,
                    "25": 0.24404239551113183,
                    "50": 0.4052803217552605,
                    "75": 0.5369882907970057,
                    "90": 0.6335685016788025,
                    "95": 0.6961729281392824,
                    "99": 0.8278173345546376
                }
            }
        }
    }
}