{
    "dataset": {
        "name": "netflix",
        "rewrite": false
    },
    "split": {
        "n_val_users": 40000,
        "n_test_users": 40000,
        "seed": 42,
        "target_proportion": 0.2,
        "targets_newest": false
    },
    "model": {
        "general": {
            "model": "MRF",
            "checkpoints_folder": "models/checkpoints/",
            "retrain": true,
            "save": false
        },
        "model_specific": {
            "l2": 1.0,
            "alpha": 0.75,
            "threshold": 0.3,
            "maxInColumn": 1000,
            "rr": 0.1,
            "sparse_evaluation": false
        }
    },
    "evaluation": {
        "split": "test",
        "metrics": [
            "recall",
            "ndcg"
        ],
        "ks": [
            20,
            50,
            100
        ],
        "experiment_folder": "experiments/accuracy"
    },
    "performance": {
        "time": {
            "sparsity_pattern_time": 12.268603024000186,
            "sparse_estimation_time": 106.52918387400132,
            "sparse_solution_time": 118.79874261299847,
            "construct_weights_time": 135.0107440699976,
            "matmat_times": [
                0.17182821999813314
            ],
            "predict_time": 0.7209685950001585,
            "pipeline": {
                "dataset_load_time": 2.0015715879999334,
                "dataset_split_time": 0.0,
                "data_preparation_time": 3.5686816650013498,
                "model_preparation_time": 138.65498719899915,
                "evaluation_time": 38.630386881999584
            }
        },
        "memory": {
            "density": 0.020326115286686014
        }
    },
    "results": {
        "20": {
            "coverage": 0.0,
            "recall": {
                "mean": 0.3613853486579425,
                "std": 0.2557412845755985,
                "se": 0.0012787064228779927,
                "min": 0.0,
                "max": 1.0,
                "percentiles": {
                    "1": 0.0,
                    "5": 0.0,
                    "10": 0.0,
                    "25": 0.17647058823529413,
                    "50": 0.3333333333333333,
                    "75": 0.5,
                    "90": 0.7,
                    "95": 0.85,
                    "99": 1.0
                }
            },
            "ndcg": {
                "mean": 0.3380731145226174,
                "std": 0.24353727291864072,
                "se": 0.0012176863645932037,
                "min": 0.0,
                "max": 1.0,
                "percentiles": {
                    "1": 0.0,
                    "5": 0.0,
                    "10": 0.0,
                    "25": 0.14027477493290852,
                    "50": 0.3161251826733555,
                    "75": 0.5100789321697411,
                    "90": 0.6814691571064715,
                    "95": 0.77450863361895,
                    "99": 0.9142725365804298
                }
            }
        },
        "50": {
            "coverage": 0.0,
            "recall": {
                "mean": 0.44261537572454973,
                "std": 0.24812281312443532,
                "se": 0.0012406140656221767,
                "min": 0.0,
                "max": 1.0,
                "percentiles": {
                    "1": 0.0,
                    "5": 0.0,
                    "10": 0.14285714285714285,
                    "25": 0.29411764705882354,
                    "50": 0.42105263157894735,
                    "75": 0.5714285714285714,
                    "90": 0.7669230769230733,
                    "95": 1.0,
                    "99": 1.0
                }
            },
            "ndcg": {
                "mean": 0.35482287579875804,
                "std": 0.20637242467686429,
                "se": 0.0010318621233843213,
                "min": 0.0,
                "max": 1.0,
                "percentiles": {
                    "1": 0.0,
                    "5": 0.0,
                    "10": 0.07190226952819508,
                    "25": 0.20210734650054757,
                    "50": 0.3576022104285519,
                    "75": 0.49941630437811185,
                    "90": 0.6197123537671168,
                    "95": 0.6926235649291266,
                    "99": 0.8315546295836225
                }
            }
        },
        "100": {
            "coverage": 0.0,
            "recall": {
                "mean": 0.5509498440480181,
                "std": 0.2464804052059284,
                "se": 0.001232402026029642,
                "min": 0.0,
                "max": 1.0,
                "percentiles": {
                    "1": 0.0,
                    "5": 0.0,
                    "10": 0.26666666666666666,
                    "25": 0.40625,
                    "50": 0.5294117647058824,
                    "75": 0.69,
                    "90": 1.0,
                    "95": 1.0,
                    "99": 1.0
                }
            },
            "ndcg": {
                "mean": 0.39249758681330504,
                "std": 0.19986723186423047,
                "se": 0.0009993361593211524,
                "min": 0.0,
                "max": 1.0,
                "percentiles": {
                    "1": 0.0,
                    "5": 0.0,
                    "10": 0.11426219305318007,
                    "25": 0.24630238874073,
                    "50": 0.4069169126211874,
                    "75": 0.5382547012539161,
                    "90": 0.6351082546563486,
                    "95": 0.6965897954623428,
                    "99": 0.8292188119878078
                }
            }
        }
    }
}