{
    "dataset": {
        "name": "netflix",
        "rewrite": false
    },
    "split": {
        "n_val_users": 40000,
        "n_test_users": 40000,
        "seed": 42,
        "target_proportion": 0.2,
        "targets_newest": false
    },
    "model": {
        "general": {
            "model": "MRF",
            "checkpoints_folder": "models/checkpoints/",
            "retrain": true,
            "save": false
        },
        "model_specific": {
            "l2": 1.0,
            "alpha": 0.75,
            "threshold": 0.64,
            "maxInColumn": 1000,
            "rr": 0.5,
            "sparse_evaluation": false
        }
    },
    "evaluation": {
        "split": "test",
        "metrics": [
            "recall",
            "ndcg"
        ],
        "ks": [
            20,
            50,
            100
        ],
        "experiment_folder": "experiments/accuracy"
    },
    "performance": {
        "time": {
            "sparsity_pattern_time": 3.382846161002817,
            "sparse_estimation_time": 32.8929644910022,
            "sparse_solution_time": 36.27686909499971,
            "construct_weights_time": 52.46087275999889,
            "matmat_times": [
                0.10823342599906027
            ],
            "predict_time": 0.46741041600034805,
            "pipeline": {
                "dataset_load_time": 2.0244741830028943,
                "dataset_split_time": 0.0,
                "data_preparation_time": 3.7955835499997193,
                "model_preparation_time": 56.407594888998574,
                "evaluation_time": 32.5348414120017
            }
        },
        "memory": {
            "density": 0.009944705276737902
        }
    },
    "results": {
        "20": {
            "coverage": 0.0,
            "recall": {
                "mean": 0.3565379623779643,
                "std": 0.25154376125980504,
                "se": 0.0012577188062990253,
                "min": 0.0,
                "max": 1.0,
                "percentiles": {
                    "1": 0.0,
                    "5": 0.0,
                    "10": 0.0,
                    "25": 0.17647058823529413,
                    "50": 0.3333333333333333,
                    "75": 0.5,
                    "90": 0.7,
                    "95": 0.8,
                    "99": 1.0
                }
            },
            "ndcg": {
                "mean": 0.3326460491869963,
                "std": 0.23785752027127385,
                "se": 0.0011892876013563692,
                "min": 0.0,
                "max": 1.0,
                "percentiles": {
                    "1": 0.0,
                    "5": 0.0,
                    "10": 0.0,
                    "25": 0.14019991073143673,
                    "50": 0.31324058671525196,
                    "75": 0.5015298484590875,
                    "90": 0.6627688365193383,
                    "95": 0.7529397042069396,
                    "99": 0.8911974013476616
                }
            }
        },
        "50": {
            "coverage": 0.0,
            "recall": {
                "mean": 0.4393596096608618,
                "std": 0.24771006021229053,
                "se": 0.0012385503010614526,
                "min": 0.0,
                "max": 1.0,
                "percentiles": {
                    "1": 0.0,
                    "5": 0.0,
                    "10": 0.13333333333333333,
                    "25": 0.2857142857142857,
                    "50": 0.42,
                    "75": 0.5714285714285714,
                    "90": 0.75,
                    "95": 1.0,
                    "99": 1.0
                }
            },
            "ndcg": {
                "mean": 0.3510474958873364,
                "std": 0.20371218128775,
                "se": 0.00101856090643875,
                "min": 0.0,
                "max": 1.0,
                "percentiles": {
                    "1": 0.0,
                    "5": 0.0,
                    "10": 0.07039701041888234,
                    "25": 0.20135251190536899,
                    "50": 0.35448409690546184,
                    "75": 0.4945976316424609,
                    "90": 0.6131471927654584,
                    "95": 0.6809806544397475,
                    "99": 0.8221545435956283
                }
            }
        },
        "100": {
            "coverage": 0.0,
            "recall": {
                "mean": 0.5480444834543827,
                "std": 0.24739253221948873,
                "se": 0.0012369626610974436,
                "min": 0.0,
                "max": 1.0,
                "percentiles": {
                    "1": 0.0,
                    "5": 0.0,
                    "10": 0.25806451612903225,
                    "25": 0.4,
                    "50": 0.5238095238095238,
                    "75": 0.6865808823529411,
                    "90": 1.0,
                    "95": 1.0,
                    "99": 1.0
                }
            },
            "ndcg": {
                "mean": 0.38925115613981986,
                "std": 0.19859870969104187,
                "se": 0.0009929935484552094,
                "min": 0.0,
                "max": 1.0,
                "percentiles": {
                    "1": 0.0,
                    "5": 0.0,
                    "10": 0.1125388887954676,
                    "25": 0.24512504017160966,
                    "50": 0.40298517946774026,
                    "75": 0.5324340718668774,
                    "90": 0.6312888216591067,
                    "95": 0.6932973634790524,
                    "99": 0.8248470862275302
                }
            }
        }
    }
}