{
    "dataset": {
        "name": "netflix",
        "rewrite": false
    },
    "split": {
        "n_val_users": 40000,
        "n_test_users": 40000,
        "seed": 42,
        "target_proportion": 0.2,
        "targets_newest": false
    },
    "model": {
        "general": {
            "model": "MRF",
            "checkpoints_folder": "models/checkpoints/",
            "retrain": true,
            "save": false
        },
        "model_specific": {
            "l2": 1.0,
            "alpha": 0.75,
            "threshold": 0.999,
            "maxInColumn": 1000,
            "rr": 0.5,
            "sparse_evaluation": false
        }
    },
    "evaluation": {
        "split": "test",
        "metrics": [
            "recall",
            "ndcg"
        ],
        "ks": [
            20,
            50,
            100
        ],
        "experiment_folder": "experiments/accuracy"
    },
    "performance": {
        "time": {
            "sparsity_pattern_time": 1.9092806389999168,
            "sparse_estimation_time": 12.996107406997908,
            "sparse_solution_time": 14.906285484001273,
            "construct_weights_time": 31.101521698998113,
            "matmat_times": [
                0.07283363699752954
            ],
            "predict_time": 0.33554988400283037,
            "pipeline": {
                "dataset_load_time": 2.16426226099793,
                "dataset_split_time": 0.0,
                "data_preparation_time": 3.7862159879987303,
                "model_preparation_time": 34.76508075499805,
                "evaluation_time": 29.03599194799972
            }
        },
        "memory": {
            "density": 0.005482898807151302
        }
    },
    "results": {
        "20": {
            "coverage": 0.0,
            "recall": {
                "mean": 0.35216282004244465,
                "std": 0.24952723807571575,
                "se": 0.0012476361903785787,
                "min": 0.0,
                "max": 1.0,
                "percentiles": {
                    "1": 0.0,
                    "5": 0.0,
                    "10": 0.0,
                    "25": 0.16666666666666666,
                    "50": 0.3333333333333333,
                    "75": 0.5,
                    "90": 0.6666666666666666,
                    "95": 0.8,
                    "99": 1.0
                }
            },
            "ndcg": {
                "mean": 0.32825313147828394,
                "std": 0.23484142102189903,
                "se": 0.0011742071051094951,
                "min": 0.0,
                "max": 1.0,
                "percentiles": {
                    "1": 0.0,
                    "5": 0.0,
                    "10": 0.0,
                    "25": 0.13787148453938206,
                    "50": 0.31058454721076284,
                    "75": 0.49700654438071723,
                    "90": 0.6523833053149293,
                    "95": 0.7428311068352141,
                    "99": 0.8826502284142478
                }
            }
        },
        "50": {
            "coverage": 0.0,
            "recall": {
                "mean": 0.4353729546027624,
                "std": 0.24695694413764963,
                "se": 0.001234784720688248,
                "min": 0.0,
                "max": 1.0,
                "percentiles": {
                    "1": 0.0,
                    "5": 0.0,
                    "10": 0.13043478260869565,
                    "25": 0.2857142857142857,
                    "50": 0.4166666666666667,
                    "75": 0.56,
                    "90": 0.75,
                    "95": 1.0,
                    "99": 1.0
                }
            },
            "ndcg": {
                "mean": 0.34715527944434293,
                "std": 0.20186617544662752,
                "se": 0.0010093308772331376,
                "min": 0.0,
                "max": 1.0,
                "percentiles": {
                    "1": 0.0,
                    "5": 0.0,
                    "10": 0.06916902856231065,
                    "25": 0.1988711022912107,
                    "50": 0.35054552971937597,
                    "75": 0.48976431004569754,
                    "90": 0.6082627770024267,
                    "95": 0.6727143965211816,
                    "99": 0.8162540186889558
                }
            }
        },
        "100": {
            "coverage": 0.0,
            "recall": {
                "mean": 0.5432762018548234,
                "std": 0.24803064359283813,
                "se": 0.0012401532179641907,
                "min": 0.0,
                "max": 1.0,
                "percentiles": {
                    "1": 0.0,
                    "5": 0.0,
                    "10": 0.25,
                    "25": 0.4,
                    "50": 0.5172413793103449,
                    "75": 0.675,
                    "90": 1.0,
                    "95": 1.0,
                    "99": 1.0
                }
            },
            "ndcg": {
                "mean": 0.3852808640911889,
                "std": 0.19759620056591487,
                "se": 0.0009879810028295744,
                "min": 0.0,
                "max": 1.0,
                "percentiles": {
                    "1": 0.0,
                    "5": 0.0,
                    "10": 0.11038570254939233,
                    "25": 0.2420161242672534,
                    "50": 0.398310820395693,
                    "75": 0.5271900590411177,
                    "90": 0.6284930648148163,
                    "95": 0.6889866271447056,
                    "99": 0.822731720541317
                }
            }
        }
    }
}