{
    "dataset": {
        "name": "netflix",
        "rewrite": false
    },
    "split": {
        "n_val_users": 40000,
        "n_test_users": 40000,
        "seed": 42,
        "target_proportion": 0.2,
        "targets_newest": false
    },
    "model": {
        "general": {
            "model": "MRF",
            "checkpoints_folder": "models/checkpoints/",
            "retrain": true,
            "save": false
        },
        "model_specific": {
            "l2": 1.0,
            "alpha": 0.75,
            "threshold": 0.64,
            "maxInColumn": 1000,
            "rr": 0,
            "sparse_evaluation": false
        }
    },
    "evaluation": {
        "split": "test",
        "metrics": [
            "recall",
            "ndcg"
        ],
        "ks": [
            20,
            50,
            100
        ],
        "experiment_folder": "experiments/accuracy"
    },
    "performance": {
        "time": {
            "sparsity_pattern_time": 3.3752097959986713,
            "sparse_estimation_time": 77.83556909300023,
            "sparse_solution_time": 81.2117700609997,
            "construct_weights_time": 97.40294386499954,
            "matmat_times": [
                0.10987189600200509
            ],
            "predict_time": 0.4711031709994131,
            "pipeline": {
                "dataset_load_time": 2.025554960997397,
                "dataset_split_time": 0.0,
                "data_preparation_time": 3.621514004000346,
                "model_preparation_time": 101.1007184950031,
                "evaluation_time": 32.37609461900138
            }
        },
        "memory": {
            "density": 0.009944705276737902
        }
    },
    "results": {
        "20": {
            "coverage": 0.0,
            "recall": {
                "mean": 0.3616671416127947,
                "std": 0.25734147690363635,
                "se": 0.0012867073845181818,
                "min": 0.0,
                "max": 1.0,
                "percentiles": {
                    "1": 0.0,
                    "5": 0.0,
                    "10": 0.0,
                    "25": 0.17647058823529413,
                    "50": 0.3333333333333333,
                    "75": 0.5,
                    "90": 0.7,
                    "95": 0.85,
                    "99": 1.0
                }
            },
            "ndcg": {
                "mean": 0.3385299604409045,
                "std": 0.24555391368145715,
                "se": 0.0012277695684072857,
                "min": 0.0,
                "max": 1.0,
                "percentiles": {
                    "1": 0.0,
                    "5": 0.0,
                    "10": 0.0,
                    "25": 0.1395953738647505,
                    "50": 0.31546487678572877,
                    "75": 0.5104662383698584,
                    "90": 0.6849227714953031,
                    "95": 0.7807399960029078,
                    "99": 0.9249069531117436
                }
            }
        },
        "50": {
            "coverage": 0.0,
            "recall": {
                "mean": 0.4424186985730333,
                "std": 0.24886045207149765,
                "se": 0.0012443022603574883,
                "min": 0.0,
                "max": 1.0,
                "percentiles": {
                    "1": 0.0,
                    "5": 0.0,
                    "10": 0.13513513513513514,
                    "25": 0.29411764705882354,
                    "50": 0.42105263157894735,
                    "75": 0.5714285714285714,
                    "90": 0.7777777777777778,
                    "95": 1.0,
                    "99": 1.0
                }
            },
            "ndcg": {
                "mean": 0.35488716058330877,
                "std": 0.20749171097718647,
                "se": 0.0010374585548859323,
                "min": 0.0,
                "max": 1.0,
                "percentiles": {
                    "1": 0.0,
                    "5": 0.0,
                    "10": 0.07001560573318603,
                    "25": 0.20184908658209985,
                    "50": 0.3574145426823476,
                    "75": 0.5,
                    "90": 0.6211316166735382,
                    "95": 0.6948559803284838,
                    "99": 0.8425490470611895
                }
            }
        },
        "100": {
            "coverage": 0.0,
            "recall": {
                "mean": 0.5497496869148338,
                "std": 0.2466700004903813,
                "se": 0.0012333500024519065,
                "min": 0.0,
                "max": 1.0,
                "percentiles": {
                    "1": 0.0,
                    "5": 0.0,
                    "10": 0.26147157190635456,
                    "25": 0.4044943820224719,
                    "50": 0.5294117647058824,
                    "75": 0.6888888888888889,
                    "90": 1.0,
                    "95": 1.0,
                    "99": 1.0
                }
            },
            "ndcg": {
                "mean": 0.3920616200438442,
                "std": 0.20042541815980622,
                "se": 0.001002127090799031,
                "min": 0.0,
                "max": 1.0,
                "percentiles": {
                    "1": 0.0,
                    "5": 0.0,
                    "10": 0.1125388887954676,
                    "25": 0.24537333170221678,
                    "50": 0.4064740151965627,
                    "75": 0.5384422064273039,
                    "90": 0.6351642767466326,
                    "95": 0.6973053100610085,
                    "99": 0.8293890005874269
                }
            }
        }
    }
}