{
    "dataset": {
        "name": "netflix",
        "rewrite": false
    },
    "split": {
        "n_val_users": 40000,
        "n_test_users": 40000,
        "seed": 42,
        "target_proportion": 0.2,
        "targets_newest": false
    },
    "model": {
        "general": {
            "model": "MRF",
            "checkpoints_folder": "models/checkpoints/",
            "retrain": true,
            "save": false
        },
        "model_specific": {
            "l2": 1.0,
            "alpha": 0.75,
            "threshold": 0.3,
            "maxInColumn": 1000,
            "rr": 0.5,
            "sparse_evaluation": false
        }
    },
    "evaluation": {
        "split": "test",
        "metrics": [
            "recall",
            "ndcg"
        ],
        "ks": [
            20,
            50,
            100
        ],
        "experiment_folder": "experiments/accuracy"
    },
    "performance": {
        "time": {
            "sparsity_pattern_time": 12.340039407001314,
            "sparse_estimation_time": 106.96809355900041,
            "sparse_solution_time": 119.30921874200067,
            "construct_weights_time": 135.60196648400233,
            "matmat_times": [
                0.17348676999972668
            ],
            "predict_time": 0.7222384169981524,
            "pipeline": {
                "dataset_load_time": 2.0135304750001524,
                "dataset_split_time": 0.0,
                "data_preparation_time": 3.698106252002617,
                "model_preparation_time": 139.33861488899856,
                "evaluation_time": 38.682796110999334
            }
        },
        "memory": {
            "density": 0.020326115286686014
        }
    },
    "results": {
        "20": {
            "coverage": 0.0,
            "recall": {
                "mean": 0.3589354110543739,
                "std": 0.2527544007208169,
                "se": 0.0012637720036040845,
                "min": 0.0,
                "max": 1.0,
                "percentiles": {
                    "1": 0.0,
                    "5": 0.0,
                    "10": 0.0,
                    "25": 0.18181818181818182,
                    "50": 0.3333333333333333,
                    "75": 0.5,
                    "90": 0.7,
                    "95": 0.8333333333333334,
                    "99": 1.0
                }
            },
            "ndcg": {
                "mean": 0.3350541938415718,
                "std": 0.23937873061659684,
                "se": 0.0011968936530829843,
                "min": 0.0,
                "max": 1.0,
                "percentiles": {
                    "1": 0.0,
                    "5": 0.0,
                    "10": 0.0,
                    "25": 0.14126697285982898,
                    "50": 0.31546487678572877,
                    "75": 0.5034645694150017,
                    "90": 0.6678165713624373,
                    "95": 0.7607693498778985,
                    "99": 0.8946875069281303
                }
            }
        },
        "50": {
            "coverage": 0.0,
            "recall": {
                "mean": 0.44150679794745784,
                "std": 0.24747025742847467,
                "se": 0.0012373512871423733,
                "min": 0.0,
                "max": 1.0,
                "percentiles": {
                    "1": 0.0,
                    "5": 0.0,
                    "10": 0.14285714285714285,
                    "25": 0.29411764705882354,
                    "50": 0.42,
                    "75": 0.5714285714285714,
                    "90": 0.76,
                    "95": 1.0,
                    "99": 1.0
                }
            },
            "ndcg": {
                "mean": 0.35307269721270906,
                "std": 0.20427872236598343,
                "se": 0.0010213936118299172,
                "min": 0.0,
                "max": 1.0,
                "percentiles": {
                    "1": 0.0,
                    "5": 0.0,
                    "10": 0.07286537763060504,
                    "25": 0.20278459728163079,
                    "50": 0.3562071871080222,
                    "75": 0.49684667534041105,
                    "90": 0.6149486619334792,
                    "95": 0.6857126302223955,
                    "99": 0.8255223346016114
                }
            }
        },
        "100": {
            "coverage": 0.0,
            "recall": {
                "mean": 0.5504471791451775,
                "std": 0.24657699927886229,
                "se": 0.0012328849963943115,
                "min": 0.0,
                "max": 1.0,
                "percentiles": {
                    "1": 0.0,
                    "5": 0.0,
                    "10": 0.26666666666666666,
                    "25": 0.4044943820224719,
                    "50": 0.5277777777777778,
                    "75": 0.6923076923076923,
                    "90": 1.0,
                    "95": 1.0,
                    "99": 1.0
                }
            },
            "ndcg": {
                "mean": 0.3912718291909189,
                "std": 0.19865028034233764,
                "se": 0.0009932514017116881,
                "min": 0.0,
                "max": 1.0,
                "percentiles": {
                    "1": 0.0,
                    "5": 0.0,
                    "10": 0.11480929472601784,
                    "25": 0.24634651409973385,
                    "50": 0.4054617697728443,
                    "75": 0.5352522926802413,
                    "90": 0.6322148881210977,
                    "95": 0.6948909327102598,
                    "99": 0.8269254262442612
                }
            }
        }
    }
}