{
    "dataset": {
        "name": "netflix",
        "rewrite": false
    },
    "split": {
        "n_val_users": 40000,
        "n_test_users": 40000,
        "seed": 42,
        "target_proportion": 0.2,
        "targets_newest": false
    },
    "model": {
        "general": {
            "model": "MRF",
            "checkpoints_folder": "models/checkpoints/",
            "retrain": true,
            "save": false
        },
        "model_specific": {
            "l2": 1.0,
            "alpha": 0.75,
            "threshold": 0.999,
            "maxInColumn": 1000,
            "rr": 0.1,
            "sparse_evaluation": false
        }
    },
    "evaluation": {
        "split": "test",
        "metrics": [
            "recall",
            "ndcg"
        ],
        "ks": [
            20,
            50,
            100
        ],
        "experiment_folder": "experiments/accuracy"
    },
    "performance": {
        "time": {
            "sparsity_pattern_time": 1.8977256270009093,
            "sparse_estimation_time": 18.834981566997158,
            "sparse_solution_time": 20.733652447001077,
            "construct_weights_time": 36.94919915100036,
            "matmat_times": [
                0.07245595099811908
            ],
            "predict_time": 0.33618851199935307,
            "pipeline": {
                "dataset_load_time": 2.023847778000345,
                "dataset_split_time": 0.0,
                "data_preparation_time": 3.591194702003122,
                "model_preparation_time": 40.62278724499993,
                "evaluation_time": 29.00465177300066
            }
        },
        "memory": {
            "density": 0.005482898807151302
        }
    },
    "results": {
        "20": {
            "coverage": 0.0,
            "recall": {
                "mean": 0.35813697250354565,
                "std": 0.2542722835901969,
                "se": 0.0012713614179509843,
                "min": 0.0,
                "max": 1.0,
                "percentiles": {
                    "1": 0.0,
                    "5": 0.0,
                    "10": 0.0,
                    "25": 0.16666666666666666,
                    "50": 0.3333333333333333,
                    "75": 0.5,
                    "90": 0.7,
                    "95": 0.8333333333333334,
                    "99": 1.0
                }
            },
            "ndcg": {
                "mean": 0.3350042791255445,
                "std": 0.24171166446922585,
                "se": 0.0012085583223461292,
                "min": 0.0,
                "max": 1.0,
                "percentiles": {
                    "1": 0.0,
                    "5": 0.0,
                    "10": 0.0,
                    "25": 0.13886244387355456,
                    "50": 0.31373523818516813,
                    "75": 0.5051694136207876,
                    "90": 0.6727263604341206,
                    "95": 0.7667544061283105,
                    "99": 0.9001640532234408
                }
            }
        },
        "50": {
            "coverage": 0.0,
            "recall": {
                "mean": 0.438676783760145,
                "std": 0.24784254170181422,
                "se": 0.001239212708509071,
                "min": 0.0,
                "max": 1.0,
                "percentiles": {
                    "1": 0.0,
                    "5": 0.0,
                    "10": 0.12739361702127683,
                    "25": 0.2857142857142857,
                    "50": 0.42,
                    "75": 0.5714285714285714,
                    "90": 0.75,
                    "95": 1.0,
                    "99": 1.0
                }
            },
            "ndcg": {
                "mean": 0.35181505204137686,
                "std": 0.2055275724764417,
                "se": 0.0010276378623822085,
                "min": 0.0,
                "max": 1.0,
                "percentiles": {
                    "1": 0.0,
                    "5": 0.0,
                    "10": 0.0683126468552987,
                    "25": 0.19994432690021996,
                    "50": 0.35559393080744117,
                    "75": 0.49582400835697343,
                    "90": 0.6159595535371669,
                    "95": 0.6873232313641813,
                    "99": 0.8288993752798184
                }
            }
        },
        "100": {
            "coverage": 0.0,
            "recall": {
                "mean": 0.5457882513664841,
                "std": 0.2475836806015561,
                "se": 0.0012379184030077805,
                "min": 0.0,
                "max": 1.0,
                "percentiles": {
                    "1": 0.0,
                    "5": 0.0,
                    "10": 0.25,
                    "25": 0.4,
                    "50": 0.5217391304347826,
                    "75": 0.6818181818181818,
                    "90": 1.0,
                    "95": 1.0,
                    "99": 1.0
                }
            },
            "ndcg": {
                "mean": 0.3890765254160203,
                "std": 0.1996396256440464,
                "se": 0.000998198128220232,
                "min": 0.0,
                "max": 1.0,
                "percentiles": {
                    "1": 0.0,
                    "5": 0.0,
                    "10": 0.11038570254939233,
                    "25": 0.24355669658335583,
                    "50": 0.40371196585425284,
                    "75": 0.5335937442957417,
                    "90": 0.6309874577206406,
                    "95": 0.6935508589768208,
                    "99": 0.8288510659761629
                }
            }
        }
    }
}