{
    "dataset": {
        "name": "netflix",
        "rewrite": false
    },
    "split": {
        "n_val_users": 40000,
        "n_test_users": 40000,
        "seed": 42,
        "target_proportion": 0.2,
        "targets_newest": false
    },
    "model": {
        "general": {
            "model": "SANSA",
            "checkpoints_folder": "models/checkpoints/",
            "retrain": true,
            "save": false
        },
        "model_specific": {
            "l2": 1200,
            "target_density": 0.005,
            "ainv_params": {
                "umr_scans": 4,
                "umr_finetune_steps": 10,
                "umr_loss_threshold": 0.0001
            },
            "ldlt_method": "cholmod"
        }
    },
    "evaluation": {
        "split": "test",
        "metrics": [
            "recall",
            "ndcg"
        ],
        "ks": [
            20,
            50,
            100
        ],
        "experiment_folder": "experiments/accuracy"
    },
    "performance": {
        "time": {
            "ldlt_time": 63.642967326999496,
            "umr_scans_times": [
                0.8546827959980874,
                3.2848004789993865,
                5.295476054001483,
                5.949953720999474
            ],
            "umr_finetune_step_times": [
                0.10178891599935014,
                0.1072575969992613,
                0.10265003699896624,
                0.10461470100199222,
                0.0993072410019522,
                0.0964287470014824,
                0.08636099000068498,
                0.08596354899782455,
                0.08054904199889279,
                0.08357524099847069
            ],
            "ainv_time": 19.272155533999467,
            "construct_weights_time": 83.0794407430003,
            "matmat_times": [
                0.03204669700062368,
                0.7861512240015145
            ],
            "predict_time": 1.575193852000666,
            "pipeline": {
                "dataset_load_time": 2.03583460200025,
                "dataset_split_time": 0.0,
                "data_preparation_time": 3.6209198239994294,
                "model_preparation_time": 86.87401770700308,
                "evaluation_time": 49.34442930700243
            }
        },
        "memory": {
            "L_memory": {
                "nnz": 156271794,
                "mbytes": 1875.332608,
                "density": 0.49494235812023524
            },
            "sparsified L_memory": {
                "nnz": 1578687,
                "mbytes": 19.015324,
                "density": 0.0050000006176019185
            },
            "L_inv_memory": {
                "nnz": 1578687,
                "mbytes": 19.015324,
                "density": 0.0050000006176019185
            }
        }
    },
    "results": {
        "20": {
            "coverage": 0.0,
            "recall": {
                "mean": 0.35423466115025326,
                "std": 0.2535699699850458,
                "se": 0.0012678498499252289,
                "min": 0.0,
                "max": 1.0,
                "percentiles": {
                    "1": 0.0,
                    "5": 0.0,
                    "10": 0.0,
                    "25": 0.16666666666666666,
                    "50": 0.3333333333333333,
                    "75": 0.5,
                    "90": 0.7,
                    "95": 0.8333333333333334,
                    "99": 1.0
                }
            },
            "ndcg": {
                "mean": 0.32936642352703377,
                "std": 0.23902001424386324,
                "se": 0.0011951000712193162,
                "min": 0.0,
                "max": 1.0,
                "percentiles": {
                    "1": 0.0,
                    "5": 0.0,
                    "10": 0.0,
                    "25": 0.13742414149476911,
                    "50": 0.30747382759896624,
                    "75": 0.49736677938843965,
                    "90": 0.6646741905197685,
                    "95": 0.7592406070749775,
                    "99": 0.8972424486071588
                }
            }
        },
        "50": {
            "coverage": 0.0,
            "recall": {
                "mean": 0.43504283080227096,
                "std": 0.2482570045875819,
                "se": 0.0012412850229379096,
                "min": 0.0,
                "max": 1.0,
                "percentiles": {
                    "1": 0.0,
                    "5": 0.0,
                    "10": 0.125,
                    "25": 0.2857142857142857,
                    "50": 0.41379310344827586,
                    "75": 0.5625,
                    "90": 0.75,
                    "95": 1.0,
                    "99": 1.0
                }
            },
            "ndcg": {
                "mean": 0.34695172189044465,
                "std": 0.20405781328561,
                "se": 0.00102028906642805,
                "min": 0.0,
                "max": 1.0,
                "percentiles": {
                    "1": 0.0,
                    "5": 0.0,
                    "10": 0.06911917000496234,
                    "25": 0.1954292748530146,
                    "50": 0.34799979228014943,
                    "75": 0.4890844916384177,
                    "90": 0.6126970116537978,
                    "95": 0.6844920405045325,
                    "99": 0.8311163651247588
                }
            }
        },
        "100": {
            "coverage": 0.0,
            "recall": {
                "mean": 0.5420722222530036,
                "std": 0.2473360836693722,
                "se": 0.001236680418346861,
                "min": 0.0,
                "max": 1.0,
                "percentiles": {
                    "1": 0.0,
                    "5": 0.0,
                    "10": 0.25,
                    "25": 0.4,
                    "50": 0.5142857142857142,
                    "75": 0.6666666666666666,
                    "90": 1.0,
                    "95": 1.0,
                    "99": 1.0
                }
            },
            "ndcg": {
                "mean": 0.38445314997115365,
                "std": 0.197977641649307,
                "se": 0.000989888208246535,
                "min": 0.0,
                "max": 1.0,
                "percentiles": {
                    "1": 0.0,
                    "5": 0.0,
                    "10": 0.11120769267195493,
                    "25": 0.2397563397680381,
                    "50": 0.3958741388070459,
                    "75": 0.528072584645862,
                    "90": 0.6279544560016235,
                    "95": 0.689743735098731,
                    "99": 0.8226268658292895
                }
            }
        }
    }
}