{
    "dataset": {
        "name": "netflix",
        "rewrite": false
    },
    "split": {
        "n_val_users": 40000,
        "n_test_users": 40000,
        "seed": 42,
        "target_proportion": 0.2,
        "targets_newest": false
    },
    "model": {
        "general": {
            "model": "SANSA",
            "checkpoints_folder": "models/checkpoints/",
            "retrain": true,
            "save": false
        },
        "model_specific": {
            "l2": 1200,
            "target_density": 0.0025,
            "ainv_params": {
                "umr_scans": 4,
                "umr_finetune_steps": 10,
                "umr_loss_threshold": 0.0001
            },
            "ldlt_method": "cholmod"
        }
    },
    "evaluation": {
        "split": "test",
        "metrics": [
            "recall",
            "ndcg"
        ],
        "ks": [
            20,
            50,
            100
        ],
        "experiment_folder": "experiments/accuracy"
    },
    "performance": {
        "time": {
            "ldlt_time": 63.180669593002676,
            "umr_scans_times": [
                0.6171904969996831,
                2.667907972001558,
                4.529217687999335,
                5.080557876000967
            ],
            "umr_finetune_step_times": [
                0.035623709998617414,
                0.037712761000875616,
                0.03672329999972135,
                0.03776926299906336,
                0.036987499999668216,
                0.036485339998762356,
                0.031706753998150816,
                0.03536731200074428,
                0.03186008199918433,
                0.031377141996927094
            ],
            "ainv_time": 14.245325231000606,
            "construct_weights_time": 77.56142264499795,
            "matmat_times": [
                0.025979201000154717,
                0.27007959600086906
            ],
            "predict_time": 0.8677958819971536,
            "pipeline": {
                "dataset_load_time": 2.0305356239987304,
                "dataset_split_time": 0.0,
                "data_preparation_time": 3.589717644998018,
                "model_preparation_time": 81.26183436299834,
                "evaluation_time": 34.50717092800187
            }
        },
        "memory": {
            "L_memory": {
                "nnz": 156271794,
                "mbytes": 1875.332608,
                "density": 0.49494235812023524
            },
            "sparsified L_memory": {
                "nnz": 789344,
                "mbytes": 9.543208,
                "density": 0.002500001892395623
            },
            "L_inv_memory": {
                "nnz": 789343,
                "mbytes": 9.543196,
                "density": 0.002499998725206296
            }
        }
    },
    "results": {
        "20": {
            "coverage": 0.0,
            "recall": {
                "mean": 0.35376454595133966,
                "std": 0.2538798565593142,
                "se": 0.0012693992827965711,
                "min": 0.0,
                "max": 1.0,
                "percentiles": {
                    "1": 0.0,
                    "5": 0.0,
                    "10": 0.0,
                    "25": 0.16666666666666666,
                    "50": 0.3333333333333333,
                    "75": 0.5,
                    "90": 0.7,
                    "95": 0.8333333333333334,
                    "99": 1.0
                }
            },
            "ndcg": {
                "mean": 0.3305056662222061,
                "std": 0.24046825384154918,
                "se": 0.001202341269207746,
                "min": 0.0,
                "max": 1.0,
                "percentiles": {
                    "1": 0.0,
                    "5": 0.0,
                    "10": 0.0,
                    "25": 0.13565197343244778,
                    "50": 0.30902222537149193,
                    "75": 0.49945670279432786,
                    "90": 0.6693541805124233,
                    "95": 0.7653606369886217,
                    "99": 0.8973418528210231
                }
            }
        },
        "50": {
            "coverage": 0.0,
            "recall": {
                "mean": 0.4326523112932311,
                "std": 0.2473411176246896,
                "se": 0.001236705588123448,
                "min": 0.0,
                "max": 1.0,
                "percentiles": {
                    "1": 0.0,
                    "5": 0.0,
                    "10": 0.125,
                    "25": 0.2857142857142857,
                    "50": 0.4117647058823529,
                    "75": 0.56,
                    "90": 0.75,
                    "95": 1.0,
                    "99": 1.0
                }
            },
            "ndcg": {
                "mean": 0.3467064707393517,
                "std": 0.20424507818699736,
                "se": 0.0010212253909349868,
                "min": 0.0,
                "max": 1.0,
                "percentiles": {
                    "1": 0.0,
                    "5": 0.0,
                    "10": 0.06666588353700116,
                    "25": 0.19519002499605084,
                    "50": 0.3477130468861215,
                    "75": 0.48998455337089364,
                    "90": 0.6131471927654584,
                    "95": 0.6839233425544018,
                    "99": 0.8294134726988672
                }
            }
        },
        "100": {
            "coverage": 0.0,
            "recall": {
                "mean": 0.5375018866916577,
                "std": 0.24715727996673245,
                "se": 0.0012357863998336623,
                "min": 0.0,
                "max": 1.0,
                "percentiles": {
                    "1": 0.0,
                    "5": 0.0,
                    "10": 0.25,
                    "25": 0.4,
                    "50": 0.5070422535211268,
                    "75": 0.6666666666666666,
                    "90": 1.0,
                    "95": 1.0,
                    "99": 1.0
                }
            },
            "ndcg": {
                "mean": 0.3833930133775082,
                "std": 0.1983938889835124,
                "se": 0.000991969444917562,
                "min": 0.0,
                "max": 1.0,
                "percentiles": {
                    "1": 0.0,
                    "5": 0.0,
                    "10": 0.1068363315110491,
                    "25": 0.23822744253368394,
                    "50": 0.3957666808079108,
                    "75": 0.5278432278232414,
                    "90": 0.6259824677613147,
                    "95": 0.6875923977870505,
                    "99": 0.8187343802026148
                }
            }
        }
    }
}