{
    "dataset": {
        "name": "netflix",
        "rewrite": false
    },
    "split": {
        "n_val_users": 40000,
        "n_test_users": 40000,
        "seed": 42,
        "target_proportion": 0.2,
        "targets_newest": false
    },
    "model": {
        "general": {
            "model": "SANSA",
            "checkpoints_folder": "models/checkpoints/",
            "retrain": true,
            "save": false
        },
        "model_specific": {
            "l2": 1200,
            "target_density": 0.01,
            "ainv_params": {
                "umr_scans": 4,
                "umr_finetune_steps": 10,
                "umr_loss_threshold": 0.0001
            },
            "ldlt_method": "cholmod"
        }
    },
    "evaluation": {
        "split": "test",
        "metrics": [
            "recall",
            "ndcg"
        ],
        "ks": [
            20,
            50,
            100
        ],
        "experiment_folder": "experiments/accuracy"
    },
    "performance": {
        "time": {
            "ldlt_time": 64.23751723699752,
            "umr_scans_times": [
                1.1594753280005534,
                4.597208146999037,
                7.040165508999053,
                7.481887465000909
            ],
            "umr_finetune_step_times": [
                0.31149645000186865,
                0.3112982810016547,
                0.30903886899977806,
                0.3134095119967242,
                0.30243252699801815,
                0.31282728699807194,
                0.30356450399995083,
                0.2958259699989867,
                0.3047365259990329,
                0.30568984700221336
            ],
            "ainv_time": 30.410797950000415,
            "construct_weights_time": 94.86380455399922,
            "matmat_times": [
                0.042899754000245593,
                1.6831746009993367
            ],
            "predict_time": 2.674846202997287,
            "pipeline": {
                "dataset_load_time": 2.065867369998159,
                "dataset_split_time": 0.0,
                "data_preparation_time": 3.6990250240014575,
                "model_preparation_time": 98.79038313300043,
                "evaluation_time": 72.13795978200142
            }
        },
        "memory": {
            "L_memory": {
                "nnz": 156271794,
                "mbytes": 1875.332608,
                "density": 0.49494235812023524
            },
            "sparsified L_memory": {
                "nnz": 3157374,
                "mbytes": 37.959568,
                "density": 0.010000001235203837
            },
            "L_inv_memory": {
                "nnz": 3157373,
                "mbytes": 37.959556,
                "density": 0.00999999806801451
            }
        }
    },
    "results": {
        "20": {
            "coverage": 0.0,
            "recall": {
                "mean": 0.3557886838558113,
                "std": 0.25452260619379186,
                "se": 0.0012726130309689593,
                "min": 0.0,
                "max": 1.0,
                "percentiles": {
                    "1": 0.0,
                    "5": 0.0,
                    "10": 0.0,
                    "25": 0.16666666666666666,
                    "50": 0.3333333333333333,
                    "75": 0.5,
                    "90": 0.7,
                    "95": 0.85,
                    "99": 1.0
                }
            },
            "ndcg": {
                "mean": 0.32981011155133017,
                "std": 0.23872408676766366,
                "se": 0.0011936204338383182,
                "min": 0.0,
                "max": 1.0,
                "percentiles": {
                    "1": 0.0,
                    "5": 0.0,
                    "10": 0.0,
                    "25": 0.13743816645714543,
                    "50": 0.30804069185888866,
                    "75": 0.4970247204738255,
                    "90": 0.6632822620988909,
                    "95": 0.7587785310955266,
                    "99": 0.8981875281392951
                }
            }
        },
        "50": {
            "coverage": 0.0,
            "recall": {
                "mean": 0.43766585202765745,
                "std": 0.2487448046993618,
                "se": 0.001243724023496809,
                "min": 0.0,
                "max": 1.0,
                "percentiles": {
                    "1": 0.0,
                    "5": 0.0,
                    "10": 0.13333333333333333,
                    "25": 0.2857142857142857,
                    "50": 0.4166666666666667,
                    "75": 0.5714285714285714,
                    "90": 0.76,
                    "95": 1.0,
                    "99": 1.0
                }
            },
            "ndcg": {
                "mean": 0.34798518211409846,
                "std": 0.203846160005447,
                "se": 0.001019230800027235,
                "min": 0.0,
                "max": 1.0,
                "percentiles": {
                    "1": 0.0,
                    "5": 0.0,
                    "10": 0.070675417981692,
                    "25": 0.19721838178198903,
                    "50": 0.34919427847176,
                    "75": 0.4906248633216758,
                    "90": 0.6131471927654584,
                    "95": 0.6841325811390827,
                    "99": 0.8315546295836225
                }
            }
        },
        "100": {
            "coverage": 0.0,
            "recall": {
                "mean": 0.5453609903684263,
                "std": 0.24783659624046156,
                "se": 0.001239182981202308,
                "min": 0.0,
                "max": 1.0,
                "percentiles": {
                    "1": 0.0,
                    "5": 0.0,
                    "10": 0.25,
                    "25": 0.4,
                    "50": 0.52,
                    "75": 0.6818181818181818,
                    "90": 1.0,
                    "95": 1.0,
                    "99": 1.0
                }
            },
            "ndcg": {
                "mean": 0.3858542904514784,
                "std": 0.19800215246333466,
                "se": 0.0009900107623166733,
                "min": 0.0,
                "max": 1.0,
                "percentiles": {
                    "1": 0.0,
                    "5": 0.0,
                    "10": 0.11188995115420301,
                    "25": 0.24157473497082238,
                    "50": 0.39759432228197766,
                    "75": 0.5295623734849981,
                    "90": 0.6295292448506935,
                    "95": 0.6915123726530212,
                    "99": 0.8207164456884196
                }
            }
        }
    }
}