{
    "dataset": {
        "name": "msd",
        "rewrite": false
    },
    "split": {
        "n_val_users": 50000,
        "n_test_users": 50000,
        "seed": 42,
        "target_proportion": 0.2,
        "targets_newest": false
    },
    "model": {
        "general": {
            "model": "SANSA",
            "checkpoints_folder": "models/checkpoints/",
            "retrain": true,
            "save": false
        },
        "model_specific": {
            "l2": 200,
            "target_density": 0.01,
            "ainv_params": {
                "umr_scans": 3,
                "umr_finetune_steps": 10,
                "umr_loss_threshold": 0.0001
            },
            "ldlt_method": "cholmod"
        }
    },
    "evaluation": {
        "split": "test",
        "metrics": [
            "recall",
            "ndcg"
        ],
        "ks": [
            20,
            50,
            100
        ],
        "experiment_folder": "experiments/shorter_training"
    },
    "performance": {
        "time": {
            "ldlt_time": 118.57542693700088,
            "umr_scans_times": [
                5.842576688999543,
                47.20752331800031,
                69.56503408299977
            ],
            "umr_finetune_step_times": [
                2.48700727799951,
                2.5167876859995886,
                2.5435451320008724,
                2.432797887999186,
                2.4703730170003837,
                2.6563664410005003,
                2.4965611240004364,
                2.5478214979993936,
                2.6413304479992803,
                2.5681746089994704
            ],
            "ainv_time": 205.01570042799904,
            "construct_weights_time": 324.79814704599994,
            "matmat_times": [
                0.04835540000021865,
                3.8107238249995135
            ],
            "predict_time": 5.2541937549995055,
            "pipeline": {
                "dataset_load_time": 1.2096958519996406,
                "dataset_split_time": 0.0,
                "data_preparation_time": 2.021966270000121,
                "model_preparation_time": 327.0100867149995,
                "evaluation_time": 159.7470172960002
            }
        },
        "memory": {
            "L_memory": {
                "nnz": 846147565,
                "mbytes": 10153.935344,
                "density": 0.49993959525898857
            },
            "sparsified L_memory": {
                "nnz": 16924996,
                "mbytes": 203.264516,
                "density": 0.01
            },
            "L_inv_memory": {
                "nnz": 16924996,
                "mbytes": 203.264516,
                "density": 0.01
            }
        }
    },
    "results": {
        "20": {
            "coverage": 0.0,
            "recall": {
                "mean": 0.33147834240613194,
                "std": 0.2545447292284022,
                "se": 0.00113835863573797,
                "min": 0.0,
                "max": 1.0,
                "percentiles": {
                    "1": 0.0,
                    "5": 0.0,
                    "10": 0.0,
                    "25": 0.14285714285714285,
                    "50": 0.2727272727272727,
                    "75": 0.5,
                    "90": 0.7142857142857143,
                    "95": 0.8,
                    "99": 1.0
                }
            },
            "ndcg": {
                "mean": 0.3223458573151753,
                "std": 0.2548325940442778,
                "se": 0.0011396460063312266,
                "min": 0.0,
                "max": 1.0000000000000002,
                "percentiles": {
                    "1": 0.0,
                    "5": 0.0,
                    "10": 0.0,
                    "25": 0.10519070263594274,
                    "50": 0.2840679480640816,
                    "75": 0.49910430734158984,
                    "90": 0.6988356768649902,
                    "95": 0.801002416307342,
                    "99": 0.9551943839014496
                }
            }
        },
        "50": {
            "coverage": 0.0,
            "recall": {
                "mean": 0.42737046147039603,
                "std": 0.265575440519759,
                "se": 0.0011876894763132664,
                "min": 0.0,
                "max": 1.0,
                "percentiles": {
                    "1": 0.0,
                    "5": 0.0,
                    "10": 0.1,
                    "25": 0.22727272727272727,
                    "50": 0.4,
                    "75": 0.6,
                    "90": 0.8,
                    "95": 0.9285714285714286,
                    "99": 1.0
                }
            },
            "ndcg": {
                "mean": 0.35878646463446107,
                "std": 0.2500019233301836,
                "se": 0.0011180425901439624,
                "min": 0.0,
                "max": 1.0000000000000002,
                "percentiles": {
                    "1": 0.0,
                    "5": 0.0,
                    "10": 0.05633425377856013,
                    "25": 0.15101961822780524,
                    "50": 0.3278245079574908,
                    "75": 0.5363858080910239,
                    "90": 0.7227265726449519,
                    "95": 0.8198564243005108,
                    "99": 0.9558295932317544
                }
            }
        },
        "100": {
            "coverage": 0.0,
            "recall": {
                "mean": 0.509512162078284,
                "std": 0.2650352633015255,
                "se": 0.0011852737303535328,
                "min": 0.0,
                "max": 1.0,
                "percentiles": {
                    "1": 0.0,
                    "5": 0.08333333333333333,
                    "10": 0.1724137931034483,
                    "25": 0.3,
                    "50": 0.5,
                    "75": 0.7142857142857143,
                    "90": 0.875,
                    "95": 1.0,
                    "99": 1.0
                }
            },
            "ndcg": {
                "mean": 0.38785860170816183,
                "std": 0.2472651675040385,
                "se": 0.0011058034460138043,
                "min": 0.0,
                "max": 1.0000000000000002,
                "percentiles": {
                    "1": 0.0,
                    "5": 0.03916935147695951,
                    "10": 0.07597487176954527,
                    "25": 0.18453125357040162,
                    "50": 0.36146200687476177,
                    "75": 0.5658436289876762,
                    "90": 0.7443976885847408,
                    "95": 0.8325229637723276,
                    "99": 0.9578759757224129
                }
            }
        }
    }
}