{
    "dataset": {
        "name": "msd",
        "rewrite": false
    },
    "split": {
        "n_val_users": 50000,
        "n_test_users": 50000,
        "seed": 42,
        "target_proportion": 0.2,
        "targets_newest": false
    },
    "model": {
        "general": {
            "model": "SANSA",
            "checkpoints_folder": "models/checkpoints/",
            "retrain": true,
            "save": false
        },
        "model_specific": {
            "l2": 200,
            "target_density": 0.0025,
            "ainv_params": {
                "umr_scans": 1,
                "umr_finetune_steps": 0,
                "umr_loss_threshold": 0.0001
            },
            "ldlt_method": "cholmod"
        }
    },
    "evaluation": {
        "split": "test",
        "metrics": [
            "recall",
            "ndcg"
        ],
        "ks": [
            20,
            50,
            100
        ],
        "experiment_folder": "experiments/shorter_training"
    },
    "performance": {
        "time": {
            "ldlt_time": 114.82583537600021,
            "umr_scans_times": [
                3.0551644750003106
            ],
            "umr_finetune_step_times": [],
            "ainv_time": 4.351917048999894,
            "construct_weights_time": 119.77503071800038,
            "matmat_times": [
                0.023719505999906687,
                0.8721611699993446
            ],
            "predict_time": 2.238183430999925,
            "pipeline": {
                "dataset_load_time": 1.1679246089997832,
                "dataset_split_time": 0.0,
                "data_preparation_time": 1.9524786950005364,
                "model_preparation_time": 121.7629388940004,
                "evaluation_time": 83.01556913700006
            }
        },
        "memory": {
            "L_memory": {
                "nnz": 846147565,
                "mbytes": 10153.935344,
                "density": 0.49993959525898857
            },
            "sparsified L_memory": {
                "nnz": 4231249,
                "mbytes": 50.939552,
                "density": 0.0025
            },
            "L_inv_memory": {
                "nnz": 4231249,
                "mbytes": 50.939552,
                "density": 0.0025
            }
        }
    },
    "results": {
        "20": {
            "coverage": 0.0,
            "recall": {
                "mean": 0.26456477366682163,
                "std": 0.2195763868593763,
                "se": 0.000981975454542714,
                "min": 0.0,
                "max": 1.0,
                "percentiles": {
                    "1": 0.0,
                    "5": 0.0,
                    "10": 0.0,
                    "25": 0.1,
                    "50": 0.23529411764705882,
                    "75": 0.4,
                    "90": 0.5714285714285714,
                    "95": 0.7142857142857143,
                    "99": 0.9
                }
            },
            "ndcg": {
                "mean": 0.2512696280350185,
                "std": 0.21650486216769843,
                "se": 0.0009682391785323923,
                "min": 0.0,
                "max": 1.0,
                "percentiles": {
                    "1": 0.0,
                    "5": 0.0,
                    "10": 0.0,
                    "25": 0.07597072208313924,
                    "50": 0.20838679900336934,
                    "75": 0.3903800499921017,
                    "90": 0.5674047765660422,
                    "95": 0.6647592245870656,
                    "99": 0.830419897363192
                }
            }
        },
        "50": {
            "coverage": 0.0,
            "recall": {
                "mean": 0.3550398287574279,
                "std": 0.23987476074292136,
                "se": 0.0010727525422153403,
                "min": 0.0,
                "max": 1.0,
                "percentiles": {
                    "1": 0.0,
                    "5": 0.0,
                    "10": 0.0,
                    "25": 0.18181818181818182,
                    "50": 0.3333333333333333,
                    "75": 0.5,
                    "90": 0.7142857142857143,
                    "95": 0.8,
                    "99": 1.0
                }
            },
            "ndcg": {
                "mean": 0.28618660374111016,
                "std": 0.21587493303532934,
                "se": 0.0009654220498104229,
                "min": 0.0,
                "max": 1.0,
                "percentiles": {
                    "1": 0.0,
                    "5": 0.0,
                    "10": 0.0,
                    "25": 0.10872073098438198,
                    "50": 0.24838465810467072,
                    "75": 0.4293531939707116,
                    "90": 0.600867277125814,
                    "95": 0.6943239400077195,
                    "99": 0.843537875344446
                }
            }
        },
        "100": {
            "coverage": 0.0,
            "recall": {
                "mean": 0.43218777454172197,
                "std": 0.24422650657380587,
                "se": 0.0010922141412126583,
                "min": 0.0,
                "max": 1.0,
                "percentiles": {
                    "1": 0.0,
                    "5": 0.0,
                    "10": 0.14285714285714285,
                    "25": 0.25,
                    "50": 0.4117647058823529,
                    "75": 0.6,
                    "90": 0.75,
                    "95": 0.8461538461538461,
                    "99": 1.0
                }
            },
            "ndcg": {
                "mean": 0.3134648899303169,
                "std": 0.21451303960010829,
                "se": 0.0009593314772118928,
                "min": 0.0,
                "max": 1.0,
                "percentiles": {
                    "1": 0.0,
                    "5": 0.0,
                    "10": 0.05949720057459286,
                    "25": 0.14020144763150175,
                    "50": 0.28080846078262517,
                    "75": 0.45968043514870793,
                    "90": 0.6254879066933151,
                    "95": 0.7113493173489157,
                    "99": 0.8522016864667408
                }
            }
        }
    }
}