{
    "dataset": {
        "name": "msd",
        "rewrite": false
    },
    "split": {
        "n_val_users": 50000,
        "n_test_users": 50000,
        "seed": 42,
        "target_proportion": 0.2,
        "targets_newest": false
    },
    "model": {
        "general": {
            "model": "SANSA",
            "checkpoints_folder": "models/checkpoints/",
            "retrain": true,
            "save": false
        },
        "model_specific": {
            "l2": 200,
            "target_density": 0.0025,
            "ainv_params": {
                "umr_scans": 4,
                "umr_finetune_steps": 20,
                "umr_loss_threshold": 0.0001
            },
            "ldlt_method": "cholmod"
        }
    },
    "evaluation": {
        "split": "test",
        "metrics": [
            "recall",
            "ndcg"
        ],
        "ks": [
            20,
            50,
            100
        ],
        "experiment_folder": "experiments/shorter_training"
    },
    "performance": {
        "time": {
            "ldlt_time": 115.24117693900007,
            "umr_scans_times": [
                3.0940997319994494,
                22.929324980001184,
                30.426608286001283,
                36.69641408299867
            ],
            "umr_finetune_step_times": [
                0.2080247750000126,
                0.2270531550002488,
                0.18736517599973013,
                0.22146673099996406,
                0.2101508140003716,
                0.2334468230001221,
                0.23689622599886206,
                0.21986659600042913,
                0.21110521999980847,
                0.20575411599929794,
                0.2008883729995432,
                0.22318589499991504,
                0.21561362899956293,
                0.201204291999602,
                0.2233605660003377,
                0.21717599499970675,
                0.23068234899983509,
                0.21956672899978003,
                0.2171747600004892,
                0.2139261610009271
            ],
            "ainv_time": 113.21446332699998,
            "construct_weights_time": 229.04277865099903,
            "matmat_times": [
                0.00957700600156386,
                0.8835796359999222
            ],
            "predict_time": 2.2372944349990576,
            "pipeline": {
                "dataset_load_time": 1.1721619760010071,
                "dataset_split_time": 0.0,
                "data_preparation_time": 1.9589646509994054,
                "model_preparation_time": 231.1320684320017,
                "evaluation_time": 82.88762310400125
            }
        },
        "memory": {
            "L_memory": {
                "nnz": 846147565,
                "mbytes": 10153.935344,
                "density": 0.49993959525898857
            },
            "sparsified L_memory": {
                "nnz": 4231249,
                "mbytes": 50.939552,
                "density": 0.0025
            },
            "L_inv_memory": {
                "nnz": 4231249,
                "mbytes": 50.939552,
                "density": 0.0025
            }
        }
    },
    "results": {
        "20": {
            "coverage": 0.0,
            "recall": {
                "mean": 0.3314588209851724,
                "std": 0.254721787040214,
                "se": 0.0011391504623442868,
                "min": 0.0,
                "max": 1.0,
                "percentiles": {
                    "1": 0.0,
                    "5": 0.0,
                    "10": 0.0,
                    "25": 0.14285714285714285,
                    "50": 0.2727272727272727,
                    "75": 0.5,
                    "90": 0.7142857142857143,
                    "95": 0.8,
                    "99": 1.0
                }
            },
            "ndcg": {
                "mean": 0.3223070877614822,
                "std": 0.2548609730638737,
                "se": 0.0011397729211651288,
                "min": 0.0,
                "max": 1.0000000000000002,
                "percentiles": {
                    "1": 0.0,
                    "5": 0.0,
                    "10": 0.0,
                    "25": 0.10549558423511038,
                    "50": 0.2829087766868263,
                    "75": 0.4993379633385898,
                    "90": 0.6992148198508501,
                    "95": 0.8012518622274932,
                    "99": 0.9535849738060622
                }
            }
        },
        "50": {
            "coverage": 0.0,
            "recall": {
                "mean": 0.4264483653940478,
                "std": 0.26561037492648765,
                "se": 0.0011878457077296642,
                "min": 0.0,
                "max": 1.0,
                "percentiles": {
                    "1": 0.0,
                    "5": 0.0,
                    "10": 0.1,
                    "25": 0.2222222222222222,
                    "50": 0.4,
                    "75": 0.6,
                    "90": 0.8,
                    "95": 0.9333333333333333,
                    "99": 1.0
                }
            },
            "ndcg": {
                "mean": 0.35834742550438836,
                "std": 0.2500787614089791,
                "se": 0.0011183862204788568,
                "min": 0.0,
                "max": 1.0000000000000002,
                "percentiles": {
                    "1": 0.0,
                    "5": 0.0,
                    "10": 0.05591671015558191,
                    "25": 0.15101961822780524,
                    "50": 0.32773060745736105,
                    "75": 0.5353376319578815,
                    "90": 0.7227265726449519,
                    "95": 0.820693481892293,
                    "99": 0.9558295932317544
                }
            }
        },
        "100": {
            "coverage": 0.0,
            "recall": {
                "mean": 0.5080568279190096,
                "std": 0.26525596951291835,
                "se": 0.0011862607585369945,
                "min": 0.0,
                "max": 1.0,
                "percentiles": {
                    "1": 0.0,
                    "5": 0.08333333333333333,
                    "10": 0.16666666666666666,
                    "25": 0.3,
                    "50": 0.5,
                    "75": 0.7142857142857143,
                    "90": 0.875,
                    "95": 1.0,
                    "99": 1.0
                }
            },
            "ndcg": {
                "mean": 0.38728813944878115,
                "std": 0.24745877162077,
                "se": 0.0011066692699452751,
                "min": 0.0,
                "max": 1.0000000000000002,
                "percentiles": {
                    "1": 0.0,
                    "5": 0.038239425270133076,
                    "10": 0.07500864374044612,
                    "25": 0.1837382161884258,
                    "50": 0.36037695912882456,
                    "75": 0.565511071161608,
                    "90": 0.7433849876405649,
                    "95": 0.8331837689598154,
                    "99": 0.9565883443666768
                }
            }
        }
    }
}