{
    "dataset": {
        "name": "msd",
        "rewrite": false
    },
    "split": {
        "n_val_users": 50000,
        "n_test_users": 50000,
        "seed": 42,
        "target_proportion": 0.2,
        "targets_newest": false
    },
    "model": {
        "general": {
            "model": "SANSA",
            "checkpoints_folder": "models/checkpoints/",
            "retrain": true,
            "save": false
        },
        "model_specific": {
            "l2": 200,
            "target_density": 0.0025,
            "ainv_params": {
                "umr_scans": 1,
                "umr_finetune_steps": 20,
                "umr_loss_threshold": 0.0001
            },
            "ldlt_method": "cholmod"
        }
    },
    "evaluation": {
        "split": "test",
        "metrics": [
            "recall",
            "ndcg"
        ],
        "ks": [
            20,
            50,
            100
        ],
        "experiment_folder": "experiments/shorter_training"
    },
    "performance": {
        "time": {
            "ldlt_time": 117.40892026999973,
            "umr_scans_times": [
                3.0973823670001366
            ],
            "umr_finetune_step_times": [
                0.1375103249993117,
                0.14021744899946498,
                0.13727221800036205,
                0.15950138500011235,
                0.11723992299994279,
                0.12549892100014404,
                0.13052120500015008,
                0.1252737069999057,
                0.13104218599983142,
                0.1436164650003775,
                0.14339487600045686,
                0.1369132930003616,
                0.10841832000005525,
                0.14133080600004178,
                0.11461731399958808,
                0.1244945109992841,
                0.1336060030007502,
                0.12308482400021603,
                0.13381183799992868,
                0.09979762300008588
            ],
            "ainv_time": 19.491835866000656,
            "construct_weights_time": 137.499577005,
            "matmat_times": [
                0.024511501000233693,
                0.892865893999442
            ],
            "predict_time": 2.2616886410005463,
            "pipeline": {
                "dataset_load_time": 1.1884818239996093,
                "dataset_split_time": 0.0,
                "data_preparation_time": 1.9916836539996439,
                "model_preparation_time": 139.5502109629997,
                "evaluation_time": 83.46522010999979
            }
        },
        "memory": {
            "L_memory": {
                "nnz": 846147565,
                "mbytes": 10153.935344,
                "density": 0.49993959525898857
            },
            "sparsified L_memory": {
                "nnz": 4231249,
                "mbytes": 50.939552,
                "density": 0.0025
            },
            "L_inv_memory": {
                "nnz": 4231249,
                "mbytes": 50.939552,
                "density": 0.0025
            }
        }
    },
    "results": {
        "20": {
            "coverage": 0.0,
            "recall": {
                "mean": 0.3063401989262887,
                "std": 0.24501449844398662,
                "se": 0.001095738147987541,
                "min": 0.0,
                "max": 1.0,
                "percentiles": {
                    "1": 0.0,
                    "5": 0.0,
                    "10": 0.0,
                    "25": 0.125,
                    "50": 0.25,
                    "75": 0.46153846153846156,
                    "90": 0.6666666666666666,
                    "95": 0.7777777777777778,
                    "99": 1.0
                }
            },
            "ndcg": {
                "mean": 0.2926802861995442,
                "std": 0.24171822353902828,
                "se": 0.0010809967584675141,
                "min": 0.0,
                "max": 1.0000000000000002,
                "percentiles": {
                    "1": 0.0,
                    "5": 0.0,
                    "10": 0.0,
                    "25": 0.09165402792833294,
                    "50": 0.24781023214935452,
                    "75": 0.4538937920863012,
                    "90": 0.6467875109086557,
                    "95": 0.752998787180638,
                    "99": 0.9156885192060311
                }
            }
        },
        "50": {
            "coverage": 0.0,
            "recall": {
                "mean": 0.40108712324211504,
                "std": 0.2605896301642099,
                "se": 0.001165392254557406,
                "min": 0.0,
                "max": 1.0,
                "percentiles": {
                    "1": 0.0,
                    "5": 0.0,
                    "10": 0.07692307692307693,
                    "25": 0.2,
                    "50": 0.375,
                    "75": 0.5714285714285714,
                    "90": 0.7692307692307693,
                    "95": 0.875,
                    "99": 1.0
                }
            },
            "ndcg": {
                "mean": 0.329306743824268,
                "std": 0.23967674666472782,
                "se": 0.0010718669963366548,
                "min": 0.0,
                "max": 1.0000000000000002,
                "percentiles": {
                    "1": 0.0,
                    "5": 0.0,
                    "10": 0.046105120275897894,
                    "25": 0.13032376591037062,
                    "50": 0.2929467457689997,
                    "75": 0.4915525453201044,
                    "90": 0.6807438157444358,
                    "95": 0.7785584722917135,
                    "99": 0.9270192549176081
                }
            }
        },
        "100": {
            "coverage": 0.0,
            "recall": {
                "mean": 0.4810456533451495,
                "std": 0.2620228072965312,
                "se": 0.0011718016175407435,
                "min": 0.0,
                "max": 1.0,
                "percentiles": {
                    "1": 0.0,
                    "5": 0.0,
                    "10": 0.16666666666666666,
                    "25": 0.26666666666666666,
                    "50": 0.5,
                    "75": 0.6666666666666666,
                    "90": 0.8333333333333334,
                    "95": 1.0,
                    "99": 1.0
                }
            },
            "ndcg": {
                "mean": 0.35768199094205316,
                "std": 0.23773233395240084,
                "se": 0.001063171318334499,
                "min": 0.0,
                "max": 1.0000000000000002,
                "percentiles": {
                    "1": 0.0,
                    "5": 0.0,
                    "10": 0.06666588353700116,
                    "25": 0.1638090231226433,
                    "50": 0.32581275238400864,
                    "75": 0.5216013056073951,
                    "90": 0.7043061954010117,
                    "95": 0.7954967992592512,
                    "99": 0.9300031234601124
                }
            }
        }
    }
}