{
    "dataset": {
        "name": "msd",
        "rewrite": false
    },
    "split": {
        "n_val_users": 50000,
        "n_test_users": 50000,
        "seed": 42,
        "target_proportion": 0.2,
        "targets_newest": false
    },
    "model": {
        "general": {
            "model": "SANSA",
            "checkpoints_folder": "models/checkpoints/",
            "retrain": true,
            "save": false
        },
        "model_specific": {
            "l2": 200,
            "target_density": 0.0005,
            "ainv_params": {
                "umr_scans": 3,
                "umr_finetune_steps": 20,
                "umr_loss_threshold": 0.0001
            },
            "ldlt_method": "cholmod"
        }
    },
    "evaluation": {
        "split": "test",
        "metrics": [
            "recall",
            "ndcg"
        ],
        "ks": [
            20,
            50,
            100
        ],
        "experiment_folder": "experiments/shorter_training"
    },
    "performance": {
        "time": {
            "ldlt_time": 115.35765970200009,
            "umr_scans_times": [
                1.107366861999708,
                11.655418460999954,
                22.122596506000264
            ],
            "umr_finetune_step_times": [
                0.01946979400008786,
                0.021247148999918863,
                0.021217117000105645,
                0.02088636400003452,
                0.019970239000031142,
                0.018644128999767418,
                0.018879192999975203,
                0.01730115200007276,
                0.015972850000252947,
                0.022115020000001095,
                0.01698423299967544,
                0.021257406999666273,
                0.02129562199979773,
                0.02036297700033174,
                0.019886068000232626,
                0.021668136999778653,
                0.015811842999937653,
                0.020510303999799362,
                0.018287798000073963,
                0.019897983000191743
            ],
            "ainv_time": 36.72796344199969,
            "construct_weights_time": 152.53035048500033,
            "matmat_times": [
                0.003074291999837442,
                0.15606236099984017
            ],
            "predict_time": 0.7149024899999858,
            "pipeline": {
                "dataset_load_time": 1.1758117660001517,
                "dataset_split_time": 0.0,
                "data_preparation_time": 1.9659618440000486,
                "model_preparation_time": 154.53885432700008,
                "evaluation_time": 38.78121456400004
            }
        },
        "memory": {
            "L_memory": {
                "nnz": 846147565,
                "mbytes": 10153.935344,
                "density": 0.49993959525898857
            },
            "sparsified L_memory": {
                "nnz": 846250,
                "mbytes": 10.319564,
                "density": 0.0005000001181684179
            },
            "L_inv_memory": {
                "nnz": 846249,
                "mbytes": 10.319552,
                "density": 0.0004999995273263284
            }
        }
    },
    "results": {
        "20": {
            "coverage": 0.0,
            "recall": {
                "mean": 0.3279534509681066,
                "std": 0.2540858653054977,
                "se": 0.0011363065338898964,
                "min": 0.0,
                "max": 1.0,
                "percentiles": {
                    "1": 0.0,
                    "5": 0.0,
                    "10": 0.0,
                    "25": 0.14285714285714285,
                    "50": 0.26666666666666666,
                    "75": 0.5,
                    "90": 0.7142857142857143,
                    "95": 0.8,
                    "99": 1.0
                }
            },
            "ndcg": {
                "mean": 0.31928372175550457,
                "std": 0.25442223101545014,
                "se": 0.0011378108070754036,
                "min": 0.0,
                "max": 1.0000000000000002,
                "percentiles": {
                    "1": 0.0,
                    "5": 0.0,
                    "10": 0.0,
                    "25": 0.10209739512291163,
                    "50": 0.27732449246808155,
                    "75": 0.4947219807216015,
                    "90": 0.6972423143612837,
                    "95": 0.7974056487654604,
                    "99": 0.9526533201221141
                }
            }
        },
        "50": {
            "coverage": 0.0,
            "recall": {
                "mean": 0.42199615164440923,
                "std": 0.26555269679872073,
                "se": 0.0011875877633006607,
                "min": 0.0,
                "max": 1.0,
                "percentiles": {
                    "1": 0.0,
                    "5": 0.0,
                    "10": 0.1,
                    "25": 0.2222222222222222,
                    "50": 0.4,
                    "75": 0.6,
                    "90": 0.8,
                    "95": 0.9230769230769231,
                    "99": 1.0
                }
            },
            "ndcg": {
                "mean": 0.35508772459722093,
                "std": 0.24995572687295153,
                "se": 0.001117835993306581,
                "min": 0.0,
                "max": 1.0000000000000002,
                "percentiles": {
                    "1": 0.0,
                    "5": 0.0,
                    "10": 0.053812561788940415,
                    "25": 0.1484181332953161,
                    "50": 0.32248767757203534,
                    "75": 0.5314082771124417,
                    "90": 0.7194194363938361,
                    "95": 0.8175483157502716,
                    "99": 0.9550236580992476
                }
            }
        },
        "100": {
            "coverage": 0.0,
            "recall": {
                "mean": 0.5001925614406089,
                "std": 0.265647298435856,
                "se": 0.001188010834683495,
                "min": 0.0,
                "max": 1.0,
                "percentiles": {
                    "1": 0.0,
                    "5": 0.058823529411764705,
                    "10": 0.16666666666666666,
                    "25": 0.2857142857142857,
                    "50": 0.5,
                    "75": 0.7142857142857143,
                    "90": 0.8571428571428571,
                    "95": 1.0,
                    "99": 1.0
                }
            },
            "ndcg": {
                "mean": 0.38292231809809685,
                "std": 0.24767112641609237,
                "se": 0.0011076189494606528,
                "min": 0.0,
                "max": 1.0000000000000002,
                "percentiles": {
                    "1": 0.0,
                    "5": 0.029616154859264245,
                    "10": 0.07239559903187814,
                    "25": 0.17813447769075458,
                    "50": 0.35548305946743874,
                    "75": 0.5606013702317392,
                    "90": 0.7406725195379158,
                    "95": 0.8318724637288826,
                    "99": 0.9558295932317544
                }
            }
        }
    }
}