{
    "dataset": {
        "name": "msd",
        "rewrite": false
    },
    "split": {
        "n_val_users": 50000,
        "n_test_users": 50000,
        "seed": 42,
        "target_proportion": 0.2,
        "targets_newest": false
    },
    "model": {
        "general": {
            "model": "SANSA",
            "checkpoints_folder": "models/checkpoints/",
            "retrain": true,
            "save": false
        },
        "model_specific": {
            "l2": 200,
            "target_density": 0.01,
            "ainv_params": {
                "umr_scans": 1,
                "umr_finetune_steps": 20,
                "umr_loss_threshold": 0.0001
            },
            "ldlt_method": "cholmod"
        }
    },
    "evaluation": {
        "split": "test",
        "metrics": [
            "recall",
            "ndcg"
        ],
        "ks": [
            20,
            50,
            100
        ],
        "experiment_folder": "experiments/shorter_training"
    },
    "performance": {
        "time": {
            "ldlt_time": 117.92869082700054,
            "umr_scans_times": [
                5.830257597001037
            ],
            "umr_finetune_step_times": [
                1.890918868000881,
                1.8239346530008334,
                1.740986464999878,
                1.6037726340000518,
                1.5442492389993276,
                1.525350296000397,
                1.6981722279997484,
                1.6410714089997782,
                1.534255253000083,
                1.522870911998325,
                1.5058993399998144,
                1.5451096470005723,
                1.4871286410016182,
                1.5413936189997912,
                1.4066156200005935,
                1.5267169950002426,
                1.494187606000196,
                1.538783367999713,
                1.384646161001001,
                1.4360012360011751
            ],
            "ainv_time": 126.57634004899955,
            "construct_weights_time": 245.71215584200036,
            "matmat_times": [
                0.04769660699821543,
                3.7993765320006787
            ],
            "predict_time": 5.242315243998746,
            "pipeline": {
                "dataset_load_time": 1.1895602950007742,
                "dataset_split_time": 0.0,
                "data_preparation_time": 1.993763852999109,
                "model_preparation_time": 247.78341010699842,
                "evaluation_time": 158.5333408610004
            }
        },
        "memory": {
            "L_memory": {
                "nnz": 846147565,
                "mbytes": 10153.935344,
                "density": 0.49993959525898857
            },
            "sparsified L_memory": {
                "nnz": 16924996,
                "mbytes": 203.264516,
                "density": 0.01
            },
            "L_inv_memory": {
                "nnz": 16924996,
                "mbytes": 203.264516,
                "density": 0.01
            }
        }
    },
    "results": {
        "20": {
            "coverage": 0.0,
            "recall": {
                "mean": 0.3257234616692218,
                "std": 0.25335756561862766,
                "se": 0.00113304947867423,
                "min": 0.0,
                "max": 1.0,
                "percentiles": {
                    "1": 0.0,
                    "5": 0.0,
                    "10": 0.0,
                    "25": 0.14285714285714285,
                    "50": 0.25,
                    "75": 0.5,
                    "90": 0.7142857142857143,
                    "95": 0.8,
                    "99": 1.0
                }
            },
            "ndcg": {
                "mean": 0.31532537548048023,
                "std": 0.25265031628537304,
                "se": 0.0011298865635018325,
                "min": 0.0,
                "max": 1.0000000000000002,
                "percentiles": {
                    "1": 0.0,
                    "5": 0.0,
                    "10": 0.0,
                    "25": 0.10086747116627115,
                    "50": 0.27487633291429087,
                    "75": 0.48999389972846946,
                    "90": 0.6887030147136273,
                    "95": 0.7908688477791831,
                    "99": 0.9447176050778178
                }
            }
        },
        "50": {
            "coverage": 0.0,
            "recall": {
                "mean": 0.4208461003758868,
                "std": 0.2653277936128085,
                "se": 0.0011865819656765486,
                "min": 0.0,
                "max": 1.0,
                "percentiles": {
                    "1": 0.0,
                    "5": 0.0,
                    "10": 0.1,
                    "25": 0.2222222222222222,
                    "50": 0.4,
                    "75": 0.6,
                    "90": 0.8,
                    "95": 0.9230769230769231,
                    "99": 1.0
                }
            },
            "ndcg": {
                "mean": 0.3516164315361349,
                "std": 0.24842577327698187,
                "se": 0.0011109938328205643,
                "min": 0.0,
                "max": 1.0000000000000002,
                "percentiles": {
                    "1": 0.0,
                    "5": 0.0,
                    "10": 0.053894577262255466,
                    "25": 0.14606834984270645,
                    "50": 0.3191471544989227,
                    "75": 0.5256975785940929,
                    "90": 0.7151497894421598,
                    "95": 0.8114583672680384,
                    "99": 0.951231200062686
                }
            }
        },
        "100": {
            "coverage": 0.0,
            "recall": {
                "mean": 0.5027590001902956,
                "std": 0.2648912586851136,
                "se": 0.0011846297221307911,
                "min": 0.0,
                "max": 1.0,
                "percentiles": {
                    "1": 0.0,
                    "5": 0.07692307692307693,
                    "10": 0.16666666666666666,
                    "25": 0.2857142857142857,
                    "50": 0.5,
                    "75": 0.7142857142857143,
                    "90": 0.8571428571428571,
                    "95": 1.0,
                    "99": 1.0
                }
            },
            "ndcg": {
                "mean": 0.3806104203295147,
                "std": 0.24569023589117364,
                "se": 0.0010987601377212457,
                "min": 0.0,
                "max": 1.0000000000000002,
                "percentiles": {
                    "1": 0.0,
                    "5": 0.03657426272524937,
                    "10": 0.07335312372354855,
                    "25": 0.17798293991646713,
                    "50": 0.3515146281649048,
                    "75": 0.5567298946663598,
                    "90": 0.7362526976482584,
                    "95": 0.8278741856023202,
                    "99": 0.9537729276828693
                }
            }
        }
    }
}