{
    "dataset": {
        "name": "msd",
        "rewrite": false
    },
    "split": {
        "n_val_users": 50000,
        "n_test_users": 50000,
        "seed": 42,
        "target_proportion": 0.2,
        "targets_newest": false
    },
    "model": {
        "general": {
            "model": "SANSA",
            "checkpoints_folder": "models/checkpoints/",
            "retrain": true,
            "save": false
        },
        "model_specific": {
            "l2": 200,
            "target_density": 0.01,
            "ainv_params": {
                "umr_scans": 1,
                "umr_finetune_steps": 10,
                "umr_loss_threshold": 0.0001
            },
            "ldlt_method": "cholmod"
        }
    },
    "evaluation": {
        "split": "test",
        "metrics": [
            "recall",
            "ndcg"
        ],
        "ks": [
            20,
            50,
            100
        ],
        "experiment_folder": "experiments/shorter_training"
    },
    "performance": {
        "time": {
            "ldlt_time": 119.20679896299953,
            "umr_scans_times": [
                5.861921539999457
            ],
            "umr_finetune_step_times": [
                1.902014348999728,
                1.8619023760002165,
                1.757330815999012,
                1.6197411089997331,
                1.5574159959996905,
                1.541924241999368,
                1.7185647749993223,
                1.6266699669995432,
                1.5277734270002838,
                1.5322532700010925
            ],
            "ainv_time": 71.89796265000041,
            "construct_weights_time": 192.31381063700064,
            "matmat_times": [
                0.049697738999384455,
                3.809783046999655
            ],
            "predict_time": 5.2551125879999745,
            "pipeline": {
                "dataset_load_time": 1.1984060710001359,
                "dataset_split_time": 0.0,
                "data_preparation_time": 2.0127565160000813,
                "model_preparation_time": 194.36629173000074,
                "evaluation_time": 157.91628074500113
            }
        },
        "memory": {
            "L_memory": {
                "nnz": 846147565,
                "mbytes": 10153.935344,
                "density": 0.49993959525898857
            },
            "sparsified L_memory": {
                "nnz": 16924996,
                "mbytes": 203.264516,
                "density": 0.01
            },
            "L_inv_memory": {
                "nnz": 16924996,
                "mbytes": 203.264516,
                "density": 0.01
            }
        }
    },
    "results": {
        "20": {
            "coverage": 0.0,
            "recall": {
                "mean": 0.3168145121071739,
                "std": 0.24997370996033447,
                "se": 0.0011179164161182482,
                "min": 0.0,
                "max": 1.0,
                "percentiles": {
                    "1": 0.0,
                    "5": 0.0,
                    "10": 0.0,
                    "25": 0.13333333333333333,
                    "50": 0.25,
                    "75": 0.5,
                    "90": 0.6875,
                    "95": 0.8,
                    "99": 1.0
                }
            },
            "ndcg": {
                "mean": 0.30448110598921374,
                "std": 0.24769203047010105,
                "se": 0.0011077124352321902,
                "min": 0.0,
                "max": 1.0000000000000002,
                "percentiles": {
                    "1": 0.0,
                    "5": 0.0,
                    "10": 0.0,
                    "25": 0.096473724972407,
                    "50": 0.261359822281491,
                    "75": 0.4747990810083781,
                    "90": 0.6688455692479314,
                    "95": 0.7756770539810109,
                    "99": 0.9296688542918453
                }
            }
        },
        "50": {
            "coverage": 0.0,
            "recall": {
                "mean": 0.411428832515332,
                "std": 0.26352870709072945,
                "se": 0.0011785362061550039,
                "min": 0.0,
                "max": 1.0,
                "percentiles": {
                    "1": 0.0,
                    "5": 0.0,
                    "10": 0.09090909090909091,
                    "25": 0.20689655172413793,
                    "50": 0.3870967741935484,
                    "75": 0.6,
                    "90": 0.8,
                    "95": 0.9,
                    "99": 1.0
                }
            },
            "ndcg": {
                "mean": 0.3408350638041007,
                "std": 0.24456193079242897,
                "se": 0.0010937142039209404,
                "min": 0.0,
                "max": 1.0000000000000002,
                "percentiles": {
                    "1": 0.0,
                    "5": 0.0,
                    "10": 0.050108347169235574,
                    "25": 0.13787328787091152,
                    "50": 0.3064563643872562,
                    "75": 0.5088031104023405,
                    "90": 0.6996131146526021,
                    "95": 0.7982012190305375,
                    "99": 0.9407662247971147
                }
            }
        },
        "100": {
            "coverage": 0.0,
            "recall": {
                "mean": 0.4918790915459283,
                "std": 0.2640571647727065,
                "se": 0.0011808995407552691,
                "min": 0.0,
                "max": 1.0,
                "percentiles": {
                    "1": 0.0,
                    "5": 0.05873949579831979,
                    "10": 0.16666666666666666,
                    "25": 0.28,
                    "50": 0.5,
                    "75": 0.6944444444444444,
                    "90": 0.8571428571428571,
                    "95": 1.0,
                    "99": 1.0
                }
            },
            "ndcg": {
                "mean": 0.36937194956531527,
                "std": 0.24227990819988382,
                "se": 0.0010835086886346978,
                "min": 0.0,
                "max": 1.0000000000000002,
                "percentiles": {
                    "1": 0.0,
                    "5": 0.028196453532237008,
                    "10": 0.06989841918216891,
                    "25": 0.16908993508344605,
                    "50": 0.3391602052736161,
                    "75": 0.5411965153493888,
                    "90": 0.7220254101229113,
                    "95": 0.8134109178618018,
                    "99": 0.9438661545147249
                }
            }
        }
    }
}