{
    "dataset": {
        "name": "msd",
        "rewrite": false
    },
    "split": {
        "n_val_users": 50000,
        "n_test_users": 50000,
        "seed": 42,
        "target_proportion": 0.2,
        "targets_newest": false
    },
    "model": {
        "general": {
            "model": "SANSA",
            "checkpoints_folder": "models/checkpoints/",
            "retrain": true,
            "save": false
        },
        "model_specific": {
            "l2": 200,
            "target_density": 0.0005,
            "ainv_params": {
                "umr_scans": 2,
                "umr_finetune_steps": 0,
                "umr_loss_threshold": 0.0001
            },
            "ldlt_method": "cholmod"
        }
    },
    "evaluation": {
        "split": "test",
        "metrics": [
            "recall",
            "ndcg"
        ],
        "ks": [
            20,
            50,
            100
        ],
        "experiment_folder": "experiments/shorter_training"
    },
    "performance": {
        "time": {
            "ldlt_time": 115.40850687900002,
            "umr_scans_times": [
                1.1629965709998942,
                12.055287341000167
            ],
            "umr_finetune_step_times": [],
            "ainv_time": 13.467616116000045,
            "construct_weights_time": 129.31648307199998,
            "matmat_times": [
                0.003156674999900133,
                0.15530101199988167
            ],
            "predict_time": 0.7113324169999942,
            "pipeline": {
                "dataset_load_time": 1.1754143589998876,
                "dataset_split_time": 0.0,
                "data_preparation_time": 1.9658704809999108,
                "model_preparation_time": 131.33717838000007,
                "evaluation_time": 38.69592000400007
            }
        },
        "memory": {
            "L_memory": {
                "nnz": 846147565,
                "mbytes": 10153.935344,
                "density": 0.49993959525898857
            },
            "sparsified L_memory": {
                "nnz": 846250,
                "mbytes": 10.319564,
                "density": 0.0005000001181684179
            },
            "L_inv_memory": {
                "nnz": 846249,
                "mbytes": 10.319552,
                "density": 0.0004999995273263284
            }
        }
    },
    "results": {
        "20": {
            "coverage": 0.0,
            "recall": {
                "mean": 0.32362072235117817,
                "std": 0.2529783572318753,
                "se": 0.0011313536072133973,
                "min": 0.0,
                "max": 1.0,
                "percentiles": {
                    "1": 0.0,
                    "5": 0.0,
                    "10": 0.0,
                    "25": 0.14285714285714285,
                    "50": 0.25,
                    "75": 0.5,
                    "90": 0.7,
                    "95": 0.8,
                    "99": 1.0
                }
            },
            "ndcg": {
                "mean": 0.3138429418369574,
                "std": 0.2525257196951457,
                "se": 0.0011293293506108065,
                "min": 0.0,
                "max": 1.0000000000000002,
                "percentiles": {
                    "1": 0.0,
                    "5": 0.0,
                    "10": 0.0,
                    "25": 0.09942230256297233,
                    "50": 0.273603599243466,
                    "75": 0.48954378193355147,
                    "90": 0.6859107158044803,
                    "95": 0.7893161320530206,
                    "99": 0.9440608740670333
                }
            }
        },
        "50": {
            "coverage": 0.0,
            "recall": {
                "mean": 0.4168099164912871,
                "std": 0.26497041820744666,
                "se": 0.0011849837342767975,
                "min": 0.0,
                "max": 1.0,
                "percentiles": {
                    "1": 0.0,
                    "5": 0.0,
                    "10": 0.09090909090909091,
                    "25": 0.21428571428571427,
                    "50": 0.4,
                    "75": 0.6,
                    "90": 0.8,
                    "95": 0.9090909090909091,
                    "99": 1.0
                }
            },
            "ndcg": {
                "mean": 0.34939771665697184,
                "std": 0.24850011790924434,
                "se": 0.0011113263121235665,
                "min": 0.0,
                "max": 1.0000000000000002,
                "percentiles": {
                    "1": 0.0,
                    "5": 0.0,
                    "10": 0.0509244396172251,
                    "25": 0.14305654952065985,
                    "50": 0.3162008079228989,
                    "75": 0.5225458241443492,
                    "90": 0.7130890445040435,
                    "95": 0.8104143897397171,
                    "99": 0.9501318016577244
                }
            }
        },
        "100": {
            "coverage": 0.0,
            "recall": {
                "mean": 0.49529641229089333,
                "std": 0.2654783759654321,
                "se": 0.0011872553904299051,
                "min": 0.0,
                "max": 1.0,
                "percentiles": {
                    "1": 0.0,
                    "5": 0.0,
                    "10": 0.16666666666666666,
                    "25": 0.2857142857142857,
                    "50": 0.5,
                    "75": 0.7,
                    "90": 0.8571428571428571,
                    "95": 1.0,
                    "99": 1.0
                }
            },
            "ndcg": {
                "mean": 0.3772751058700298,
                "std": 0.24629017449755355,
                "se": 0.0011014431447336297,
                "min": 0.0,
                "max": 1.0000000000000002,
                "percentiles": {
                    "1": 0.0,
                    "5": 0.0,
                    "10": 0.07044444505291164,
                    "25": 0.17320760816124514,
                    "50": 0.3481448643669116,
                    "75": 0.5543091811583,
                    "90": 0.7337727874392845,
                    "95": 0.8276979115507208,
                    "99": 0.952644161666526
                }
            }
        }
    }
}