{
    "dataset": {
        "name": "msd",
        "rewrite": false
    },
    "split": {
        "n_val_users": 50000,
        "n_test_users": 50000,
        "seed": 42,
        "target_proportion": 0.2,
        "targets_newest": false
    },
    "model": {
        "general": {
            "model": "SANSA",
            "checkpoints_folder": "models/checkpoints/",
            "retrain": true,
            "save": false
        },
        "model_specific": {
            "l2": 200,
            "target_density": 0.0005,
            "ainv_params": {
                "umr_scans": 2,
                "umr_finetune_steps": 10,
                "umr_loss_threshold": 0.0001
            },
            "ldlt_method": "cholmod"
        }
    },
    "evaluation": {
        "split": "test",
        "metrics": [
            "recall",
            "ndcg"
        ],
        "ks": [
            20,
            50,
            100
        ],
        "experiment_folder": "experiments/shorter_training"
    },
    "performance": {
        "time": {
            "ldlt_time": 115.23678160300005,
            "umr_scans_times": [
                1.1030150599999615,
                11.45119188700005
            ],
            "umr_finetune_step_times": [
                0.01578253799993945,
                0.01931777800018608,
                0.018578646999912962,
                0.014404909999939264,
                0.01276273600001332,
                0.017140112000106456,
                0.014638893000210373,
                0.01484020199995939,
                0.01878890800003319,
                0.018308004999880723
            ],
            "ainv_time": 13.57308359800004,
            "construct_weights_time": 129.24430687900008,
            "matmat_times": [
                0.003147480000052383,
                0.15486216699991928
            ],
            "predict_time": 0.7098757750000004,
            "pipeline": {
                "dataset_load_time": 1.17605298400008,
                "dataset_split_time": 0.0,
                "data_preparation_time": 1.9652748940000038,
                "model_preparation_time": 131.26751301600007,
                "evaluation_time": 38.66071488900002
            }
        },
        "memory": {
            "L_memory": {
                "nnz": 846147565,
                "mbytes": 10153.935344,
                "density": 0.49993959525898857
            },
            "sparsified L_memory": {
                "nnz": 846250,
                "mbytes": 10.319564,
                "density": 0.0005000001181684179
            },
            "L_inv_memory": {
                "nnz": 846249,
                "mbytes": 10.319552,
                "density": 0.0004999995273263284
            }
        }
    },
    "results": {
        "20": {
            "coverage": 0.0,
            "recall": {
                "mean": 0.323896054245634,
                "std": 0.2530766760422867,
                "se": 0.001131793302300491,
                "min": 0.0,
                "max": 1.0,
                "percentiles": {
                    "1": 0.0,
                    "5": 0.0,
                    "10": 0.0,
                    "25": 0.14285714285714285,
                    "50": 0.25,
                    "75": 0.5,
                    "90": 0.7,
                    "95": 0.8,
                    "99": 1.0
                }
            },
            "ndcg": {
                "mean": 0.3141605452524476,
                "std": 0.2527757212929499,
                "se": 0.001130447391745154,
                "min": 0.0,
                "max": 1.0000000000000002,
                "percentiles": {
                    "1": 0.0,
                    "5": 0.0,
                    "10": 0.0,
                    "25": 0.09869803113307149,
                    "50": 0.27362312050622783,
                    "75": 0.49015236174599097,
                    "90": 0.6876419860177084,
                    "95": 0.7895577095214663,
                    "99": 0.9447176050778178
                }
            }
        },
        "50": {
            "coverage": 0.0,
            "recall": {
                "mean": 0.417261050506094,
                "std": 0.2651018307585632,
                "se": 0.0011855714290715839,
                "min": 0.0,
                "max": 1.0,
                "percentiles": {
                    "1": 0.0,
                    "5": 0.0,
                    "10": 0.09090909090909091,
                    "25": 0.21739130434782608,
                    "50": 0.4,
                    "75": 0.6,
                    "90": 0.8,
                    "95": 0.9090909090909091,
                    "99": 1.0
                }
            },
            "ndcg": {
                "mean": 0.34975791237750864,
                "std": 0.248692430134407,
                "se": 0.0011121863585403025,
                "min": 0.0,
                "max": 1.0000000000000002,
                "percentiles": {
                    "1": 0.0,
                    "5": 0.0,
                    "10": 0.0509244396172251,
                    "25": 0.14369073844224872,
                    "50": 0.316260939169562,
                    "75": 0.523166236120032,
                    "90": 0.7142031115203148,
                    "95": 0.8105762494359183,
                    "99": 0.9500874956260137
                }
            }
        },
        "100": {
            "coverage": 0.0,
            "recall": {
                "mean": 0.49573298410472283,
                "std": 0.26533865339224033,
                "se": 0.001186630532086609,
                "min": 0.0,
                "max": 1.0,
                "percentiles": {
                    "1": 0.0,
                    "5": 0.0,
                    "10": 0.16666666666666666,
                    "25": 0.2857142857142857,
                    "50": 0.5,
                    "75": 0.7,
                    "90": 0.8571428571428571,
                    "95": 1.0,
                    "99": 1.0
                }
            },
            "ndcg": {
                "mean": 0.37764440013438944,
                "std": 0.24646890008469885,
                "se": 0.0011022424298579806,
                "min": 0.0,
                "max": 1.0000000000000002,
                "percentiles": {
                    "1": 0.0,
                    "5": 0.0,
                    "10": 0.07052543712707746,
                    "25": 0.17342765698823945,
                    "50": 0.34845459869459217,
                    "75": 0.5547801181329437,
                    "90": 0.7342798466781353,
                    "95": 0.8296290721994002,
                    "99": 0.9521568486647023
                }
            }
        }
    }
}