{
    "dataset": {
        "name": "msd",
        "rewrite": false
    },
    "split": {
        "n_val_users": 50000,
        "n_test_users": 50000,
        "seed": 42,
        "target_proportion": 0.2,
        "targets_newest": false
    },
    "model": {
        "general": {
            "model": "SANSA",
            "checkpoints_folder": "models/checkpoints/",
            "retrain": true,
            "save": false
        },
        "model_specific": {
            "l2": 200,
            "target_density": 0.0005,
            "ainv_params": {
                "umr_scans": 0,
                "umr_finetune_steps": 0,
                "umr_loss_threshold": 0.0001
            },
            "ldlt_method": "cholmod"
        }
    },
    "evaluation": {
        "split": "test",
        "metrics": [
            "recall",
            "ndcg"
        ],
        "ks": [
            20,
            50,
            100
        ],
        "experiment_folder": "experiments/shorter_training"
    },
    "performance": {
        "time": {
            "ldlt_time": 115.633590152,
            "umr_scans_times": [],
            "umr_finetune_step_times": [],
            "ainv_time": 0.12185506500000542,
            "construct_weights_time": 116.187470061,
            "matmat_times": [
                0.003753679999988435,
                0.1473586339999997
            ],
            "predict_time": 0.6918392729999994,
            "pipeline": {
                "dataset_load_time": 2.116936573000004,
                "dataset_split_time": 0.0,
                "data_preparation_time": 11.454699809999994,
                "model_preparation_time": 118.217174736,
                "evaluation_time": 38.787760647
            }
        },
        "memory": {
            "L_memory": {
                "nnz": 846147565,
                "mbytes": 10153.935344,
                "density": 0.49993959525898857
            },
            "sparsified L_memory": {
                "nnz": 846250,
                "mbytes": 10.319564,
                "density": 0.0005000001181684179
            },
            "L_inv_memory": {
                "nnz": 846250,
                "mbytes": 10.319564,
                "density": 0.0005000001181684179
            }
        }
    },
    "results": {
        "20": {
            "coverage": 0.0,
            "recall": {
                "mean": 0.26223869480072726,
                "std": 0.21881384305455234,
                "se": 0.0009785652549758985,
                "min": 0.0,
                "max": 1.0,
                "percentiles": {
                    "1": 0.0,
                    "5": 0.0,
                    "10": 0.0,
                    "25": 0.1,
                    "50": 0.23076923076923078,
                    "75": 0.4,
                    "90": 0.5714285714285714,
                    "95": 0.7,
                    "99": 0.9
                }
            },
            "ndcg": {
                "mean": 0.24960874076695577,
                "std": 0.21620432407917076,
                "se": 0.0009668951313408409,
                "min": 0.0,
                "max": 1.0,
                "percentiles": {
                    "1": 0.0,
                    "5": 0.0,
                    "10": 0.0,
                    "25": 0.0740318445087683,
                    "50": 0.2061025342089921,
                    "75": 0.3903800499921017,
                    "90": 0.5654567152134216,
                    "95": 0.6621271433637581,
                    "99": 0.8318724637288826
                }
            }
        },
        "50": {
            "coverage": 0.0,
            "recall": {
                "mean": 0.35366069534701555,
                "std": 0.23908750931778447,
                "se": 0.001069231846811361,
                "min": 0.0,
                "max": 1.0,
                "percentiles": {
                    "1": 0.0,
                    "5": 0.0,
                    "10": 0.0,
                    "25": 0.18181818181818182,
                    "50": 0.32432432432432434,
                    "75": 0.5,
                    "90": 0.7142857142857143,
                    "95": 0.8,
                    "99": 1.0
                }
            },
            "ndcg": {
                "mean": 0.28489516247114066,
                "std": 0.21514815527186387,
                "se": 0.0009621718008431347,
                "min": 0.0,
                "max": 1.0,
                "percentiles": {
                    "1": 0.0,
                    "5": 0.0,
                    "10": 0.0,
                    "25": 0.10734007645933633,
                    "50": 0.24690651996975177,
                    "75": 0.42665087582564154,
                    "90": 0.5979085079864944,
                    "95": 0.6925570784746331,
                    "99": 0.8417306079877119
                }
            }
        },
        "100": {
            "coverage": 0.0,
            "recall": {
                "mean": 0.4305419679221449,
                "std": 0.24404456076681125,
                "se": 0.0010914004548273363,
                "min": 0.0,
                "max": 1.0,
                "percentiles": {
                    "1": 0.0,
                    "5": 0.0,
                    "10": 0.14285714285714285,
                    "25": 0.25,
                    "50": 0.4117647058823529,
                    "75": 0.6,
                    "90": 0.75,
                    "95": 0.8333333333333334,
                    "99": 1.0
                }
            },
            "ndcg": {
                "mean": 0.31214337216930654,
                "std": 0.21414403012798175,
                "se": 0.0009576812166838604,
                "min": 0.0,
                "max": 1.0,
                "percentiles": {
                    "1": 0.0,
                    "5": 0.0,
                    "10": 0.058995070558427745,
                    "25": 0.13873790480415887,
                    "50": 0.27908454586594944,
                    "75": 0.4581760742033552,
                    "90": 0.6238470455881188,
                    "95": 0.7095272044910244,
                    "99": 0.8503296986588232
                }
            }
        }
    }
}