{
    "dataset": {
        "name": "msd",
        "rewrite": false
    },
    "split": {
        "n_val_users": 50000,
        "n_test_users": 50000,
        "seed": 42,
        "target_proportion": 0.2,
        "targets_newest": false
    },
    "model": {
        "general": {
            "model": "SANSA",
            "checkpoints_folder": "models/checkpoints/",
            "retrain": true,
            "save": false
        },
        "model_specific": {
            "l2": 200,
            "target_density": 0.01,
            "ainv_params": {
                "umr_scans": 1,
                "umr_finetune_steps": 0,
                "umr_loss_threshold": 0.0001
            },
            "ldlt_method": "cholmod"
        }
    },
    "evaluation": {
        "split": "test",
        "metrics": [
            "recall",
            "ndcg"
        ],
        "ks": [
            20,
            50,
            100
        ],
        "experiment_folder": "experiments/shorter_training"
    },
    "performance": {
        "time": {
            "ldlt_time": 115.52030346399988,
            "umr_scans_times": [
                5.775578635999409
            ],
            "umr_finetune_step_times": [],
            "ainv_time": 14.115453944001274,
            "construct_weights_time": 130.81091832600032,
            "matmat_times": [
                0.048618200000419165,
                3.8087403059998906
            ],
            "predict_time": 5.252318016000572,
            "pipeline": {
                "dataset_load_time": 1.1686369250001007,
                "dataset_split_time": 0.0,
                "data_preparation_time": 1.9513553550004872,
                "model_preparation_time": 132.81907553199926,
                "evaluation_time": 156.9830119319995
            }
        },
        "memory": {
            "L_memory": {
                "nnz": 846147565,
                "mbytes": 10153.935344,
                "density": 0.49993959525898857
            },
            "sparsified L_memory": {
                "nnz": 16924996,
                "mbytes": 203.264516,
                "density": 0.01
            },
            "L_inv_memory": {
                "nnz": 16924996,
                "mbytes": 203.264516,
                "density": 0.01
            }
        }
    },
    "results": {
        "20": {
            "coverage": 0.0,
            "recall": {
                "mean": 0.26045094922621237,
                "std": 0.21822327328679286,
                "se": 0.0009759241466835657,
                "min": 0.0,
                "max": 1.0,
                "percentiles": {
                    "1": 0.0,
                    "5": 0.0,
                    "10": 0.0,
                    "25": 0.1,
                    "50": 0.2222222222222222,
                    "75": 0.4,
                    "90": 0.5714285714285714,
                    "95": 0.7,
                    "99": 0.8888888888888888
                }
            },
            "ndcg": {
                "mean": 0.24680883059801173,
                "std": 0.2149058834545301,
                "se": 0.0009610883283379533,
                "min": 0.0,
                "max": 1.0,
                "percentiles": {
                    "1": 0.0,
                    "5": 0.0,
                    "10": 0.0,
                    "25": 0.07256783117062009,
                    "50": 0.201618677732602,
                    "75": 0.3903800499921017,
                    "90": 0.5595403467731636,
                    "95": 0.6562136764523295,
                    "99": 0.8294952165625348
                }
            }
        },
        "50": {
            "coverage": 0.0,
            "recall": {
                "mean": 0.3501009051343342,
                "std": 0.23856565061730226,
                "se": 0.001066898023753505,
                "min": 0.0,
                "max": 1.0,
                "percentiles": {
                    "1": 0.0,
                    "5": 0.0,
                    "10": 0.0,
                    "25": 0.17647058823529413,
                    "50": 0.3125,
                    "75": 0.5,
                    "90": 0.7058823529411765,
                    "95": 0.8,
                    "99": 1.0
                }
            },
            "ndcg": {
                "mean": 0.2815357762706129,
                "std": 0.2145314955679727,
                "se": 0.0009594140148093637,
                "min": 0.0,
                "max": 1.0,
                "percentiles": {
                    "1": 0.0,
                    "5": 0.0,
                    "10": 0.0,
                    "25": 0.10567657058116695,
                    "50": 0.24380728654161637,
                    "75": 0.4219568317096077,
                    "90": 0.593717839552598,
                    "95": 0.688368519168092,
                    "99": 0.8416523230399305
                }
            }
        },
        "100": {
            "coverage": 0.0,
            "recall": {
                "mean": 0.4256836623773562,
                "std": 0.24305740546551569,
                "se": 0.001086985762111244,
                "min": 0.0,
                "max": 1.0,
                "percentiles": {
                    "1": 0.0,
                    "5": 0.0,
                    "10": 0.13333333333333333,
                    "25": 0.25,
                    "50": 0.4,
                    "75": 0.6,
                    "90": 0.75,
                    "95": 0.8333333333333334,
                    "99": 1.0
                }
            },
            "ndcg": {
                "mean": 0.3082790534155933,
                "std": 0.21317688969919807,
                "se": 0.0009533560331987632,
                "min": 0.0,
                "max": 1.0,
                "percentiles": {
                    "1": 0.0,
                    "5": 0.0,
                    "10": 0.058478855042735804,
                    "25": 0.1366919929990022,
                    "50": 0.27447258107577355,
                    "75": 0.45323365962645645,
                    "90": 0.6180417031861514,
                    "95": 0.7045264108552824,
                    "99": 0.8487646331729967
                }
            }
        }
    }
}