{
    "dataset": {
        "name": "msd",
        "rewrite": false
    },
    "split": {
        "n_val_users": 50000,
        "n_test_users": 50000,
        "seed": 42,
        "target_proportion": 0.2,
        "targets_newest": false
    },
    "model": {
        "general": {
            "model": "SANSA",
            "checkpoints_folder": "models/checkpoints/",
            "retrain": true,
            "save": false
        },
        "model_specific": {
            "l2": 200,
            "target_density": 0.0005,
            "ainv_params": {
                "umr_scans": 2,
                "umr_finetune_steps": 20,
                "umr_loss_threshold": 0.0001
            },
            "ldlt_method": "cholmod"
        }
    },
    "evaluation": {
        "split": "test",
        "metrics": [
            "recall",
            "ndcg"
        ],
        "ks": [
            20,
            50,
            100
        ],
        "experiment_folder": "experiments/shorter_training"
    },
    "performance": {
        "time": {
            "ldlt_time": 115.25041810200014,
            "umr_scans_times": [
                1.1021353890000682,
                11.610828979999951
            ],
            "umr_finetune_step_times": [
                0.016079596999816204,
                0.01943024799993509,
                0.018567667999832338,
                0.014444575999959852,
                0.012983364000092479,
                0.01710511300007056,
                0.014641709999978048,
                0.01498602599986043,
                0.018978682000124536,
                0.018443122999997286,
                0.015474551000124848,
                0.016005347999907826,
                0.017023911000023872,
                0.01666904099988642,
                0.017217405999872426,
                0.018072163000169894,
                0.01720887099986612,
                0.016042617999801223,
                0.01610674900007325,
                0.01717936899990491
            ],
            "ainv_time": 14.485513759000014,
            "construct_weights_time": 130.17267759300012,
            "matmat_times": [
                0.0031629179998162726,
                0.1546525010003279
            ],
            "predict_time": 0.7099953440001627,
            "pipeline": {
                "dataset_load_time": 1.1747596789998624,
                "dataset_split_time": 0.0,
                "data_preparation_time": 1.964114999000003,
                "model_preparation_time": 132.20460734400012,
                "evaluation_time": 38.65364806100001
            }
        },
        "memory": {
            "L_memory": {
                "nnz": 846147565,
                "mbytes": 10153.935344,
                "density": 0.49993959525898857
            },
            "sparsified L_memory": {
                "nnz": 846250,
                "mbytes": 10.319564,
                "density": 0.0005000001181684179
            },
            "L_inv_memory": {
                "nnz": 846249,
                "mbytes": 10.319552,
                "density": 0.0004999995273263284
            }
        }
    },
    "results": {
        "20": {
            "coverage": 0.0,
            "recall": {
                "mean": 0.32397350391077784,
                "std": 0.2531514758546518,
                "se": 0.0011321278172307962,
                "min": 0.0,
                "max": 1.0,
                "percentiles": {
                    "1": 0.0,
                    "5": 0.0,
                    "10": 0.0,
                    "25": 0.14285714285714285,
                    "50": 0.25,
                    "75": 0.5,
                    "90": 0.7,
                    "95": 0.8,
                    "99": 1.0
                }
            },
            "ndcg": {
                "mean": 0.31434189059188156,
                "std": 0.25286391844703193,
                "se": 0.001130841821409053,
                "min": 0.0,
                "max": 1.0000000000000002,
                "percentiles": {
                    "1": 0.0,
                    "5": 0.0,
                    "10": 0.0,
                    "25": 0.09942460513010812,
                    "50": 0.2739476968113261,
                    "75": 0.490300956513237,
                    "90": 0.6875356146540755,
                    "95": 0.7899924865171245,
                    "99": 0.9452275367016146
                }
            }
        },
        "50": {
            "coverage": 0.0,
            "recall": {
                "mean": 0.4175236659272545,
                "std": 0.2651460628656053,
                "se": 0.0011857692410678525,
                "min": 0.0,
                "max": 1.0,
                "percentiles": {
                    "1": 0.0,
                    "5": 0.0,
                    "10": 0.09090909090909091,
                    "25": 0.21739130434782608,
                    "50": 0.4,
                    "75": 0.6,
                    "90": 0.8,
                    "95": 0.9166666666666666,
                    "99": 1.0
                }
            },
            "ndcg": {
                "mean": 0.35001101745404495,
                "std": 0.2487764436763252,
                "se": 0.0011125620785218217,
                "min": 0.0,
                "max": 1.0000000000000002,
                "percentiles": {
                    "1": 0.0,
                    "5": 0.0,
                    "10": 0.05097554749895306,
                    "25": 0.143854264769192,
                    "50": 0.3162645728268295,
                    "75": 0.5240145817668554,
                    "90": 0.7142241107568963,
                    "95": 0.8104639263435324,
                    "99": 0.9510166126684381
                }
            }
        },
        "100": {
            "coverage": 0.0,
            "recall": {
                "mean": 0.4959031431223718,
                "std": 0.26539124789169505,
                "se": 0.0011868657418386557,
                "min": 0.0,
                "max": 1.0,
                "percentiles": {
                    "1": 0.0,
                    "5": 0.0,
                    "10": 0.16666666666666666,
                    "25": 0.2857142857142857,
                    "50": 0.5,
                    "75": 0.7,
                    "90": 0.8571428571428571,
                    "95": 1.0,
                    "99": 1.0
                }
            },
            "ndcg": {
                "mean": 0.3778600242990075,
                "std": 0.2465403928481689,
                "se": 0.0011025621552160172,
                "min": 0.0,
                "max": 1.0000000000000002,
                "percentiles": {
                    "1": 0.0,
                    "5": 0.0,
                    "10": 0.070555951696659,
                    "25": 0.17342765698823945,
                    "50": 0.34853052200176315,
                    "75": 0.5555169207184758,
                    "90": 0.7346503181036668,
                    "95": 0.8297197050122157,
                    "99": 0.9538136841360797
                }
            }
        }
    }
}