{
    "dataset": {
        "name": "msd",
        "rewrite": false
    },
    "split": {
        "n_val_users": 50000,
        "n_test_users": 50000,
        "seed": 42,
        "target_proportion": 0.2,
        "targets_newest": false
    },
    "model": {
        "general": {
            "model": "SANSA",
            "checkpoints_folder": "models/checkpoints/",
            "retrain": true,
            "save": false
        },
        "model_specific": {
            "l2": 200,
            "target_density": 0.0025,
            "ainv_params": {
                "umr_scans": 0,
                "umr_finetune_steps": 0,
                "umr_loss_threshold": 0.0001
            },
            "ldlt_method": "cholmod"
        }
    },
    "evaluation": {
        "split": "test",
        "metrics": [
            "recall",
            "ndcg"
        ],
        "ks": [
            20,
            50,
            100
        ],
        "experiment_folder": "experiments/shorter_training"
    },
    "performance": {
        "time": {
            "ldlt_time": 118.73542112099994,
            "umr_scans_times": [],
            "umr_finetune_step_times": [],
            "ainv_time": 0.7377202090001447,
            "construct_weights_time": 120.07222855300006,
            "matmat_times": [
                0.017084966999846074,
                0.883826463999867
            ],
            "predict_time": 2.244199113000377,
            "pipeline": {
                "dataset_load_time": 1.203149191999728,
                "dataset_split_time": 0.0,
                "data_preparation_time": 2.0117941819999032,
                "model_preparation_time": 122.13351942200006,
                "evaluation_time": 85.71198051800002
            }
        },
        "memory": {
            "L_memory": {
                "nnz": 846147565,
                "mbytes": 10153.935344,
                "density": 0.49993959525898857
            },
            "sparsified L_memory": {
                "nnz": 4231249,
                "mbytes": 50.939552,
                "density": 0.0025
            },
            "L_inv_memory": {
                "nnz": 4231249,
                "mbytes": 50.939552,
                "density": 0.0025
            }
        }
    },
    "results": {
        "20": {
            "coverage": 0.0,
            "recall": {
                "mean": 0.2554779074175738,
                "std": 0.21518899432564836,
                "se": 0.0009623544386439325,
                "min": 0.0,
                "max": 1.0,
                "percentiles": {
                    "1": 0.0,
                    "5": 0.0,
                    "10": 0.0,
                    "25": 0.1,
                    "50": 0.2222222222222222,
                    "75": 0.4,
                    "90": 0.55,
                    "95": 0.6666666666666666,
                    "99": 0.8571428571428571
                }
            },
            "ndcg": {
                "mean": 0.24351474266363074,
                "std": 0.21265303339159708,
                "se": 0.0009510132765702875,
                "min": 0.0,
                "max": 1.0,
                "percentiles": {
                    "1": 0.0,
                    "5": 0.0,
                    "10": 0.0,
                    "25": 0.07124603288568937,
                    "50": 0.1979985543550709,
                    "75": 0.3842129335688143,
                    "90": 0.5533410108710769,
                    "95": 0.6504464778651685,
                    "99": 0.8176839984615488
                }
            }
        },
        "50": {
            "coverage": 0.0,
            "recall": {
                "mean": 0.34394655530826507,
                "std": 0.2356047217611796,
                "se": 0.0010536563473558431,
                "min": 0.0,
                "max": 1.0,
                "percentiles": {
                    "1": 0.0,
                    "5": 0.0,
                    "10": 0.0,
                    "25": 0.16666666666666666,
                    "50": 0.3,
                    "75": 0.5,
                    "90": 0.6666666666666666,
                    "95": 0.7777777777777778,
                    "99": 1.0
                }
            },
            "ndcg": {
                "mean": 0.2775058877607348,
                "std": 0.21181283526646447,
                "se": 0.0009472557963255587,
                "min": 0.0,
                "max": 1.0,
                "percentiles": {
                    "1": 0.0,
                    "5": 0.0,
                    "10": 0.0,
                    "25": 0.10368061445733293,
                    "50": 0.24010154354314173,
                    "75": 0.4156641271362378,
                    "90": 0.5852963140590421,
                    "95": 0.6789292703421754,
                    "99": 0.8318724637288826
                }
            }
        },
        "100": {
            "coverage": 0.0,
            "recall": {
                "mean": 0.41933648915883504,
                "std": 0.24009006485590462,
                "se": 0.001073715411480272,
                "min": 0.0,
                "max": 1.0,
                "percentiles": {
                    "1": 0.0,
                    "5": 0.0,
                    "10": 0.13043478260869565,
                    "25": 0.25,
                    "50": 0.4,
                    "75": 0.5833333333333334,
                    "90": 0.75,
                    "95": 0.8333333333333334,
                    "99": 1.0
                }
            },
            "ndcg": {
                "mean": 0.30408863204374514,
                "std": 0.21037491147276774,
                "se": 0.0009408252056272181,
                "min": 0.0,
                "max": 1.0,
                "percentiles": {
                    "1": 0.0,
                    "5": 0.0,
                    "10": 0.057274611736137626,
                    "25": 0.13461304619672657,
                    "50": 0.270698412556912,
                    "75": 0.447222219656712,
                    "90": 0.6096027622082385,
                    "95": 0.6955141081398628,
                    "99": 0.8380282933926693
                }
            }
        }
    }
}