{
    "dataset": {
        "name": "msd",
        "rewrite": false
    },
    "split": {
        "n_val_users": 50000,
        "n_test_users": 50000,
        "seed": 42,
        "target_proportion": 0.2,
        "targets_newest": false
    },
    "model": {
        "general": {
            "model": "SANSA",
            "checkpoints_folder": "models/checkpoints/",
            "retrain": true,
            "save": false
        },
        "model_specific": {
            "l2": 200,
            "target_density": 0.01,
            "ainv_params": {
                "umr_scans": 0,
                "umr_finetune_steps": 5,
                "umr_loss_threshold": 0.0001
            },
            "ldlt_method": "cholmod"
        }
    },
    "evaluation": {
        "split": "test",
        "metrics": [
            "recall",
            "ndcg"
        ],
        "ks": [
            20,
            50,
            100
        ],
        "experiment_folder": "experiments/shorter_training"
    },
    "performance": {
        "time": {
            "ldlt_time": 115.75444931799939,
            "umr_scans_times": [],
            "umr_finetune_step_times": [
                2.1680600870004128,
                1.898322453000219,
                1.8796897890006221,
                1.7299877330005984,
                1.619854091999514
            ],
            "ainv_time": 33.54300655299994,
            "construct_weights_time": 150.4746726909998,
            "matmat_times": [
                0.04839471800005413,
                3.803808069000297
            ],
            "predict_time": 5.247396110999034,
            "pipeline": {
                "dataset_load_time": 1.1774907590006478,
                "dataset_split_time": 0.0,
                "data_preparation_time": 1.9639202050002496,
                "model_preparation_time": 152.49585081499936,
                "evaluation_time": 157.61634461700123
            }
        },
        "memory": {
            "L_memory": {
                "nnz": 846147565,
                "mbytes": 10153.935344,
                "density": 0.49993959525898857
            },
            "sparsified L_memory": {
                "nnz": 16924996,
                "mbytes": 203.264516,
                "density": 0.01
            },
            "L_inv_memory": {
                "nnz": 16924996,
                "mbytes": 203.264516,
                "density": 0.01
            }
        }
    },
    "results": {
        "20": {
            "coverage": 0.0,
            "recall": {
                "mean": 0.2998335567460575,
                "std": 0.24148431070658713,
                "se": 0.0010799506684792183,
                "min": 0.0,
                "max": 1.0,
                "percentiles": {
                    "1": 0.0,
                    "5": 0.0,
                    "10": 0.0,
                    "25": 0.125,
                    "50": 0.25,
                    "75": 0.45,
                    "90": 0.65,
                    "95": 0.75,
                    "99": 1.0
                }
            },
            "ndcg": {
                "mean": 0.2857964157452924,
                "std": 0.23779003405166954,
                "se": 0.0010634293610230457,
                "min": 0.0,
                "max": 1.0000000000000002,
                "percentiles": {
                    "1": 0.0,
                    "5": 0.0,
                    "10": 0.0,
                    "25": 0.08961728720334346,
                    "50": 0.24421972311055815,
                    "75": 0.4434094783324015,
                    "90": 0.6366824387328317,
                    "95": 0.7395343154353106,
                    "99": 0.9048260668723901
                }
            }
        },
        "50": {
            "coverage": 0.0,
            "recall": {
                "mean": 0.3939932628591155,
                "std": 0.25826067081144166,
                "se": 0.0011549768316981587,
                "min": 0.0,
                "max": 1.0,
                "percentiles": {
                    "1": 0.0,
                    "5": 0.0,
                    "10": 0.07692307692307693,
                    "25": 0.2,
                    "50": 0.36363636363636365,
                    "75": 0.5714285714285714,
                    "90": 0.75,
                    "95": 0.8571428571428571,
                    "99": 1.0
                }
            },
            "ndcg": {
                "mean": 0.32226772712626683,
                "std": 0.23628049774782803,
                "se": 0.001056678509443259,
                "min": 0.0,
                "max": 1.0000000000000002,
                "percentiles": {
                    "1": 0.0,
                    "5": 0.0,
                    "10": 0.04279895060768677,
                    "25": 0.12720207869344097,
                    "50": 0.28522274617249144,
                    "75": 0.4818220970705289,
                    "90": 0.6667915054886424,
                    "95": 0.7663135870060673,
                    "99": 0.9178963760995228
                }
            }
        },
        "100": {
            "coverage": 0.0,
            "recall": {
                "mean": 0.47340571323720165,
                "std": 0.2602432748279377,
                "se": 0.0011638433064048571,
                "min": 0.0,
                "max": 1.0,
                "percentiles": {
                    "1": 0.0,
                    "5": 0.0,
                    "10": 0.15384615384615385,
                    "25": 0.25,
                    "50": 0.4666666666666667,
                    "75": 0.6666666666666666,
                    "90": 0.8333333333333334,
                    "95": 1.0,
                    "99": 1.0
                }
            },
            "ndcg": {
                "mean": 0.3504338567287599,
                "std": 0.23446136339697657,
                "se": 0.0010485430933058412,
                "min": 0.0,
                "max": 1.0000000000000002,
                "percentiles": {
                    "1": 0.0,
                    "5": 0.0,
                    "10": 0.06556385272536247,
                    "25": 0.15961532969328834,
                    "50": 0.31869798777260816,
                    "75": 0.5118334485362223,
                    "90": 0.6923454178011692,
                    "95": 0.7819928733857829,
                    "99": 0.9221985671751944
                }
            }
        }
    }
}