{
    "dataset": {
        "name": "msd",
        "rewrite": false
    },
    "split": {
        "n_val_users": 50000,
        "n_test_users": 50000,
        "seed": 42,
        "target_proportion": 0.2,
        "targets_newest": false
    },
    "model": {
        "general": {
            "model": "SANSA",
            "checkpoints_folder": "models/checkpoints/",
            "retrain": true,
            "save": false
        },
        "model_specific": {
            "l2": 200,
            "target_density": 0.01,
            "ainv_params": {
                "umr_scans": 4,
                "umr_finetune_steps": 20,
                "umr_loss_threshold": 0.0001
            },
            "ldlt_method": "cholmod"
        }
    },
    "evaluation": {
        "split": "test",
        "metrics": [
            "recall",
            "ndcg"
        ],
        "ks": [
            20,
            50,
            100
        ],
        "experiment_folder": "experiments/shorter_training"
    },
    "performance": {
        "time": {
            "ldlt_time": 115.516991728,
            "umr_scans_times": [
                5.77264414900128,
                47.1262392259996,
                69.98737752300076,
                77.81738062400109
            ],
            "umr_finetune_step_times": [
                2.685785934001615,
                2.5244817359998706,
                2.6110815789979824,
                2.6258809300015855,
                2.722670693998225,
                2.656669112999225,
                2.569021437000629,
                2.5722127340013685,
                2.5927754270014702,
                2.609926897999685,
                2.681260622000991,
                2.564517169001192,
                2.6500193169995327,
                2.5994902630009165,
                2.5116212110006018,
                2.5335000550003315,
                2.5901148220000323,
                2.6305867219998618,
                2.6615962389987544,
                2.539611074000277
            ],
            "ainv_time": 355.0251124259994,
            "construct_weights_time": 471.7692368019998,
            "matmat_times": [
                0.047321752997959265,
                3.7924446990000433
            ],
            "predict_time": 5.236185086003388,
            "pipeline": {
                "dataset_load_time": 1.173114377001184,
                "dataset_split_time": 0.0,
                "data_preparation_time": 1.9599667900001805,
                "model_preparation_time": 473.88395014600246,
                "evaluation_time": 159.34701861399662
            }
        },
        "memory": {
            "L_memory": {
                "nnz": 846147565,
                "mbytes": 10153.935344,
                "density": 0.49993959525898857
            },
            "sparsified L_memory": {
                "nnz": 16924996,
                "mbytes": 203.264516,
                "density": 0.01
            },
            "L_inv_memory": {
                "nnz": 16924996,
                "mbytes": 203.264516,
                "density": 0.01
            }
        }
    },
    "results": {
        "20": {
            "coverage": 0.0,
            "recall": {
                "mean": 0.33188518890809915,
                "std": 0.2548840466231935,
                "se": 0.001139876109259373,
                "min": 0.0,
                "max": 1.0,
                "percentiles": {
                    "1": 0.0,
                    "5": 0.0,
                    "10": 0.0,
                    "25": 0.14285714285714285,
                    "50": 0.2727272727272727,
                    "75": 0.5,
                    "90": 0.7142857142857143,
                    "95": 0.8,
                    "99": 1.0
                }
            },
            "ndcg": {
                "mean": 0.32278696094935594,
                "std": 0.25504423066894405,
                "se": 0.001140592474089791,
                "min": 0.0,
                "max": 1.0000000000000002,
                "percentiles": {
                    "1": 0.0,
                    "5": 0.0,
                    "10": 0.0,
                    "25": 0.10549558423511038,
                    "50": 0.28400429512120073,
                    "75": 0.4998189748807085,
                    "90": 0.6992148198508501,
                    "95": 0.8014749789089411,
                    "99": 0.9550236580992476
                }
            }
        },
        "50": {
            "coverage": 0.0,
            "recall": {
                "mean": 0.4274743779922496,
                "std": 0.26592852427695446,
                "se": 0.0011892685148789466,
                "min": 0.0,
                "max": 1.0,
                "percentiles": {
                    "1": 0.0,
                    "5": 0.0,
                    "10": 0.1,
                    "25": 0.22727272727272727,
                    "50": 0.4,
                    "75": 0.6,
                    "90": 0.8,
                    "95": 0.937624999999989,
                    "99": 1.0
                }
            },
            "ndcg": {
                "mean": 0.359083554408209,
                "std": 0.2502126179140647,
                "se": 0.0011189848449680605,
                "min": 0.0,
                "max": 1.0000000000000002,
                "percentiles": {
                    "1": 0.0,
                    "5": 0.0,
                    "10": 0.05647932202672738,
                    "25": 0.15101961822780524,
                    "50": 0.32792069561793985,
                    "75": 0.5369338300935185,
                    "90": 0.7227265726449519,
                    "95": 0.821314182947132,
                    "99": 0.9558295932317544
                }
            }
        },
        "100": {
            "coverage": 0.0,
            "recall": {
                "mean": 0.5097667548726915,
                "std": 0.2650625352022515,
                "se": 0.0011853956940013305,
                "min": 0.0,
                "max": 1.0,
                "percentiles": {
                    "1": 0.0,
                    "5": 0.08333333333333333,
                    "10": 0.1701406419040754,
                    "25": 0.3,
                    "50": 0.5,
                    "75": 0.7142857142857143,
                    "90": 0.875,
                    "95": 1.0,
                    "99": 1.0
                }
            },
            "ndcg": {
                "mean": 0.3882107576669362,
                "std": 0.24741425272060757,
                "se": 0.0011064701753711816,
                "min": 0.0,
                "max": 1.0000000000000002,
                "percentiles": {
                    "1": 0.0,
                    "5": 0.03922989101927642,
                    "10": 0.07610811271330754,
                    "25": 0.18506447092993913,
                    "50": 0.36173323074714125,
                    "75": 0.5666867828578932,
                    "90": 0.7440552718294278,
                    "95": 0.8334831861489109,
                    "99": 0.9579538694174863
                }
            }
        }
    }
}