{
    "dataset": {
        "name": "msd",
        "rewrite": false
    },
    "split": {
        "n_val_users": 50000,
        "n_test_users": 50000,
        "seed": 42,
        "target_proportion": 0.2,
        "targets_newest": false
    },
    "model": {
        "general": {
            "model": "SANSA",
            "checkpoints_folder": "models/checkpoints/",
            "retrain": true,
            "save": false
        },
        "model_specific": {
            "l2": 200,
            "target_density": 0.01,
            "ainv_params": {
                "umr_scans": 1,
                "umr_finetune_steps": 5,
                "umr_loss_threshold": 0.0001
            },
            "ldlt_method": "cholmod"
        }
    },
    "evaluation": {
        "split": "test",
        "metrics": [
            "recall",
            "ndcg"
        ],
        "ks": [
            20,
            50,
            100
        ],
        "experiment_folder": "experiments/shorter_training"
    },
    "performance": {
        "time": {
            "ldlt_time": 115.403238461,
            "umr_scans_times": [
                5.78856980800083
            ],
            "umr_finetune_step_times": [
                1.8765715879999334,
                1.8206483880003361,
                1.7270019600000523,
                1.5907773950002593,
                1.5551744639997196
            ],
            "ainv_time": 42.89196388699929,
            "construct_weights_time": 159.51539640600095,
            "matmat_times": [
                0.04976157499913825,
                3.821352132999891
            ],
            "predict_time": 5.2686640709998755,
            "pipeline": {
                "dataset_load_time": 1.1714504369992937,
                "dataset_split_time": 0.0,
                "data_preparation_time": 1.9581412480001745,
                "model_preparation_time": 161.52320742700067,
                "evaluation_time": 157.99170257399965
            }
        },
        "memory": {
            "L_memory": {
                "nnz": 846147565,
                "mbytes": 10153.935344,
                "density": 0.49993959525898857
            },
            "sparsified L_memory": {
                "nnz": 16924996,
                "mbytes": 203.264516,
                "density": 0.01
            },
            "L_inv_memory": {
                "nnz": 16924996,
                "mbytes": 203.264516,
                "density": 0.01
            }
        }
    },
    "results": {
        "20": {
            "coverage": 0.0,
            "recall": {
                "mean": 0.3033054073745312,
                "std": 0.24362804733619123,
                "se": 0.0010895377501385203,
                "min": 0.0,
                "max": 1.0,
                "percentiles": {
                    "1": 0.0,
                    "5": 0.0,
                    "10": 0.0,
                    "25": 0.125,
                    "50": 0.25,
                    "75": 0.45454545454545453,
                    "90": 0.6666666666666666,
                    "95": 0.7692307692307693,
                    "99": 1.0
                }
            },
            "ndcg": {
                "mean": 0.28955040201562937,
                "std": 0.24018252433998452,
                "se": 0.0010741289028634064,
                "min": 0.0,
                "max": 1.0000000000000002,
                "percentiles": {
                    "1": 0.0,
                    "5": 0.0,
                    "10": 0.0,
                    "25": 0.09032543842038994,
                    "50": 0.24630238874073,
                    "75": 0.44841924234265595,
                    "90": 0.63995724624407,
                    "95": 0.747439931000335,
                    "99": 0.9100299745564
                }
            }
        },
        "50": {
            "coverage": 0.0,
            "recall": {
                "mean": 0.3976810407084907,
                "std": 0.25948494249886217,
                "se": 0.00116045194113016,
                "min": 0.0,
                "max": 1.0,
                "percentiles": {
                    "1": 0.0,
                    "5": 0.0,
                    "10": 0.07692307692307693,
                    "25": 0.2,
                    "50": 0.3684210526315789,
                    "75": 0.5714285714285714,
                    "90": 0.75,
                    "95": 0.875,
                    "99": 1.0
                }
            },
            "ndcg": {
                "mean": 0.32606126439478933,
                "std": 0.23818628396923444,
                "se": 0.0010652014445265534,
                "min": 0.0,
                "max": 1.0000000000000002,
                "percentiles": {
                    "1": 0.0,
                    "5": 0.0,
                    "10": 0.04452414146911041,
                    "25": 0.1293381846336989,
                    "50": 0.2892904947112797,
                    "75": 0.4863789524511296,
                    "90": 0.6745298647317497,
                    "95": 0.7742800390007137,
                    "99": 0.9237922477236667
                }
            }
        },
        "100": {
            "coverage": 0.0,
            "recall": {
                "mean": 0.47742537148710995,
                "std": 0.26125937551845374,
                "se": 0.001168387446836814,
                "min": 0.0,
                "max": 1.0,
                "percentiles": {
                    "1": 0.0,
                    "5": 0.0,
                    "10": 0.16666666666666666,
                    "25": 0.2571428571428571,
                    "50": 0.4782608695652174,
                    "75": 0.6666666666666666,
                    "90": 0.8333333333333334,
                    "95": 1.0,
                    "99": 1.0
                }
            },
            "ndcg": {
                "mean": 0.3543475599067639,
                "std": 0.23634412497915372,
                "se": 0.0010569630590721876,
                "min": 0.0,
                "max": 1.0000000000000002,
                "percentiles": {
                    "1": 0.0,
                    "5": 0.0,
                    "10": 0.06612234188543999,
                    "25": 0.16185744669421526,
                    "50": 0.32241050145403755,
                    "75": 0.517338918284046,
                    "90": 0.6990061238973689,
                    "95": 0.7883523989428878,
                    "99": 0.9274345059345632
                }
            }
        }
    }
}