{
    "dataset": {
        "name": "msd",
        "rewrite": false
    },
    "split": {
        "n_val_users": 50000,
        "n_test_users": 50000,
        "seed": 42,
        "target_proportion": 0.2,
        "targets_newest": false
    },
    "model": {
        "general": {
            "model": "SANSA",
            "checkpoints_folder": "models/checkpoints/",
            "retrain": true,
            "save": false
        },
        "model_specific": {
            "l2": 200,
            "target_density": 0.0005,
            "ainv_params": {
                "umr_scans": 1,
                "umr_finetune_steps": 10,
                "umr_loss_threshold": 0.0001
            },
            "ldlt_method": "cholmod"
        }
    },
    "evaluation": {
        "split": "test",
        "metrics": [
            "recall",
            "ndcg"
        ],
        "ks": [
            20,
            50,
            100
        ],
        "experiment_folder": "experiments/shorter_training"
    },
    "performance": {
        "time": {
            "ldlt_time": 115.43444565599998,
            "umr_scans_times": [
                1.1569790720000128
            ],
            "umr_finetune_step_times": [
                0.01783227500004614,
                0.017957464000119217,
                0.017186795000043276,
                0.018773052000142343,
                0.016537010000092778,
                0.015490694999925836,
                0.017605401999844617,
                0.01805543800014675,
                0.017309378000163633,
                0.014648997999984203
            ],
            "ainv_time": 2.0979290329999003,
            "construct_weights_time": 117.95974376599997,
            "matmat_times": [
                0.003104043000121237,
                0.1526795629999924
            ],
            "predict_time": 0.7014235990000088,
            "pipeline": {
                "dataset_load_time": 1.1783241300001919,
                "dataset_split_time": 0.0,
                "data_preparation_time": 1.9674648279999474,
                "model_preparation_time": 119.96499502200004,
                "evaluation_time": 38.55373631899988
            }
        },
        "memory": {
            "L_memory": {
                "nnz": 846147565,
                "mbytes": 10153.935344,
                "density": 0.49993959525898857
            },
            "sparsified L_memory": {
                "nnz": 846250,
                "mbytes": 10.319564,
                "density": 0.0005000001181684179
            },
            "L_inv_memory": {
                "nnz": 846249,
                "mbytes": 10.319552,
                "density": 0.0004999995273263284
            }
        }
    },
    "results": {
        "20": {
            "coverage": 0.0,
            "recall": {
                "mean": 0.27796742768299815,
                "std": 0.22795363880890082,
                "se": 0.001019439664190273,
                "min": 0.0,
                "max": 1.0,
                "percentiles": {
                    "1": 0.0,
                    "5": 0.0,
                    "10": 0.0,
                    "25": 0.1111111111111111,
                    "50": 0.25,
                    "75": 0.4,
                    "90": 0.6,
                    "95": 0.75,
                    "99": 1.0
                }
            },
            "ndcg": {
                "mean": 0.2643666387021348,
                "std": 0.22459909050982121,
                "se": 0.0010044376681291763,
                "min": 0.0,
                "max": 1.0,
                "percentiles": {
                    "1": 0.0,
                    "5": 0.0,
                    "10": 0.0,
                    "25": 0.07984133538066794,
                    "50": 0.22013598940624196,
                    "75": 0.41037652278790837,
                    "90": 0.5924027532604824,
                    "95": 0.6935563162597639,
                    "99": 0.8563125381956918
                }
            }
        },
        "50": {
            "coverage": 0.0,
            "recall": {
                "mean": 0.3710270032995754,
                "std": 0.24712283712980437,
                "se": 0.0011051669252297033,
                "min": 0.0,
                "max": 1.0,
                "percentiles": {
                    "1": 0.0,
                    "5": 0.0,
                    "10": 0.047619047619047616,
                    "25": 0.2,
                    "50": 0.3333333333333333,
                    "75": 0.5,
                    "90": 0.75,
                    "95": 0.8,
                    "99": 1.0
                }
            },
            "ndcg": {
                "mean": 0.3003029725435472,
                "std": 0.2235424322808132,
                "se": 0.0009997121488710833,
                "min": 0.0,
                "max": 1.0,
                "percentiles": {
                    "1": 0.0,
                    "5": 0.0,
                    "10": 0.03071500390655847,
                    "25": 0.11705955946772346,
                    "50": 0.26363422713382534,
                    "75": 0.45076530913730073,
                    "90": 0.6275333087087933,
                    "95": 0.7210564623380479,
                    "99": 0.8687949224876582
                }
            }
        },
        "100": {
            "coverage": 0.0,
            "recall": {
                "mean": 0.4484854643643641,
                "std": 0.2513077099423972,
                "se": 0.0011238822454019998,
                "min": 0.0,
                "max": 1.0,
                "percentiles": {
                    "1": 0.0,
                    "5": 0.0,
                    "10": 0.14285714285714285,
                    "25": 0.25,
                    "50": 0.42857142857142855,
                    "75": 0.6153846153846154,
                    "90": 0.8,
                    "95": 0.875,
                    "99": 1.0
                }
            },
            "ndcg": {
                "mean": 0.3278463382337403,
                "std": 0.2225584711856468,
                "se": 0.000995311741079069,
                "min": 0.0,
                "max": 1.0,
                "percentiles": {
                    "1": 0.0,
                    "5": 0.0,
                    "10": 0.061080020762274374,
                    "25": 0.14710801020674497,
                    "50": 0.2965383954201458,
                    "75": 0.47995089374077293,
                    "90": 0.6498779589026437,
                    "95": 0.7383078472204274,
                    "99": 0.875659958348413
                }
            }
        }
    }
}