{
    "dataset": {
        "name": "msd",
        "rewrite": false
    },
    "split": {
        "n_val_users": 50000,
        "n_test_users": 50000,
        "seed": 42,
        "target_proportion": 0.2,
        "targets_newest": false
    },
    "model": {
        "general": {
            "model": "SANSA",
            "checkpoints_folder": "models/checkpoints/",
            "retrain": true,
            "save": false
        },
        "model_specific": {
            "l2": 200,
            "target_density": 0.01,
            "ainv_params": {
                "umr_scans": 2,
                "umr_finetune_steps": 20,
                "umr_loss_threshold": 0.0001
            },
            "ldlt_method": "cholmod"
        }
    },
    "evaluation": {
        "split": "test",
        "metrics": [
            "recall",
            "ndcg"
        ],
        "ks": [
            20,
            50,
            100
        ],
        "experiment_folder": "experiments/shorter_training"
    },
    "performance": {
        "time": {
            "ldlt_time": 115.72808688999976,
            "umr_scans_times": [
                5.785600719000286,
                46.657911480999246
            ],
            "umr_finetune_step_times": [
                2.4218283139998675,
                1.9043776290000096,
                1.6531088060000911,
                1.6329879429995344,
                1.5566970319996472,
                1.6031406829988555,
                1.5438111460007349,
                1.7545820039995306,
                1.5630040599990025,
                1.7504975990013918,
                1.7779508589992474,
                1.8010492369994608,
                1.777923160001592,
                1.7984809369991126,
                1.9163044960005209,
                1.9167425059986272,
                2.114262835999398,
                2.14299368599859,
                2.1507976100001542,
                2.1648109210000257
            ],
            "ainv_time": 180.90860085400163,
            "construct_weights_time": 297.8361949150003,
            "matmat_times": [
                0.04948081400107185,
                3.8076641719999316
            ],
            "predict_time": 5.254571572000714,
            "pipeline": {
                "dataset_load_time": 1.1758371340001759,
                "dataset_split_time": 0.0,
                "data_preparation_time": 1.964267290000862,
                "model_preparation_time": 299.84169583100083,
                "evaluation_time": 159.26114317000065
            }
        },
        "memory": {
            "L_memory": {
                "nnz": 846147565,
                "mbytes": 10153.935344,
                "density": 0.49993959525898857
            },
            "sparsified L_memory": {
                "nnz": 16924996,
                "mbytes": 203.264516,
                "density": 0.01
            },
            "L_inv_memory": {
                "nnz": 16924996,
                "mbytes": 203.264516,
                "density": 0.01
            }
        }
    },
    "results": {
        "20": {
            "coverage": 0.0,
            "recall": {
                "mean": 0.32933532809966093,
                "std": 0.2539498825723932,
                "se": 0.0011356984006199208,
                "min": 0.0,
                "max": 1.0,
                "percentiles": {
                    "1": 0.0,
                    "5": 0.0,
                    "10": 0.0,
                    "25": 0.14285714285714285,
                    "50": 0.2727272727272727,
                    "75": 0.5,
                    "90": 0.7142857142857143,
                    "95": 0.8,
                    "99": 1.0
                }
            },
            "ndcg": {
                "mean": 0.3199388691802937,
                "std": 0.25410472801022554,
                "se": 0.0011363908904699184,
                "min": 0.0,
                "max": 1.0000000000000002,
                "percentiles": {
                    "1": 0.0,
                    "5": 0.0,
                    "10": 0.0,
                    "25": 0.10253313861822189,
                    "50": 0.2797643380184693,
                    "75": 0.4956205348748612,
                    "90": 0.6954472019539221,
                    "95": 0.7952414980860945,
                    "99": 0.9526533201221141
                }
            }
        },
        "50": {
            "coverage": 0.0,
            "recall": {
                "mean": 0.42500389569823477,
                "std": 0.26539530997826766,
                "se": 0.0011868839080420694,
                "min": 0.0,
                "max": 1.0,
                "percentiles": {
                    "1": 0.0,
                    "5": 0.0,
                    "10": 0.1,
                    "25": 0.2222222222222222,
                    "50": 0.4,
                    "75": 0.6,
                    "90": 0.8,
                    "95": 0.9285714285714286,
                    "99": 1.0
                }
            },
            "ndcg": {
                "mean": 0.356378682792322,
                "std": 0.24964056169957133,
                "se": 0.001116426531802944,
                "min": 0.0,
                "max": 1.0000000000000002,
                "percentiles": {
                    "1": 0.0,
                    "5": 0.0,
                    "10": 0.0554835367217868,
                    "25": 0.14899204419514275,
                    "50": 0.325513820788218,
                    "75": 0.5334286017833998,
                    "90": 0.7207700822201204,
                    "95": 0.8181111442873622,
                    "99": 0.9558295932317544
                }
            }
        },
        "100": {
            "coverage": 0.0,
            "recall": {
                "mean": 0.5068555424271859,
                "std": 0.2652149388118981,
                "se": 0.001186077263663703,
                "min": 0.0,
                "max": 1.0,
                "percentiles": {
                    "1": 0.0,
                    "5": 0.07692307692307693,
                    "10": 0.16666666666666666,
                    "25": 0.2972972972972973,
                    "50": 0.5,
                    "75": 0.7142857142857143,
                    "90": 0.875,
                    "95": 1.0,
                    "99": 1.0
                }
            },
            "ndcg": {
                "mean": 0.3853461667013845,
                "std": 0.24693265775508386,
                "se": 0.0011043164172101162,
                "min": 0.0,
                "max": 1.0000000000000002,
                "percentiles": {
                    "1": 0.0,
                    "5": 0.037692528557688725,
                    "10": 0.07482172157442067,
                    "25": 0.18184295437643863,
                    "50": 0.35821595619751806,
                    "75": 0.563598031669014,
                    "90": 0.7413191998509302,
                    "95": 0.8318724637288826,
                    "99": 0.9578751927058927
                }
            }
        }
    }
}