{
    "dataset": {
        "name": "msd",
        "rewrite": false
    },
    "split": {
        "n_val_users": 50000,
        "n_test_users": 50000,
        "seed": 42,
        "target_proportion": 0.2,
        "targets_newest": false
    },
    "model": {
        "general": {
            "model": "SANSA",
            "checkpoints_folder": "models/checkpoints/",
            "retrain": true,
            "save": false
        },
        "model_specific": {
            "l2": 200,
            "target_density": 0.0025,
            "ainv_params": {
                "umr_scans": 2,
                "umr_finetune_steps": 0,
                "umr_loss_threshold": 0.0001
            },
            "ldlt_method": "cholmod"
        }
    },
    "evaluation": {
        "split": "test",
        "metrics": [
            "recall",
            "ndcg"
        ],
        "ks": [
            20,
            50,
            100
        ],
        "experiment_folder": "experiments/shorter_training"
    },
    "performance": {
        "time": {
            "ldlt_time": 118.6779442699999,
            "umr_scans_times": [
                3.123985819999689,
                23.435293688000456
            ],
            "umr_finetune_step_times": [],
            "ainv_time": 28.533149251000395,
            "construct_weights_time": 147.826147408,
            "matmat_times": [
                0.01645704000020487,
                0.8909731160001684
            ],
            "predict_time": 2.252993902999151,
            "pipeline": {
                "dataset_load_time": 1.1982246000006853,
                "dataset_split_time": 0.0,
                "data_preparation_time": 2.008356102000107,
                "model_preparation_time": 149.9118717020001,
                "evaluation_time": 83.61899912999979
            }
        },
        "memory": {
            "L_memory": {
                "nnz": 846147565,
                "mbytes": 10153.935344,
                "density": 0.49993959525898857
            },
            "sparsified L_memory": {
                "nnz": 4231249,
                "mbytes": 50.939552,
                "density": 0.0025
            },
            "L_inv_memory": {
                "nnz": 4231249,
                "mbytes": 50.939552,
                "density": 0.0025
            }
        }
    },
    "results": {
        "20": {
            "coverage": 0.0,
            "recall": {
                "mean": 0.32567453625390774,
                "std": 0.25336317037809647,
                "se": 0.0011330745439205696,
                "min": 0.0,
                "max": 1.0,
                "percentiles": {
                    "1": 0.0,
                    "5": 0.0,
                    "10": 0.0,
                    "25": 0.14285714285714285,
                    "50": 0.25,
                    "75": 0.5,
                    "90": 0.7142857142857143,
                    "95": 0.8,
                    "99": 1.0
                }
            },
            "ndcg": {
                "mean": 0.31528822339884627,
                "std": 0.2526523496444256,
                "se": 0.001129895656959961,
                "min": 0.0,
                "max": 1.0000000000000002,
                "percentiles": {
                    "1": 0.0,
                    "5": 0.0,
                    "10": 0.0,
                    "25": 0.10086747116627115,
                    "50": 0.27446906542300376,
                    "75": 0.49045843587123544,
                    "90": 0.6881039952658475,
                    "95": 0.7909557568839506,
                    "99": 0.946939919931806
                }
            }
        },
        "50": {
            "coverage": 0.0,
            "recall": {
                "mean": 0.42012685244585285,
                "std": 0.2649172062853331,
                "se": 0.0011847457633266788,
                "min": 0.0,
                "max": 1.0,
                "percentiles": {
                    "1": 0.0,
                    "5": 0.0,
                    "10": 0.1,
                    "25": 0.2222222222222222,
                    "50": 0.4,
                    "75": 0.6,
                    "90": 0.8,
                    "95": 0.9166666666666666,
                    "99": 1.0
                }
            },
            "ndcg": {
                "mean": 0.35135873513689997,
                "std": 0.2484588620496618,
                "se": 0.0011111418103105731,
                "min": 0.0,
                "max": 1.0000000000000002,
                "percentiles": {
                    "1": 0.0,
                    "5": 0.0,
                    "10": 0.05334621352524345,
                    "25": 0.14606834984270645,
                    "50": 0.3186659238536772,
                    "75": 0.525532376492539,
                    "90": 0.7138594941408025,
                    "95": 0.8117214645716768,
                    "99": 0.9517662860049482
                }
            }
        },
        "100": {
            "coverage": 0.0,
            "recall": {
                "mean": 0.5011010767769484,
                "std": 0.2648383950286201,
                "se": 0.0011843933086718738,
                "min": 0.0,
                "max": 1.0,
                "percentiles": {
                    "1": 0.0,
                    "5": 0.07142857142857142,
                    "10": 0.16666666666666666,
                    "25": 0.2857142857142857,
                    "50": 0.5,
                    "75": 0.7142857142857143,
                    "90": 0.8571428571428571,
                    "95": 1.0,
                    "99": 1.0
                }
            },
            "ndcg": {
                "mean": 0.38006815274959416,
                "std": 0.24593893422766394,
                "se": 0.0010998723504938126,
                "min": 0.0,
                "max": 1.0000000000000002,
                "percentiles": {
                    "1": 0.0,
                    "5": 0.035327046105514806,
                    "10": 0.07256783117062009,
                    "25": 0.17760444594281066,
                    "50": 0.351263976987173,
                    "75": 0.5567264930083028,
                    "90": 0.7357156515045683,
                    "95": 0.828051218757314,
                    "99": 0.9546925342112876
                }
            }
        }
    }
}