{
    "dataset": {
        "name": "msd",
        "rewrite": false
    },
    "split": {
        "n_val_users": 50000,
        "n_test_users": 50000,
        "seed": 42,
        "target_proportion": 0.2,
        "targets_newest": false
    },
    "model": {
        "general": {
            "model": "SANSA",
            "checkpoints_folder": "models/checkpoints/",
            "retrain": true,
            "save": false
        },
        "model_specific": {
            "l2": 200,
            "target_density": 0.0025,
            "ainv_params": {
                "umr_scans": 0,
                "umr_finetune_steps": 5,
                "umr_loss_threshold": 0.0001
            },
            "ldlt_method": "cholmod"
        }
    },
    "evaluation": {
        "split": "test",
        "metrics": [
            "recall",
            "ndcg"
        ],
        "ks": [
            20,
            50,
            100
        ],
        "experiment_folder": "experiments/shorter_training"
    },
    "performance": {
        "time": {
            "ldlt_time": 118.8177893320003,
            "umr_scans_times": [],
            "umr_finetune_step_times": [
                0.18307399100012844,
                0.1675668749999204,
                0.16278271100009079,
                0.14615408800000296,
                0.1333215790000395
            ],
            "ainv_time": 4.660062101999756,
            "construct_weights_time": 124.08595699899979,
            "matmat_times": [
                0.017435763999856135,
                0.8922520220003207
            ],
            "predict_time": 2.2529906549998486,
            "pipeline": {
                "dataset_load_time": 1.1978768419999142,
                "dataset_split_time": 0.0,
                "data_preparation_time": 2.003630076999798,
                "model_preparation_time": 126.18797007299963,
                "evaluation_time": 83.06931407600041
            }
        },
        "memory": {
            "L_memory": {
                "nnz": 846147565,
                "mbytes": 10153.935344,
                "density": 0.49993959525898857
            },
            "sparsified L_memory": {
                "nnz": 4231249,
                "mbytes": 50.939552,
                "density": 0.0025
            },
            "L_inv_memory": {
                "nnz": 4231249,
                "mbytes": 50.939552,
                "density": 0.0025
            }
        }
    },
    "results": {
        "20": {
            "coverage": 0.0,
            "recall": {
                "mean": 0.27645510762560455,
                "std": 0.2268479977901682,
                "se": 0.0010144950872370763,
                "min": 0.0,
                "max": 1.0,
                "percentiles": {
                    "1": 0.0,
                    "5": 0.0,
                    "10": 0.0,
                    "25": 0.1111111111111111,
                    "50": 0.25,
                    "75": 0.4,
                    "90": 0.6,
                    "95": 0.75,
                    "99": 1.0
                }
            },
            "ndcg": {
                "mean": 0.2626173529589463,
                "std": 0.2230112715303449,
                "se": 0.0009973367257810294,
                "min": 0.0,
                "max": 1.0,
                "percentiles": {
                    "1": 0.0,
                    "5": 0.0,
                    "10": 0.0,
                    "25": 0.08021827351724288,
                    "50": 0.2200917662980802,
                    "75": 0.4075190477223436,
                    "90": 0.5888049843511646,
                    "95": 0.6887335233025543,
                    "99": 0.8512928701968879
                }
            }
        },
        "50": {
            "coverage": 0.0,
            "recall": {
                "mean": 0.3687127622451542,
                "std": 0.2461072149926186,
                "se": 0.0011006249249533012,
                "min": 0.0,
                "max": 1.0,
                "percentiles": {
                    "1": 0.0,
                    "5": 0.0,
                    "10": 0.05128205128205128,
                    "25": 0.2,
                    "50": 0.3333333333333333,
                    "75": 0.5,
                    "90": 0.75,
                    "95": 0.8,
                    "99": 1.0
                }
            },
            "ndcg": {
                "mean": 0.2982656548567256,
                "std": 0.2222003899262384,
                "se": 0.000993710353004057,
                "min": 0.0,
                "max": 1.0,
                "percentiles": {
                    "1": 0.0,
                    "5": 0.0,
                    "10": 0.03269908712843579,
                    "25": 0.11532909615289835,
                    "50": 0.26090988294514483,
                    "75": 0.4481698197166273,
                    "90": 0.6237173575856758,
                    "95": 0.7155031680407733,
                    "99": 0.8665020781021701
                }
            }
        },
        "100": {
            "coverage": 0.0,
            "recall": {
                "mean": 0.4463511302056749,
                "std": 0.24946066234313996,
                "se": 0.001115621997422766,
                "min": 0.0,
                "max": 1.0,
                "percentiles": {
                    "1": 0.0,
                    "5": 0.0,
                    "10": 0.14285714285714285,
                    "25": 0.25,
                    "50": 0.42857142857142855,
                    "75": 0.6,
                    "90": 0.8,
                    "95": 0.875,
                    "99": 1.0
                }
            },
            "ndcg": {
                "mean": 0.32576361181958063,
                "std": 0.220631971811174,
                "se": 0.000986696173959205,
                "min": 0.0,
                "max": 1.0,
                "percentiles": {
                    "1": 0.0,
                    "5": 0.0,
                    "10": 0.06172017359751285,
                    "25": 0.14695088014523872,
                    "50": 0.29382760011519554,
                    "75": 0.4760295448135415,
                    "90": 0.6455562323453626,
                    "95": 0.7322989406849677,
                    "99": 0.8722746628668455
                }
            }
        }
    }
}