{
    "dataset": {
        "name": "msd",
        "rewrite": false
    },
    "split": {
        "n_val_users": 50000,
        "n_test_users": 50000,
        "seed": 42,
        "target_proportion": 0.2,
        "targets_newest": false
    },
    "model": {
        "general": {
            "model": "SANSA",
            "checkpoints_folder": "models/checkpoints/",
            "retrain": true,
            "save": false
        },
        "model_specific": {
            "l2": 200,
            "target_density": 0.0025,
            "ainv_params": {
                "umr_scans": 3,
                "umr_finetune_steps": 10,
                "umr_loss_threshold": 0.0001
            },
            "ldlt_method": "cholmod"
        }
    },
    "evaluation": {
        "split": "test",
        "metrics": [
            "recall",
            "ndcg"
        ],
        "ks": [
            20,
            50,
            100
        ],
        "experiment_folder": "experiments/shorter_training"
    },
    "performance": {
        "time": {
            "ldlt_time": 114.67591999199976,
            "umr_scans_times": [
                3.0744273810005325,
                23.014657738000096,
                31.40321278400006
            ],
            "umr_finetune_step_times": [
                0.19223352300014085,
                0.19479531300021335,
                0.19581435899999633,
                0.190186127000743,
                0.22007918000053905,
                0.20922507700015558,
                0.20712233600079344,
                0.2032842980006535,
                0.22016492399961862,
                0.2100370220005061
            ],
            "ainv_time": 68.06174332299997,
            "construct_weights_time": 183.3100794459997,
            "matmat_times": [
                0.022087785000621807,
                0.8753686690006361
            ],
            "predict_time": 2.240990141000111,
            "pipeline": {
                "dataset_load_time": 1.166599115000281,
                "dataset_split_time": 0.0,
                "data_preparation_time": 1.9554424019997896,
                "model_preparation_time": 185.32984809000027,
                "evaluation_time": 83.0926308119997
            }
        },
        "memory": {
            "L_memory": {
                "nnz": 846147565,
                "mbytes": 10153.935344,
                "density": 0.49993959525898857
            },
            "sparsified L_memory": {
                "nnz": 4231249,
                "mbytes": 50.939552,
                "density": 0.0025
            },
            "L_inv_memory": {
                "nnz": 4231249,
                "mbytes": 50.939552,
                "density": 0.0025
            }
        }
    },
    "results": {
        "20": {
            "coverage": 0.0,
            "recall": {
                "mean": 0.3310228106720421,
                "std": 0.2545110368137108,
                "se": 0.0011382079586788176,
                "min": 0.0,
                "max": 1.0,
                "percentiles": {
                    "1": 0.0,
                    "5": 0.0,
                    "10": 0.0,
                    "25": 0.14285714285714285,
                    "50": 0.2727272727272727,
                    "75": 0.5,
                    "90": 0.7142857142857143,
                    "95": 0.8,
                    "99": 1.0
                }
            },
            "ndcg": {
                "mean": 0.321655596844398,
                "std": 0.25451976332532955,
                "se": 0.0011382469848251896,
                "min": 0.0,
                "max": 1.0000000000000002,
                "percentiles": {
                    "1": 0.0,
                    "5": 0.0,
                    "10": 0.0,
                    "25": 0.10525461890199946,
                    "50": 0.28201326940239274,
                    "75": 0.4968880707839657,
                    "90": 0.6990212114475554,
                    "95": 0.7991674278491002,
                    "99": 0.9534703969080404
                }
            }
        },
        "50": {
            "coverage": 0.0,
            "recall": {
                "mean": 0.4261472701399389,
                "std": 0.265696661504514,
                "se": 0.0011882315930376896,
                "min": 0.0,
                "max": 1.0,
                "percentiles": {
                    "1": 0.0,
                    "5": 0.0,
                    "10": 0.1,
                    "25": 0.2222222222222222,
                    "50": 0.4,
                    "75": 0.6,
                    "90": 0.8,
                    "95": 0.9333333333333333,
                    "99": 1.0
                }
            },
            "ndcg": {
                "mean": 0.35778505463858806,
                "std": 0.24988664037732727,
                "se": 0.001117527029105495,
                "min": 0.0,
                "max": 1.0000000000000002,
                "percentiles": {
                    "1": 0.0,
                    "5": 0.0,
                    "10": 0.05576624569167862,
                    "25": 0.15089535186235647,
                    "50": 0.32702734435169467,
                    "75": 0.5354928593807076,
                    "90": 0.7214041000359676,
                    "95": 0.8193117619047989,
                    "99": 0.9558295932317544
                }
            }
        },
        "100": {
            "coverage": 0.0,
            "recall": {
                "mean": 0.5074363056723764,
                "std": 0.26527570726387295,
                "se": 0.0011863490284427093,
                "min": 0.0,
                "max": 1.0,
                "percentiles": {
                    "1": 0.0,
                    "5": 0.08333333333333333,
                    "10": 0.16666666666666666,
                    "25": 0.2962962962962963,
                    "50": 0.5,
                    "75": 0.7142857142857143,
                    "90": 0.875,
                    "95": 1.0,
                    "99": 1.0
                }
            },
            "ndcg": {
                "mean": 0.3866221491844707,
                "std": 0.24724291081157515,
                "se": 0.0011057039110591994,
                "min": 0.0,
                "max": 1.0000000000000002,
                "percentiles": {
                    "1": 0.0,
                    "5": 0.03822036009724846,
                    "10": 0.07497635902156338,
                    "25": 0.18305786025822274,
                    "50": 0.3599248482521338,
                    "75": 0.5641801976873068,
                    "90": 0.7430307538584948,
                    "95": 0.8324396409167232,
                    "99": 0.9568330073620148
                }
            }
        }
    }
}