{
    "dataset": {
        "name": "msd",
        "rewrite": false
    },
    "split": {
        "n_val_users": 50000,
        "n_test_users": 50000,
        "seed": 42,
        "target_proportion": 0.2,
        "targets_newest": false
    },
    "model": {
        "general": {
            "model": "SANSA",
            "checkpoints_folder": "models/checkpoints/",
            "retrain": true,
            "save": false
        },
        "model_specific": {
            "l2": 200,
            "target_density": 0.01,
            "ainv_params": {
                "umr_scans": 0,
                "umr_finetune_steps": 20,
                "umr_loss_threshold": 0.0001
            },
            "ldlt_method": "cholmod"
        }
    },
    "evaluation": {
        "split": "test",
        "metrics": [
            "recall",
            "ndcg"
        ],
        "ks": [
            20,
            50,
            100
        ],
        "experiment_folder": "experiments/shorter_training"
    },
    "performance": {
        "time": {
            "ldlt_time": 114.8277096260008,
            "umr_scans_times": [],
            "umr_finetune_step_times": [
                2.1363818579993676,
                1.9088743000011164,
                1.8785086330008198,
                1.7303307189995394,
                1.6190227870010858,
                1.5585238960011338,
                1.6109686599993438,
                1.4941846910005552,
                1.5713804400002118,
                1.575369205998868,
                1.3677560179985448,
                1.5216282830006094,
                1.494091357999423,
                1.4714406080001936,
                1.365016753999953,
                1.3409470920014428,
                1.539917055000842,
                1.4775915290010744,
                1.477326071000789,
                1.4885739879991888
            ],
            "ainv_time": 114.37897974800035,
            "construct_weights_time": 230.38420653399953,
            "matmat_times": [
                0.04742434000036155,
                3.7896259449989884
            ],
            "predict_time": 5.233817104999616,
            "pipeline": {
                "dataset_load_time": 1.16801013300028,
                "dataset_split_time": 0.0,
                "data_preparation_time": 1.950266885000019,
                "model_preparation_time": 232.4194798130011,
                "evaluation_time": 158.12457890599944
            }
        },
        "memory": {
            "L_memory": {
                "nnz": 846147565,
                "mbytes": 10153.935344,
                "density": 0.49993959525898857
            },
            "sparsified L_memory": {
                "nnz": 16924996,
                "mbytes": 203.264516,
                "density": 0.01
            },
            "L_inv_memory": {
                "nnz": 16924996,
                "mbytes": 203.264516,
                "density": 0.01
            }
        }
    },
    "results": {
        "20": {
            "coverage": 0.0,
            "recall": {
                "mean": 0.3251716819180132,
                "std": 0.25325897208774734,
                "se": 0.0011326085549998497,
                "min": 0.0,
                "max": 1.0,
                "percentiles": {
                    "1": 0.0,
                    "5": 0.0,
                    "10": 0.0,
                    "25": 0.14285714285714285,
                    "50": 0.25,
                    "75": 0.5,
                    "90": 0.7142857142857143,
                    "95": 0.8,
                    "99": 1.0
                }
            },
            "ndcg": {
                "mean": 0.314649475207617,
                "std": 0.25247214207556246,
                "se": 0.001129089744211885,
                "min": 0.0,
                "max": 1.0000000000000002,
                "percentiles": {
                    "1": 0.0,
                    "5": 0.0,
                    "10": 0.0,
                    "25": 0.10086747116627115,
                    "50": 0.2741957058371375,
                    "75": 0.48882922182497557,
                    "90": 0.6884308967610417,
                    "95": 0.7899924865171245,
                    "99": 0.9447176050778178
                }
            }
        },
        "50": {
            "coverage": 0.0,
            "recall": {
                "mean": 0.42026101135500415,
                "std": 0.2652882185138081,
                "se": 0.0011864049804533865,
                "min": 0.0,
                "max": 1.0,
                "percentiles": {
                    "1": 0.0,
                    "5": 0.0,
                    "10": 0.1,
                    "25": 0.2222222222222222,
                    "50": 0.4,
                    "75": 0.6,
                    "90": 0.8,
                    "95": 0.9166666666666666,
                    "99": 1.0
                }
            },
            "ndcg": {
                "mean": 0.3509545367655527,
                "std": 0.24828923280865656,
                "se": 0.0011103832052828542,
                "min": 0.0,
                "max": 1.0000000000000002,
                "percentiles": {
                    "1": 0.0,
                    "5": 0.0,
                    "10": 0.05361625160595949,
                    "25": 0.1456107159546688,
                    "50": 0.31834159749405183,
                    "75": 0.5244245227089708,
                    "90": 0.7138192032530157,
                    "95": 0.8115252992524691,
                    "99": 0.951231200062686
                }
            }
        },
        "100": {
            "coverage": 0.0,
            "recall": {
                "mean": 0.5022144015894491,
                "std": 0.2649992875050231,
                "se": 0.0011851128417004846,
                "min": 0.0,
                "max": 1.0,
                "percentiles": {
                    "1": 0.0,
                    "5": 0.07692307692307693,
                    "10": 0.16666666666666666,
                    "25": 0.2857142857142857,
                    "50": 0.5,
                    "75": 0.7142857142857143,
                    "90": 0.8571428571428571,
                    "95": 1.0,
                    "99": 1.0
                }
            },
            "ndcg": {
                "mean": 0.37996840803557674,
                "std": 0.24560095847387522,
                "se": 0.0010983608769733761,
                "min": 0.0,
                "max": 1.0000000000000002,
                "percentiles": {
                    "1": 0.0,
                    "5": 0.03578875066261376,
                    "10": 0.07335312372354855,
                    "25": 0.17726151278144908,
                    "50": 0.3504679394834466,
                    "75": 0.5559844945435019,
                    "90": 0.7351424302155646,
                    "95": 0.8273258760299561,
                    "99": 0.9537970058570778
                }
            }
        }
    }
}