{
    "dataset": {
        "name": "msd",
        "rewrite": false
    },
    "split": {
        "n_val_users": 50000,
        "n_test_users": 50000,
        "seed": 42,
        "target_proportion": 0.2,
        "targets_newest": false
    },
    "model": {
        "general": {
            "model": "SANSA",
            "checkpoints_folder": "models/checkpoints/",
            "retrain": true,
            "save": false
        },
        "model_specific": {
            "l2": 200,
            "target_density": 0.0025,
            "ainv_params": {
                "umr_scans": 3,
                "umr_finetune_steps": 20,
                "umr_loss_threshold": 0.0001
            },
            "ldlt_method": "cholmod"
        }
    },
    "evaluation": {
        "split": "test",
        "metrics": [
            "recall",
            "ndcg"
        ],
        "ks": [
            20,
            50,
            100
        ],
        "experiment_folder": "experiments/shorter_training"
    },
    "performance": {
        "time": {
            "ldlt_time": 114.56404904900046,
            "umr_scans_times": [
                3.069821014999434,
                22.849969758000043,
                31.40372598200065
            ],
            "umr_finetune_step_times": [
                0.19167288100015867,
                0.19552158100032102,
                0.19619846899968252,
                0.19062332399971638,
                0.22027511299984326,
                0.211211288999948,
                0.20619253199947707,
                0.2032741740003985,
                0.2190767339998274,
                0.20988645600027667,
                0.20193172600011167,
                0.20104776900006982,
                0.22382286099946214,
                0.2333457120003004,
                0.2297504240004855,
                0.22622244600006525,
                0.2123533240001052,
                0.23122445799981506,
                0.21142378200056555,
                0.22273807400051737
            ],
            "ainv_time": 76.14504680299979,
            "construct_weights_time": 191.27268895100042,
            "matmat_times": [
                0.008230717999140325,
                0.8747039939999013
            ],
            "predict_time": 2.224785881999196,
            "pipeline": {
                "dataset_load_time": 1.1679212830003962,
                "dataset_split_time": 0.0,
                "data_preparation_time": 1.9561681519999183,
                "model_preparation_time": 193.28717700000016,
                "evaluation_time": 82.59540334399935
            }
        },
        "memory": {
            "L_memory": {
                "nnz": 846147565,
                "mbytes": 10153.935344,
                "density": 0.49993959525898857
            },
            "sparsified L_memory": {
                "nnz": 4231249,
                "mbytes": 50.939552,
                "density": 0.0025
            },
            "L_inv_memory": {
                "nnz": 4231249,
                "mbytes": 50.939552,
                "density": 0.0025
            }
        }
    },
    "results": {
        "20": {
            "coverage": 0.0,
            "recall": {
                "mean": 0.3310814452833029,
                "std": 0.2545366145444771,
                "se": 0.001138322345768225,
                "min": 0.0,
                "max": 1.0,
                "percentiles": {
                    "1": 0.0,
                    "5": 0.0,
                    "10": 0.0,
                    "25": 0.14285714285714285,
                    "50": 0.2727272727272727,
                    "75": 0.5,
                    "90": 0.7142857142857143,
                    "95": 0.8,
                    "99": 1.0
                }
            },
            "ndcg": {
                "mean": 0.3216797383973386,
                "std": 0.2545405475059375,
                "se": 0.0011383399345065816,
                "min": 0.0,
                "max": 1.0000000000000002,
                "percentiles": {
                    "1": 0.0,
                    "5": 0.0,
                    "10": 0.0,
                    "25": 0.10513128874375562,
                    "50": 0.28189941555431475,
                    "75": 0.49713008698825745,
                    "90": 0.6990955326433669,
                    "95": 0.7999633850982768,
                    "99": 0.9531573038451616
                }
            }
        },
        "50": {
            "coverage": 0.0,
            "recall": {
                "mean": 0.4261230700912676,
                "std": 0.2656718421473751,
                "se": 0.001188120597498249,
                "min": 0.0,
                "max": 1.0,
                "percentiles": {
                    "1": 0.0,
                    "5": 0.0,
                    "10": 0.1,
                    "25": 0.2222222222222222,
                    "50": 0.4,
                    "75": 0.6,
                    "90": 0.8,
                    "95": 0.9286945812807774,
                    "99": 1.0
                }
            },
            "ndcg": {
                "mean": 0.35777808721870513,
                "std": 0.2498875229729203,
                "se": 0.0011175309761929802,
                "min": 0.0,
                "max": 1.0000000000000002,
                "percentiles": {
                    "1": 0.0,
                    "5": 0.0,
                    "10": 0.05576624569167862,
                    "25": 0.15090143438479303,
                    "50": 0.3268844787437635,
                    "75": 0.5354397414493313,
                    "90": 0.7215181456462877,
                    "95": 0.8191909292527675,
                    "99": 0.9558295932317544
                }
            }
        },
        "100": {
            "coverage": 0.0,
            "recall": {
                "mean": 0.5074961849624222,
                "std": 0.26526249023211224,
                "se": 0.0011862899200797538,
                "min": 0.0,
                "max": 1.0,
                "percentiles": {
                    "1": 0.0,
                    "5": 0.08333333333333333,
                    "10": 0.16666666666666666,
                    "25": 0.29704704704704704,
                    "50": 0.5,
                    "75": 0.7142857142857143,
                    "90": 0.875,
                    "95": 1.0,
                    "99": 1.0
                }
            },
            "ndcg": {
                "mean": 0.3866400153122242,
                "std": 0.24722473314040097,
                "se": 0.0011056226180423633,
                "min": 0.0,
                "max": 1.0000000000000002,
                "percentiles": {
                    "1": 0.0,
                    "5": 0.03822036009724846,
                    "10": 0.07522049112658682,
                    "25": 0.18322304174277582,
                    "50": 0.3598959397134276,
                    "75": 0.5641428462394111,
                    "90": 0.7431042411331351,
                    "95": 0.8324958674509642,
                    "99": 0.9569815083010966
                }
            }
        }
    }
}