{
    "dataset": {
        "name": "msd",
        "rewrite": false
    },
    "split": {
        "n_val_users": 50000,
        "n_test_users": 50000,
        "seed": 42,
        "target_proportion": 0.2,
        "targets_newest": false
    },
    "model": {
        "general": {
            "model": "SANSA",
            "checkpoints_folder": "models/checkpoints/",
            "retrain": true,
            "save": false
        },
        "model_specific": {
            "l2": 200,
            "target_density": 0.0025,
            "ainv_params": {
                "umr_scans": 0,
                "umr_finetune_steps": 20,
                "umr_loss_threshold": 0.0001
            },
            "ldlt_method": "cholmod"
        }
    },
    "evaluation": {
        "split": "test",
        "metrics": [
            "recall",
            "ndcg"
        ],
        "ks": [
            20,
            50,
            100
        ],
        "experiment_folder": "experiments/shorter_training"
    },
    "performance": {
        "time": {
            "ldlt_time": 114.24822625199977,
            "umr_scans_times": [],
            "umr_finetune_step_times": [
                0.18148525600008725,
                0.16419763500016415,
                0.15954373099975783,
                0.1419008250004481,
                0.1312679909997314,
                0.12194275599995308,
                0.1407466860000568,
                0.1131635270003244,
                0.12662795899996127,
                0.126919416000419,
                0.12600673199995072,
                0.13344059100018058,
                0.12536239200017008,
                0.11594967200016981,
                0.13813432099959755,
                0.14556002000063017,
                0.10094713600028626,
                0.1251941459995578,
                0.11427775399988604,
                0.10365875400020741
            ],
            "ainv_time": 15.40374186400004,
            "construct_weights_time": 130.2427440270003,
            "matmat_times": [
                0.016744663000281435,
                0.8721991340007662
            ],
            "predict_time": 2.232094555999538,
            "pipeline": {
                "dataset_load_time": 1.166396676999284,
                "dataset_split_time": 0.0,
                "data_preparation_time": 1.9469762789995002,
                "model_preparation_time": 132.26090037199992,
                "evaluation_time": 82.72577715199986
            }
        },
        "memory": {
            "L_memory": {
                "nnz": 846147565,
                "mbytes": 10153.935344,
                "density": 0.49993959525898857
            },
            "sparsified L_memory": {
                "nnz": 4231249,
                "mbytes": 50.939552,
                "density": 0.0025
            },
            "L_inv_memory": {
                "nnz": 4231249,
                "mbytes": 50.939552,
                "density": 0.0025
            }
        }
    },
    "results": {
        "20": {
            "coverage": 0.0,
            "recall": {
                "mean": 0.3047484702648573,
                "std": 0.24414964982568443,
                "se": 0.001091870427386,
                "min": 0.0,
                "max": 1.0,
                "percentiles": {
                    "1": 0.0,
                    "5": 0.0,
                    "10": 0.0,
                    "25": 0.125,
                    "50": 0.25,
                    "75": 0.45454545454545453,
                    "90": 0.6666666666666666,
                    "95": 0.7777777777777778,
                    "99": 1.0
                }
            },
            "ndcg": {
                "mean": 0.2908025168153238,
                "std": 0.24060791340230317,
                "se": 0.0010760313005838652,
                "min": 0.0,
                "max": 1.0000000000000002,
                "percentiles": {
                    "1": 0.0,
                    "5": 0.0,
                    "10": 0.0,
                    "25": 0.09109240322345806,
                    "50": 0.24630238874073,
                    "75": 0.4511122550894365,
                    "90": 0.6439328068381288,
                    "95": 0.7494292270540385,
                    "99": 0.91087639763778
                }
            }
        },
        "50": {
            "coverage": 0.0,
            "recall": {
                "mean": 0.3994749914855682,
                "std": 0.25981688282448345,
                "se": 0.0011619364233952851,
                "min": 0.0,
                "max": 1.0,
                "percentiles": {
                    "1": 0.0,
                    "5": 0.0,
                    "10": 0.07692307692307693,
                    "25": 0.2,
                    "50": 0.375,
                    "75": 0.5714285714285714,
                    "90": 0.75,
                    "95": 0.875,
                    "99": 1.0
                }
            },
            "ndcg": {
                "mean": 0.32744753637817675,
                "std": 0.23863590627887224,
                "se": 0.0010672122166236545,
                "min": 0.0,
                "max": 1.0000000000000002,
                "percentiles": {
                    "1": 0.0,
                    "5": 0.0,
                    "10": 0.0451121389605774,
                    "25": 0.13012668333070054,
                    "50": 0.29094521907219023,
                    "75": 0.48838667511792705,
                    "90": 0.6762715545321495,
                    "95": 0.7751482523375255,
                    "99": 0.9250142077349834
                }
            }
        },
        "100": {
            "coverage": 0.0,
            "recall": {
                "mean": 0.4792540929281048,
                "std": 0.2616386291743798,
                "se": 0.001170083520747546,
                "min": 0.0,
                "max": 1.0,
                "percentiles": {
                    "1": 0.0,
                    "5": 0.0,
                    "10": 0.16666666666666666,
                    "25": 0.2608695652173913,
                    "50": 0.5,
                    "75": 0.6666666666666666,
                    "90": 0.8333333333333334,
                    "95": 1.0,
                    "99": 1.0
                }
            },
            "ndcg": {
                "mean": 0.3557612504772133,
                "std": 0.23680341253085227,
                "se": 0.0010590170554458224,
                "min": 0.0,
                "max": 1.0000000000000002,
                "percentiles": {
                    "1": 0.0,
                    "5": 0.0,
                    "10": 0.066427888512111,
                    "25": 0.16265873356225077,
                    "50": 0.3244316126423497,
                    "75": 0.5193486866729431,
                    "90": 0.7005479082708159,
                    "95": 0.7911610191750352,
                    "99": 0.9284591831945489
                }
            }
        }
    }
}