{
    "dataset": {
        "name": "msd",
        "rewrite": false
    },
    "split": {
        "n_val_users": 50000,
        "n_test_users": 50000,
        "seed": 42,
        "target_proportion": 0.2,
        "targets_newest": false
    },
    "model": {
        "general": {
            "model": "SANSA",
            "checkpoints_folder": "models/checkpoints/",
            "retrain": true,
            "save": false
        },
        "model_specific": {
            "l2": 200,
            "target_density": 0.01,
            "ainv_params": {
                "umr_scans": 4,
                "umr_finetune_steps": 10,
                "umr_loss_threshold": 0.0001
            },
            "ldlt_method": "cholmod"
        }
    },
    "evaluation": {
        "split": "test",
        "metrics": [
            "recall",
            "ndcg"
        ],
        "ks": [
            20,
            50,
            100
        ],
        "experiment_folder": "experiments/shorter_training"
    },
    "performance": {
        "time": {
            "ldlt_time": 116.01846582899998,
            "umr_scans_times": [
                5.774033001000134,
                46.58935564700005,
                69.12519133099886,
                76.76775623700087
            ],
            "umr_finetune_step_times": [
                2.624536393001108,
                2.485076814999047,
                2.5379572990004817,
                2.5662178179991315,
                2.652508707000379,
                2.6247762969996984,
                2.514410175001103,
                2.531951814999047,
                2.5489901780001674,
                2.5624579310006084
            ],
            "ainv_time": 283.6358608619994,
            "construct_weights_time": 400.8591857229985,
            "matmat_times": [
                0.04746574700038764,
                3.7828744440012088
            ],
            "predict_time": 5.226832691998425,
            "pipeline": {
                "dataset_load_time": 1.1732453010008612,
                "dataset_split_time": 0.0,
                "data_preparation_time": 1.9631283759990765,
                "model_preparation_time": 402.88479343900144,
                "evaluation_time": 158.78396946900102
            }
        },
        "memory": {
            "L_memory": {
                "nnz": 846147565,
                "mbytes": 10153.935344,
                "density": 0.49993959525898857
            },
            "sparsified L_memory": {
                "nnz": 16924996,
                "mbytes": 203.264516,
                "density": 0.01
            },
            "L_inv_memory": {
                "nnz": 16924996,
                "mbytes": 203.264516,
                "density": 0.01
            }
        }
    },
    "results": {
        "20": {
            "coverage": 0.0,
            "recall": {
                "mean": 0.33187077677284876,
                "std": 0.2548937413943941,
                "se": 0.0011399194655942345,
                "min": 0.0,
                "max": 1.0,
                "percentiles": {
                    "1": 0.0,
                    "5": 0.0,
                    "10": 0.0,
                    "25": 0.14285714285714285,
                    "50": 0.2727272727272727,
                    "75": 0.5,
                    "90": 0.7142857142857143,
                    "95": 0.8,
                    "99": 1.0
                }
            },
            "ndcg": {
                "mean": 0.32278807647399255,
                "std": 0.2550589731151945,
                "se": 0.0011406584043137324,
                "min": 0.0,
                "max": 1.0000000000000002,
                "percentiles": {
                    "1": 0.0,
                    "5": 0.0,
                    "10": 0.0,
                    "25": 0.10549558423511038,
                    "50": 0.2840164546766254,
                    "75": 0.49994852578093474,
                    "90": 0.6992148198508501,
                    "95": 0.8014749789089411,
                    "99": 0.9550236580992476
                }
            }
        },
        "50": {
            "coverage": 0.0,
            "recall": {
                "mean": 0.4274752813070653,
                "std": 0.26593770814727813,
                "se": 0.001189309586395627,
                "min": 0.0,
                "max": 1.0,
                "percentiles": {
                    "1": 0.0,
                    "5": 0.0,
                    "10": 0.1,
                    "25": 0.22727272727272727,
                    "50": 0.4,
                    "75": 0.6,
                    "90": 0.8,
                    "95": 0.9400588235294066,
                    "99": 1.0
                }
            },
            "ndcg": {
                "mean": 0.35909043098312676,
                "std": 0.2502194880301599,
                "se": 0.001119015569061265,
                "min": 0.0,
                "max": 1.0000000000000002,
                "percentiles": {
                    "1": 0.0,
                    "5": 0.0,
                    "10": 0.05647932202672738,
                    "25": 0.15101961822780524,
                    "50": 0.32796933061522726,
                    "75": 0.5369509128273698,
                    "90": 0.7227265726449519,
                    "95": 0.821314182947132,
                    "99": 0.9558295932317544
                }
            }
        },
        "100": {
            "coverage": 0.0,
            "recall": {
                "mean": 0.5097695284864039,
                "std": 0.2650633121416878,
                "se": 0.0011853991685801188,
                "min": 0.0,
                "max": 1.0,
                "percentiles": {
                    "1": 0.0,
                    "5": 0.08333333333333333,
                    "10": 0.17133116883116936,
                    "25": 0.3,
                    "50": 0.5,
                    "75": 0.7142857142857143,
                    "90": 0.875,
                    "95": 1.0,
                    "99": 1.0
                }
            },
            "ndcg": {
                "mean": 0.38821703949783065,
                "std": 0.24741863214896803,
                "se": 0.0011064897607702148,
                "min": 0.0,
                "max": 1.0000000000000002,
                "percentiles": {
                    "1": 0.0,
                    "5": 0.039174258235747564,
                    "10": 0.07610811271330754,
                    "25": 0.18504009422392947,
                    "50": 0.36174254194329475,
                    "75": 0.5666920725629268,
                    "90": 0.7440932932618272,
                    "95": 0.8332475003172963,
                    "99": 0.9579538694174863
                }
            }
        }
    }
}