{
    "dataset": {
        "name": "msd",
        "rewrite": false
    },
    "split": {
        "n_val_users": 50000,
        "n_test_users": 50000,
        "seed": 42,
        "target_proportion": 0.2,
        "targets_newest": false
    },
    "model": {
        "general": {
            "model": "SANSA",
            "checkpoints_folder": "models/checkpoints/",
            "retrain": true,
            "save": false
        },
        "model_specific": {
            "l2": 200,
            "target_density": 0.0025,
            "ainv_params": {
                "umr_scans": 2,
                "umr_finetune_steps": 20,
                "umr_loss_threshold": 0.0001
            },
            "ldlt_method": "cholmod"
        }
    },
    "evaluation": {
        "split": "test",
        "metrics": [
            "recall",
            "ndcg"
        ],
        "ks": [
            20,
            50,
            100
        ],
        "experiment_folder": "experiments/shorter_training"
    },
    "performance": {
        "time": {
            "ldlt_time": 114.79300607500045,
            "umr_scans_times": [
                3.0582738120001522,
                22.784033879000162
            ],
            "umr_finetune_step_times": [
                0.18891437399997812,
                0.16576988300039375,
                0.1418032689998654,
                0.15504660700025852,
                0.1389918819995728,
                0.10562667599970155,
                0.12218786899939005,
                0.11674085599952377,
                0.10279231999993499,
                0.12005338400012988,
                0.11624405500060675,
                0.1226627539999754,
                0.11105325900007301,
                0.12418405999960669,
                0.1150127490000159,
                0.1266847949991643,
                0.12407837800037669,
                0.1334355629996935,
                0.12243327999931353,
                0.10240662400065048
            ],
            "ainv_time": 42.32665433800048,
            "construct_weights_time": 157.72668376500042,
            "matmat_times": [
                0.01655798699994193,
                0.8796515210005964
            ],
            "predict_time": 2.240676199000518,
            "pipeline": {
                "dataset_load_time": 1.1992489419999401,
                "dataset_split_time": 0.0,
                "data_preparation_time": 2.0108104920000187,
                "model_preparation_time": 159.79182555200077,
                "evaluation_time": 82.71162036199985
            }
        },
        "memory": {
            "L_memory": {
                "nnz": 846147565,
                "mbytes": 10153.935344,
                "density": 0.49993959525898857
            },
            "sparsified L_memory": {
                "nnz": 4231249,
                "mbytes": 50.939552,
                "density": 0.0025
            },
            "L_inv_memory": {
                "nnz": 4231249,
                "mbytes": 50.939552,
                "density": 0.0025
            }
        }
    },
    "results": {
        "20": {
            "coverage": 0.0,
            "recall": {
                "mean": 0.3273781737943859,
                "std": 0.2537235726514682,
                "se": 0.001134686311885579,
                "min": 0.0,
                "max": 1.0,
                "percentiles": {
                    "1": 0.0,
                    "5": 0.0,
                    "10": 0.0,
                    "25": 0.14285714285714285,
                    "50": 0.26666666666666666,
                    "75": 0.5,
                    "90": 0.7142857142857143,
                    "95": 0.8,
                    "99": 1.0
                }
            },
            "ndcg": {
                "mean": 0.3174563785045886,
                "std": 0.2534280386571474,
                "se": 0.0011333646436836524,
                "min": 0.0,
                "max": 1.0000000000000002,
                "percentiles": {
                    "1": 0.0,
                    "5": 0.0,
                    "10": 0.0,
                    "25": 0.10209739512291163,
                    "50": 0.27487633291429087,
                    "75": 0.4931913791973182,
                    "90": 0.6920165406831017,
                    "95": 0.7925735720710737,
                    "99": 0.9493885684853097
                }
            }
        },
        "50": {
            "coverage": 0.0,
            "recall": {
                "mean": 0.42210872314729975,
                "std": 0.2653256212466886,
                "se": 0.0011865722505599165,
                "min": 0.0,
                "max": 1.0,
                "percentiles": {
                    "1": 0.0,
                    "5": 0.0,
                    "10": 0.1,
                    "25": 0.2222222222222222,
                    "50": 0.4,
                    "75": 0.6,
                    "90": 0.8,
                    "95": 0.9230769230769231,
                    "99": 1.0
                }
            },
            "ndcg": {
                "mean": 0.3535669266855822,
                "std": 0.24908523688318257,
                "se": 0.0011139430437248682,
                "min": 0.0,
                "max": 1.0000000000000002,
                "percentiles": {
                    "1": 0.0,
                    "5": 0.0,
                    "10": 0.05397318897120493,
                    "25": 0.1463018147972509,
                    "50": 0.32068985864995936,
                    "75": 0.5285371097717759,
                    "90": 0.7174637132705441,
                    "95": 0.813921392260992,
                    "99": 0.9550236580992476
                }
            }
        },
        "100": {
            "coverage": 0.0,
            "recall": {
                "mean": 0.5036704275754958,
                "std": 0.2650626480091227,
                "se": 0.0011853961984889954,
                "min": 0.0,
                "max": 1.0,
                "percentiles": {
                    "1": 0.0,
                    "5": 0.07692307692307693,
                    "10": 0.16666666666666666,
                    "25": 0.2857142857142857,
                    "50": 0.5,
                    "75": 0.7142857142857143,
                    "90": 0.8571428571428571,
                    "95": 1.0,
                    "99": 1.0
                }
            },
            "ndcg": {
                "mean": 0.38244590842004095,
                "std": 0.246409040505254,
                "se": 0.0011019747296804941,
                "min": 0.0,
                "max": 1.0000000000000002,
                "percentiles": {
                    "1": 0.0,
                    "5": 0.03667049895706082,
                    "10": 0.07386004580671933,
                    "25": 0.17970303369061158,
                    "50": 0.3536251441097701,
                    "75": 0.5592895065916652,
                    "90": 0.7380723982803515,
                    "95": 0.8307490147928911,
                    "99": 0.9558295932317544
                }
            }
        }
    }
}