{
    "dataset": {
        "name": "msd",
        "rewrite": false
    },
    "split": {
        "n_val_users": 50000,
        "n_test_users": 50000,
        "seed": 42,
        "target_proportion": 0.2,
        "targets_newest": false
    },
    "model": {
        "general": {
            "model": "SANSA",
            "checkpoints_folder": "models/checkpoints/",
            "retrain": true,
            "save": false
        },
        "model_specific": {
            "l2": 200,
            "target_density": 0.01,
            "ainv_params": {
                "umr_scans": 3,
                "umr_finetune_steps": 20,
                "umr_loss_threshold": 0.0001
            },
            "ldlt_method": "cholmod"
        }
    },
    "evaluation": {
        "split": "test",
        "metrics": [
            "recall",
            "ndcg"
        ],
        "ks": [
            20,
            50,
            100
        ],
        "experiment_folder": "experiments/shorter_training"
    },
    "performance": {
        "time": {
            "ldlt_time": 117.45222939000087,
            "umr_scans_times": [
                5.846108297000683,
                47.25763536100021,
                70.50495587899968
            ],
            "umr_finetune_step_times": [
                2.4865784129997337,
                2.5828532360010286,
                2.5408995319994574,
                2.493951858999935,
                2.463471405999371,
                2.7176050920006674,
                2.465906713001459,
                2.5977561959989544,
                2.6490397739999025,
                2.623223467999196,
                2.4788238809996983,
                2.6461340990008466,
                2.5690307009990647,
                2.6178038839989313,
                2.687012415999561,
                2.6487505020013487,
                2.6258732570004213,
                2.6905060740009503,
                2.4985543599996163,
                2.655550174000382
            ],
            "ainv_time": 273.5672343940005,
            "construct_weights_time": 392.2358818869998,
            "matmat_times": [
                0.04888432100051432,
                3.8309541399994487
            ],
            "predict_time": 5.276645406000171,
            "pipeline": {
                "dataset_load_time": 1.184436737001306,
                "dataset_split_time": 0.0,
                "data_preparation_time": 1.9855476660013665,
                "model_preparation_time": 394.3248672369991,
                "evaluation_time": 159.87435663500037
            }
        },
        "memory": {
            "L_memory": {
                "nnz": 846147565,
                "mbytes": 10153.935344,
                "density": 0.49993959525898857
            },
            "sparsified L_memory": {
                "nnz": 16924996,
                "mbytes": 203.264516,
                "density": 0.01
            },
            "L_inv_memory": {
                "nnz": 16924996,
                "mbytes": 203.264516,
                "density": 0.01
            }
        }
    },
    "results": {
        "20": {
            "coverage": 0.0,
            "recall": {
                "mean": 0.33148518434077107,
                "std": 0.25458083428526457,
                "se": 0.0011385201024609213,
                "min": 0.0,
                "max": 1.0,
                "percentiles": {
                    "1": 0.0,
                    "5": 0.0,
                    "10": 0.0,
                    "25": 0.14285714285714285,
                    "50": 0.2727272727272727,
                    "75": 0.5,
                    "90": 0.7142857142857143,
                    "95": 0.8,
                    "99": 1.0
                }
            },
            "ndcg": {
                "mean": 0.3223725110789023,
                "std": 0.25484916471607805,
                "se": 0.0011397201126283828,
                "min": 0.0,
                "max": 1.0000000000000002,
                "percentiles": {
                    "1": 0.0,
                    "5": 0.0,
                    "10": 0.0,
                    "25": 0.10519070263594274,
                    "50": 0.2840679480640816,
                    "75": 0.49927381106033386,
                    "90": 0.6988219424350506,
                    "95": 0.8010084286930083,
                    "99": 0.9550253350822387
                }
            }
        },
        "50": {
            "coverage": 0.0,
            "recall": {
                "mean": 0.42735886912616394,
                "std": 0.2655760839261361,
                "se": 0.001187692353714059,
                "min": 0.0,
                "max": 1.0,
                "percentiles": {
                    "1": 0.0,
                    "5": 0.0,
                    "10": 0.1,
                    "25": 0.22727272727272727,
                    "50": 0.4,
                    "75": 0.6,
                    "90": 0.8,
                    "95": 0.9286945812807774,
                    "99": 1.0
                }
            },
            "ndcg": {
                "mean": 0.3587971566892496,
                "std": 0.24999485108013578,
                "se": 0.0011180109620802406,
                "min": 0.0,
                "max": 1.0000000000000002,
                "percentiles": {
                    "1": 0.0,
                    "5": 0.0,
                    "10": 0.05627128151408917,
                    "25": 0.15101961822780524,
                    "50": 0.3276553931149695,
                    "75": 0.5363716200001597,
                    "90": 0.7227265726449519,
                    "95": 0.819774652294774,
                    "99": 0.9558295932317544
                }
            }
        },
        "100": {
            "coverage": 0.0,
            "recall": {
                "mean": 0.5095595353006126,
                "std": 0.26499564092491096,
                "se": 0.0011850965336984523,
                "min": 0.0,
                "max": 1.0,
                "percentiles": {
                    "1": 0.0,
                    "5": 0.08333333333333333,
                    "10": 0.1724137931034483,
                    "25": 0.3,
                    "50": 0.5,
                    "75": 0.7142857142857143,
                    "90": 0.875,
                    "95": 1.0,
                    "99": 1.0
                }
            },
            "ndcg": {
                "mean": 0.3878953073234333,
                "std": 0.24725717492154528,
                "se": 0.001105767702098263,
                "min": 0.0,
                "max": 1.0000000000000002,
                "percentiles": {
                    "1": 0.0,
                    "5": 0.039168549608834785,
                    "10": 0.075927173580915,
                    "25": 0.1845431012042058,
                    "50": 0.3615901614084106,
                    "75": 0.5658541340716514,
                    "90": 0.7443432912901085,
                    "95": 0.8325966170439134,
                    "99": 0.9579163655308054
                }
            }
        }
    }
}