{
    "dataset": {
        "name": "msd",
        "rewrite": false
    },
    "split": {
        "n_val_users": 50000,
        "n_test_users": 50000,
        "seed": 42,
        "target_proportion": 0.2,
        "targets_newest": false
    },
    "model": {
        "general": {
            "model": "SANSA",
            "checkpoints_folder": "models/checkpoints/",
            "retrain": true,
            "save": false
        },
        "model_specific": {
            "l2": 200,
            "target_density": 0.01,
            "ainv_params": {
                "umr_scans": 0,
                "umr_finetune_steps": 10,
                "umr_loss_threshold": 0.0001
            },
            "ldlt_method": "cholmod"
        }
    },
    "evaluation": {
        "split": "test",
        "metrics": [
            "recall",
            "ndcg"
        ],
        "ks": [
            20,
            50,
            100
        ],
        "experiment_folder": "experiments/shorter_training"
    },
    "performance": {
        "time": {
            "ldlt_time": 115.78029342700029,
            "umr_scans_times": [],
            "umr_finetune_step_times": [
                2.144157542001267,
                1.9199570460004907,
                1.9060070889991039,
                1.7535854190009559,
                1.652646435000861,
                1.5815034650004236,
                1.6326747789989895,
                1.4993939319992933,
                1.6114299090004351,
                1.592457258999275
            ],
            "ainv_time": 62.62012248299834,
            "construct_weights_time": 179.6100227349998,
            "matmat_times": [
                0.04782672100009222,
                3.7746773839990055
            ],
            "predict_time": 5.217942368999502,
            "pipeline": {
                "dataset_load_time": 1.1732596150013705,
                "dataset_split_time": 0.0,
                "data_preparation_time": 1.9641481500002556,
                "model_preparation_time": 181.6561494460002,
                "evaluation_time": 157.2674362480011
            }
        },
        "memory": {
            "L_memory": {
                "nnz": 846147565,
                "mbytes": 10153.935344,
                "density": 0.49993959525898857
            },
            "sparsified L_memory": {
                "nnz": 16924996,
                "mbytes": 203.264516,
                "density": 0.01
            },
            "L_inv_memory": {
                "nnz": 16924996,
                "mbytes": 203.264516,
                "density": 0.01
            }
        }
    },
    "results": {
        "20": {
            "coverage": 0.0,
            "recall": {
                "mean": 0.3152330772872638,
                "std": 0.24941905499751837,
                "se": 0.0011154359237164195,
                "min": 0.0,
                "max": 1.0,
                "percentiles": {
                    "1": 0.0,
                    "5": 0.0,
                    "10": 0.0,
                    "25": 0.13333333333333333,
                    "50": 0.25,
                    "75": 0.5,
                    "90": 0.6666666666666666,
                    "95": 0.8,
                    "99": 1.0
                }
            },
            "ndcg": {
                "mean": 0.3028397612366131,
                "std": 0.24695934638893838,
                "se": 0.001104435772409167,
                "min": 0.0,
                "max": 1.0000000000000002,
                "percentiles": {
                    "1": 0.0,
                    "5": 0.0,
                    "10": 0.0,
                    "25": 0.09550669086270785,
                    "50": 0.2589639249753504,
                    "75": 0.4710488706639782,
                    "90": 0.6657146767165372,
                    "95": 0.7725671200896347,
                    "99": 0.9285515727892022
                }
            }
        },
        "50": {
            "coverage": 0.0,
            "recall": {
                "mean": 0.41005701778209686,
                "std": 0.26312941143883334,
                "se": 0.0011767505017134842,
                "min": 0.0,
                "max": 1.0,
                "percentiles": {
                    "1": 0.0,
                    "5": 0.0,
                    "10": 0.08823529411764706,
                    "25": 0.2,
                    "50": 0.38461538461538464,
                    "75": 0.6,
                    "90": 0.8,
                    "95": 0.9,
                    "99": 1.0
                }
            },
            "ndcg": {
                "mean": 0.3393245464872841,
                "std": 0.243934003115174,
                "se": 0.001090906025978349,
                "min": 0.0,
                "max": 1.0000000000000002,
                "percentiles": {
                    "1": 0.0,
                    "5": 0.0,
                    "10": 0.04971799801803138,
                    "25": 0.1372643711813906,
                    "50": 0.304368073786517,
                    "75": 0.5077161478816649,
                    "90": 0.6975288239516256,
                    "95": 0.7951487485857639,
                    "99": 0.9373684977816577
                }
            }
        },
        "100": {
            "coverage": 0.0,
            "recall": {
                "mean": 0.49036441674534753,
                "std": 0.26375553413924374,
                "se": 0.001179550607554231,
                "min": 0.0,
                "max": 1.0,
                "percentiles": {
                    "1": 0.0,
                    "5": 0.05,
                    "10": 0.16666666666666666,
                    "25": 0.2777777777777778,
                    "50": 0.5,
                    "75": 0.6923076923076923,
                    "90": 0.8571428571428571,
                    "95": 1.0,
                    "99": 1.0
                }
            },
            "ndcg": {
                "mean": 0.3678230647586343,
                "std": 0.24172005333788266,
                "se": 0.0010810049415767612,
                "min": 0.0,
                "max": 1.0000000000000002,
                "percentiles": {
                    "1": 0.0,
                    "5": 0.026292847005913292,
                    "10": 0.06952808975538781,
                    "25": 0.16819537943058802,
                    "50": 0.33830549201304894,
                    "75": 0.5389254930115746,
                    "90": 0.7191748214282848,
                    "95": 0.8104166675659945,
                    "99": 0.9431260266991228
                }
            }
        }
    }
}