{
    "dataset": {
        "name": "msd",
        "rewrite": false
    },
    "split": {
        "n_val_users": 50000,
        "n_test_users": 50000,
        "seed": 42,
        "target_proportion": 0.2,
        "targets_newest": false
    },
    "model": {
        "general": {
            "model": "SANSA",
            "checkpoints_folder": "models/checkpoints/",
            "retrain": true,
            "save": false
        },
        "model_specific": {
            "l2": 200,
            "target_density": 0.0025,
            "ainv_params": {
                "umr_scans": 4,
                "umr_finetune_steps": 0,
                "umr_loss_threshold": 0.0001
            },
            "ldlt_method": "cholmod"
        }
    },
    "evaluation": {
        "split": "test",
        "metrics": [
            "recall",
            "ndcg"
        ],
        "ks": [
            20,
            50,
            100
        ],
        "experiment_folder": "experiments/shorter_training"
    },
    "performance": {
        "time": {
            "ldlt_time": 114.3212573310002,
            "umr_scans_times": [
                3.1108588910001345,
                23.29843973199968,
                32.37368420199982,
                38.11559671299983
            ],
            "umr_finetune_step_times": [],
            "ainv_time": 100.0815024399999,
            "construct_weights_time": 214.98984491200008,
            "matmat_times": [
                0.02108386599957157,
                0.886481356999866
            ],
            "predict_time": 2.2532576269995843,
            "pipeline": {
                "dataset_load_time": 1.1691316369997367,
                "dataset_split_time": 0.0,
                "data_preparation_time": 1.951269694000075,
                "model_preparation_time": 216.9960811740002,
                "evaluation_time": 83.1637790750001
            }
        },
        "memory": {
            "L_memory": {
                "nnz": 846147565,
                "mbytes": 10153.935344,
                "density": 0.49993959525898857
            },
            "sparsified L_memory": {
                "nnz": 4231249,
                "mbytes": 50.939552,
                "density": 0.0025
            },
            "L_inv_memory": {
                "nnz": 4231249,
                "mbytes": 50.939552,
                "density": 0.0025
            }
        }
    },
    "results": {
        "20": {
            "coverage": 0.0,
            "recall": {
                "mean": 0.33141655760355915,
                "std": 0.2547130498891672,
                "se": 0.0011391113886169463,
                "min": 0.0,
                "max": 1.0,
                "percentiles": {
                    "1": 0.0,
                    "5": 0.0,
                    "10": 0.0,
                    "25": 0.14285714285714285,
                    "50": 0.2727272727272727,
                    "75": 0.5,
                    "90": 0.7142857142857143,
                    "95": 0.8,
                    "99": 1.0
                }
            },
            "ndcg": {
                "mean": 0.322254304507923,
                "std": 0.25481697735297054,
                "se": 0.001139576166364533,
                "min": 0.0,
                "max": 1.0000000000000002,
                "percentiles": {
                    "1": 0.0,
                    "5": 0.0,
                    "10": 0.0,
                    "25": 0.10549558423511038,
                    "50": 0.28279576803266304,
                    "75": 0.49934541814187583,
                    "90": 0.6992148198508501,
                    "95": 0.8004073732727935,
                    "99": 0.9529550239990636
                }
            }
        },
        "50": {
            "coverage": 0.0,
            "recall": {
                "mean": 0.4263229592400615,
                "std": 0.2655810582128294,
                "se": 0.0011877145994004306,
                "min": 0.0,
                "max": 1.0,
                "percentiles": {
                    "1": 0.0,
                    "5": 0.0,
                    "10": 0.1,
                    "25": 0.2222222222222222,
                    "50": 0.4,
                    "75": 0.6,
                    "90": 0.8,
                    "95": 0.9333333333333333,
                    "99": 1.0
                }
            },
            "ndcg": {
                "mean": 0.35827498658858997,
                "std": 0.2500431515849614,
                "se": 0.001118226968504516,
                "min": 0.0,
                "max": 1.0000000000000002,
                "percentiles": {
                    "1": 0.0,
                    "5": 0.0,
                    "10": 0.05576624569167862,
                    "25": 0.15101961822780524,
                    "50": 0.3276427793629606,
                    "75": 0.5353376319578815,
                    "90": 0.7227265726449519,
                    "95": 0.8207658584763088,
                    "99": 0.9558295932317544
                }
            }
        },
        "100": {
            "coverage": 0.0,
            "recall": {
                "mean": 0.5080245527218763,
                "std": 0.26523798700851997,
                "se": 0.0011861803383325135,
                "min": 0.0,
                "max": 1.0,
                "percentiles": {
                    "1": 0.0,
                    "5": 0.08333333333333333,
                    "10": 0.16666666666666666,
                    "25": 0.3,
                    "50": 0.5,
                    "75": 0.7142857142857143,
                    "90": 0.875,
                    "95": 1.0,
                    "99": 1.0
                }
            },
            "ndcg": {
                "mean": 0.38724353472836587,
                "std": 0.24741920221983457,
                "se": 0.001106492310204634,
                "min": 0.0,
                "max": 1.0000000000000002,
                "percentiles": {
                    "1": 0.0,
                    "5": 0.03809418095494768,
                    "10": 0.07497635902156338,
                    "25": 0.18396244816129315,
                    "50": 0.36026259159351853,
                    "75": 0.5654495432396527,
                    "90": 0.7430715342019865,
                    "95": 0.8333791955871322,
                    "99": 0.9565914260427497
                }
            }
        }
    }
}