{
    "dataset": {
        "name": "msd",
        "rewrite": false
    },
    "split": {
        "n_val_users": 50000,
        "n_test_users": 50000,
        "seed": 42,
        "target_proportion": 0.2,
        "targets_newest": false
    },
    "model": {
        "general": {
            "model": "SANSA",
            "checkpoints_folder": "models/checkpoints/",
            "retrain": true,
            "save": false
        },
        "model_specific": {
            "l2": 200,
            "target_density": 0.0005,
            "ainv_params": {
                "umr_scans": 0,
                "umr_finetune_steps": 20,
                "umr_loss_threshold": 0.0001
            },
            "ldlt_method": "cholmod"
        }
    },
    "evaluation": {
        "split": "test",
        "metrics": [
            "recall",
            "ndcg"
        ],
        "ks": [
            20,
            50,
            100
        ],
        "experiment_folder": "experiments/shorter_training"
    },
    "performance": {
        "time": {
            "ldlt_time": 115.56730621600002,
            "umr_scans_times": [],
            "umr_finetune_step_times": [
                0.020208027999956357,
                0.020024325000008503,
                0.017696956000008868,
                0.01914637999993829,
                0.016419439999936003,
                0.01881519100004425,
                0.018098436999935075,
                0.01727552900001683,
                0.018285474999970575,
                0.01658254799997394,
                0.018225072000063847,
                0.01811969000004865,
                0.01810750200002076,
                0.01693574399996578,
                0.015904811000041263,
                0.01722693099998196,
                0.017477578000011817,
                0.013400472000057562,
                0.015115119999904891,
                0.014837822999993477
            ],
            "ainv_time": 1.6329408459999968,
            "construct_weights_time": 117.62923003499998,
            "matmat_times": [
                0.0031017380000548656,
                0.15016054900002018
            ],
            "predict_time": 0.6992419590000054,
            "pipeline": {
                "dataset_load_time": 1.1807353860000376,
                "dataset_split_time": 0.0,
                "data_preparation_time": 1.970101707999902,
                "model_preparation_time": 119.65604325200002,
                "evaluation_time": 38.52953810500003
            }
        },
        "memory": {
            "L_memory": {
                "nnz": 846147565,
                "mbytes": 10153.935344,
                "density": 0.49993959525898857
            },
            "sparsified L_memory": {
                "nnz": 846250,
                "mbytes": 10.319564,
                "density": 0.0005000001181684179
            },
            "L_inv_memory": {
                "nnz": 846249,
                "mbytes": 10.319552,
                "density": 0.0004999995273263284
            }
        }
    },
    "results": {
        "20": {
            "coverage": 0.0,
            "recall": {
                "mean": 0.2823196175305603,
                "std": 0.2299405853961139,
                "se": 0.0010283255594636122,
                "min": 0.0,
                "max": 1.0,
                "percentiles": {
                    "1": 0.0,
                    "5": 0.0,
                    "10": 0.0,
                    "25": 0.1111111111111111,
                    "50": 0.25,
                    "75": 0.42857142857142855,
                    "90": 0.6,
                    "95": 0.75,
                    "99": 1.0
                }
            },
            "ndcg": {
                "mean": 0.2685986832472311,
                "std": 0.2263192610952627,
                "se": 0.0010121305048530619,
                "min": 0.0,
                "max": 1.0,
                "percentiles": {
                    "1": 0.0,
                    "5": 0.0,
                    "10": 0.0,
                    "25": 0.08274602130532002,
                    "50": 0.22590968522337437,
                    "75": 0.41553681913946183,
                    "90": 0.600710355464076,
                    "95": 0.6992148198508501,
                    "99": 0.8625916582686165
                }
            }
        },
        "50": {
            "coverage": 0.0,
            "recall": {
                "mean": 0.3759923165917445,
                "std": 0.2489614487883921,
                "se": 0.001113389446535355,
                "min": 0.0,
                "max": 1.0,
                "percentiles": {
                    "1": 0.0,
                    "5": 0.0,
                    "10": 0.05555555555555555,
                    "25": 0.2,
                    "50": 0.3333333333333333,
                    "75": 0.5,
                    "90": 0.75,
                    "95": 0.8333333333333334,
                    "99": 1.0
                }
            },
            "ndcg": {
                "mean": 0.30478838667781705,
                "std": 0.22520752641553152,
                "se": 0.0010071586762194162,
                "min": 0.0,
                "max": 1.0,
                "percentiles": {
                    "1": 0.0,
                    "5": 0.0,
                    "10": 0.034437314872022465,
                    "25": 0.11855807360183766,
                    "50": 0.269235017123696,
                    "75": 0.45823543426996827,
                    "90": 0.6350201870516514,
                    "95": 0.7261091078815327,
                    "99": 0.8719253186608238
                }
            }
        },
        "100": {
            "coverage": 0.0,
            "recall": {
                "mean": 0.45364463475929495,
                "std": 0.25275482964236007,
                "se": 0.0011303539614433919,
                "min": 0.0,
                "max": 1.0,
                "percentiles": {
                    "1": 0.0,
                    "5": 0.0,
                    "10": 0.14285714285714285,
                    "25": 0.25,
                    "50": 0.4444444444444444,
                    "75": 0.625,
                    "90": 0.8,
                    "95": 0.8888888888888888,
                    "99": 1.0
                }
            },
            "ndcg": {
                "mean": 0.3323992934111518,
                "std": 0.22408933560053382,
                "se": 0.0010021579748711147,
                "min": 0.0,
                "max": 1.0,
                "percentiles": {
                    "1": 0.0,
                    "5": 0.0,
                    "10": 0.062123720739682475,
                    "25": 0.15077444163470619,
                    "50": 0.301633864571651,
                    "75": 0.48618559598469235,
                    "90": 0.656001346754593,
                    "95": 0.7447658216114108,
                    "99": 0.8829395192969294
                }
            }
        }
    }
}