{
    "dataset": {
        "name": "msd",
        "rewrite": false
    },
    "split": {
        "n_val_users": 50000,
        "n_test_users": 50000,
        "seed": 42,
        "target_proportion": 0.2,
        "targets_newest": false
    },
    "model": {
        "general": {
            "model": "SANSA",
            "checkpoints_folder": "models/checkpoints/",
            "retrain": true,
            "save": false
        },
        "model_specific": {
            "l2": 200,
            "target_density": 0.0025,
            "ainv_params": {
                "umr_scans": 3,
                "umr_finetune_steps": 5,
                "umr_loss_threshold": 0.0001
            },
            "ldlt_method": "cholmod"
        }
    },
    "evaluation": {
        "split": "test",
        "metrics": [
            "recall",
            "ndcg"
        ],
        "ks": [
            20,
            50,
            100
        ],
        "experiment_folder": "experiments/shorter_training"
    },
    "performance": {
        "time": {
            "ldlt_time": 114.49829881999995,
            "umr_scans_times": [
                3.0611638110003696,
                22.93026097799975,
                31.415270039999996
            ],
            "umr_finetune_step_times": [
                0.1932631300005596,
                0.19483129899981577,
                0.1967496810002558,
                0.1891741119998187,
                0.22149992600043333
            ],
            "ainv_time": 63.88168253200001,
            "construct_weights_time": 178.96648203299992,
            "matmat_times": [
                0.022255478000261064,
                0.8722954019995086
            ],
            "predict_time": 2.2370659459993476,
            "pipeline": {
                "dataset_load_time": 1.1651987290006218,
                "dataset_split_time": 0.0,
                "data_preparation_time": 1.946243190000132,
                "model_preparation_time": 180.9860386399996,
                "evaluation_time": 82.84808081000028
            }
        },
        "memory": {
            "L_memory": {
                "nnz": 846147565,
                "mbytes": 10153.935344,
                "density": 0.49993959525898857
            },
            "sparsified L_memory": {
                "nnz": 4231249,
                "mbytes": 50.939552,
                "density": 0.0025
            },
            "L_inv_memory": {
                "nnz": 4231249,
                "mbytes": 50.939552,
                "density": 0.0025
            }
        }
    },
    "results": {
        "20": {
            "coverage": 0.0,
            "recall": {
                "mean": 0.3310072643404927,
                "std": 0.25448688111820716,
                "se": 0.0011380999311244378,
                "min": 0.0,
                "max": 1.0,
                "percentiles": {
                    "1": 0.0,
                    "5": 0.0,
                    "10": 0.0,
                    "25": 0.14285714285714285,
                    "50": 0.2727272727272727,
                    "75": 0.5,
                    "90": 0.7142857142857143,
                    "95": 0.8,
                    "99": 1.0
                }
            },
            "ndcg": {
                "mean": 0.32164356346987066,
                "std": 0.254508901723049,
                "se": 0.001138198410263102,
                "min": 0.0,
                "max": 1.0000000000000002,
                "percentiles": {
                    "1": 0.0,
                    "5": 0.0,
                    "10": 0.0,
                    "25": 0.10545432005243881,
                    "50": 0.28201326940239274,
                    "75": 0.4968460141484392,
                    "90": 0.6990103979510499,
                    "95": 0.7989364158030077,
                    "99": 0.9534703969080404
                }
            }
        },
        "50": {
            "coverage": 0.0,
            "recall": {
                "mean": 0.42606094109831194,
                "std": 0.26563788695829055,
                "se": 0.001187968745276285,
                "min": 0.0,
                "max": 1.0,
                "percentiles": {
                    "1": 0.0,
                    "5": 0.0,
                    "10": 0.1,
                    "25": 0.2222222222222222,
                    "50": 0.4,
                    "75": 0.6,
                    "90": 0.8,
                    "95": 0.9285714285714286,
                    "99": 1.0
                }
            },
            "ndcg": {
                "mean": 0.35774674859111977,
                "std": 0.2498709077372472,
                "se": 0.001117456670600126,
                "min": 0.0,
                "max": 1.0000000000000002,
                "percentiles": {
                    "1": 0.0,
                    "5": 0.0,
                    "10": 0.05576624569167862,
                    "25": 0.15089535186235647,
                    "50": 0.3269398679759577,
                    "75": 0.5351771129355452,
                    "90": 0.7208253246587122,
                    "95": 0.8191909292527675,
                    "99": 0.9558295932317544
                }
            }
        },
        "100": {
            "coverage": 0.0,
            "recall": {
                "mean": 0.5074429004170813,
                "std": 0.2653068112466113,
                "se": 0.0011864881296822572,
                "min": 0.0,
                "max": 1.0,
                "percentiles": {
                    "1": 0.0,
                    "5": 0.08333333333333333,
                    "10": 0.16666666666666666,
                    "25": 0.2972972972972973,
                    "50": 0.5,
                    "75": 0.7142857142857143,
                    "90": 0.875,
                    "95": 1.0,
                    "99": 1.0
                }
            },
            "ndcg": {
                "mean": 0.38661338503078835,
                "std": 0.2472232708632278,
                "se": 0.0011056160785400408,
                "min": 0.0,
                "max": 1.0000000000000002,
                "percentiles": {
                    "1": 0.0,
                    "5": 0.03822036009724846,
                    "10": 0.07497635902156338,
                    "25": 0.18315336778106167,
                    "50": 0.35984953615386694,
                    "75": 0.5641773780189506,
                    "90": 0.7426799263566514,
                    "95": 0.8323254497728909,
                    "99": 0.9568451272057109
                }
            }
        }
    }
}