{
    "dataset": {
        "name": "msd",
        "rewrite": false
    },
    "split": {
        "n_val_users": 50000,
        "n_test_users": 50000,
        "seed": 42,
        "target_proportion": 0.2,
        "targets_newest": false
    },
    "model": {
        "general": {
            "model": "SANSA",
            "checkpoints_folder": "models/checkpoints/",
            "retrain": true,
            "save": false
        },
        "model_specific": {
            "l2": 200,
            "target_density": 0.0005,
            "ainv_params": {
                "umr_scans": 1,
                "umr_finetune_steps": 0,
                "umr_loss_threshold": 0.0001
            },
            "ldlt_method": "cholmod"
        }
    },
    "evaluation": {
        "split": "test",
        "metrics": [
            "recall",
            "ndcg"
        ],
        "ks": [
            20,
            50,
            100
        ],
        "experiment_folder": "experiments/shorter_training"
    },
    "performance": {
        "time": {
            "ldlt_time": 115.21725350199995,
            "umr_scans_times": [
                1.178172399999994
            ],
            "umr_finetune_step_times": [],
            "ainv_time": 1.3518787009999187,
            "construct_weights_time": 116.996024681,
            "matmat_times": [
                0.0031329070000083448,
                0.15183535599999232
            ],
            "predict_time": 0.6993208730000333,
            "pipeline": {
                "dataset_load_time": 1.1771705180000254,
                "dataset_split_time": 0.0,
                "data_preparation_time": 1.9672794920001024,
                "model_preparation_time": 119.02721082699998,
                "evaluation_time": 38.77981272400007
            }
        },
        "memory": {
            "L_memory": {
                "nnz": 846147565,
                "mbytes": 10153.935344,
                "density": 0.49993959525898857
            },
            "sparsified L_memory": {
                "nnz": 846250,
                "mbytes": 10.319564,
                "density": 0.0005000001181684179
            },
            "L_inv_memory": {
                "nnz": 846249,
                "mbytes": 10.319552,
                "density": 0.0004999995273263284
            }
        }
    },
    "results": {
        "20": {
            "coverage": 0.0,
            "recall": {
                "mean": 0.27114420119921356,
                "std": 0.22276316402598748,
                "se": 0.0009962271552900876,
                "min": 0.0,
                "max": 1.0,
                "percentiles": {
                    "1": 0.0,
                    "5": 0.0,
                    "10": 0.0,
                    "25": 0.1,
                    "50": 0.25,
                    "75": 0.4,
                    "90": 0.6,
                    "95": 0.7142857142857143,
                    "99": 1.0
                }
            },
            "ndcg": {
                "mean": 0.2578851686701906,
                "std": 0.2199965332541448,
                "se": 0.0009838544063411217,
                "min": 0.0,
                "max": 1.0,
                "percentiles": {
                    "1": 0.0,
                    "5": 0.0,
                    "10": 0.0,
                    "25": 0.07839826897867534,
                    "50": 0.21398626473452756,
                    "75": 0.3980628465882808,
                    "90": 0.5805485932475565,
                    "95": 0.6774690183568071,
                    "99": 0.8357799744028239
                }
            }
        },
        "50": {
            "coverage": 0.0,
            "recall": {
                "mean": 0.3637605751099449,
                "std": 0.2427905223499971,
                "se": 0.001085792224534551,
                "min": 0.0,
                "max": 1.0,
                "percentiles": {
                    "1": 0.0,
                    "5": 0.0,
                    "10": 0.03690476190476263,
                    "25": 0.19444444444444445,
                    "50": 0.3333333333333333,
                    "75": 0.5,
                    "90": 0.7272727272727273,
                    "95": 0.8,
                    "99": 1.0
                }
            },
            "ndcg": {
                "mean": 0.2936073215344179,
                "std": 0.21890032578226873,
                "se": 0.0009789520174920054,
                "min": 0.0,
                "max": 1.0,
                "percentiles": {
                    "1": 0.0,
                    "5": 0.0,
                    "10": 0.02415051382834244,
                    "25": 0.11305340175787204,
                    "50": 0.2571238944310613,
                    "75": 0.4405185498310789,
                    "90": 0.613866851049218,
                    "95": 0.7055713983131414,
                    "99": 0.8529306835892251
                }
            }
        },
        "100": {
            "coverage": 0.0,
            "recall": {
                "mean": 0.4411591162712872,
                "std": 0.24746502634561784,
                "se": 0.0011066972419251557,
                "min": 0.0,
                "max": 1.0,
                "percentiles": {
                    "1": 0.0,
                    "5": 0.0,
                    "10": 0.14285714285714285,
                    "25": 0.25,
                    "50": 0.42857142857142855,
                    "75": 0.6,
                    "90": 0.7777777777777778,
                    "95": 0.8571428571428571,
                    "99": 1.0
                }
            },
            "ndcg": {
                "mean": 0.32109292628595837,
                "std": 0.21801313897337427,
                "se": 0.0009749843974651472,
                "min": 0.0,
                "max": 1.0,
                "percentiles": {
                    "1": 0.0,
                    "5": 0.0,
                    "10": 0.0604913817483136,
                    "25": 0.14414022663610862,
                    "50": 0.29012624831360434,
                    "75": 0.4703652827859579,
                    "90": 0.6366824387328317,
                    "95": 0.7227269150622369,
                    "99": 0.8624317834985588
                }
            }
        }
    }
}