{
    "dataset": {
        "name": "msd",
        "rewrite": false
    },
    "split": {
        "n_val_users": 50000,
        "n_test_users": 50000,
        "seed": 42,
        "target_proportion": 0.2,
        "targets_newest": false
    },
    "model": {
        "general": {
            "model": "SANSA",
            "checkpoints_folder": "models/checkpoints/",
            "retrain": true,
            "save": false
        },
        "model_specific": {
            "l2": 200,
            "target_density": 0.0005,
            "ainv_params": {
                "umr_scans": 4,
                "umr_finetune_steps": 0,
                "umr_loss_threshold": 0.0001
            },
            "ldlt_method": "cholmod"
        }
    },
    "evaluation": {
        "split": "test",
        "metrics": [
            "recall",
            "ndcg"
        ],
        "ks": [
            20,
            50,
            100
        ],
        "experiment_folder": "experiments/shorter_training"
    },
    "performance": {
        "time": {
            "ldlt_time": 115.11264771300011,
            "umr_scans_times": [
                1.11058842500006,
                11.45623072599983,
                21.86606130600012,
                22.163114483999834
            ],
            "umr_finetune_step_times": [],
            "ainv_time": 56.949849519000054,
            "construct_weights_time": 172.51524521300007,
            "matmat_times": [
                0.0030699680000907392,
                0.15519673599965245
            ],
            "predict_time": 0.713704465000319,
            "pipeline": {
                "dataset_load_time": 1.1763940339997134,
                "dataset_split_time": 0.0,
                "data_preparation_time": 1.967905600999984,
                "model_preparation_time": 174.52943823299984,
                "evaluation_time": 38.710191229999964
            }
        },
        "memory": {
            "L_memory": {
                "nnz": 846147565,
                "mbytes": 10153.935344,
                "density": 0.49993959525898857
            },
            "sparsified L_memory": {
                "nnz": 846250,
                "mbytes": 10.319564,
                "density": 0.0005000001181684179
            },
            "L_inv_memory": {
                "nnz": 846249,
                "mbytes": 10.319552,
                "density": 0.0004999995273263284
            }
        }
    },
    "results": {
        "20": {
            "coverage": 0.0,
            "recall": {
                "mean": 0.3283146547509079,
                "std": 0.25429846018381186,
                "se": 0.001137257287089054,
                "min": 0.0,
                "max": 1.0,
                "percentiles": {
                    "1": 0.0,
                    "5": 0.0,
                    "10": 0.0,
                    "25": 0.14285714285714285,
                    "50": 0.2727272727272727,
                    "75": 0.5,
                    "90": 0.7142857142857143,
                    "95": 0.8,
                    "99": 1.0
                }
            },
            "ndcg": {
                "mean": 0.3196957460208755,
                "std": 0.2546611254503249,
                "se": 0.0011388791754670564,
                "min": 0.0,
                "max": 1.0000000000000002,
                "percentiles": {
                    "1": 0.0,
                    "5": 0.0,
                    "10": 0.0,
                    "25": 0.10209739512291163,
                    "50": 0.2780508701747386,
                    "75": 0.49662151810748656,
                    "90": 0.6975575013726609,
                    "95": 0.7987323253024139,
                    "99": 0.9521019926080866
                }
            }
        },
        "50": {
            "coverage": 0.0,
            "recall": {
                "mean": 0.42233553053419337,
                "std": 0.265690085573819,
                "se": 0.001188202184581591,
                "min": 0.0,
                "max": 1.0,
                "percentiles": {
                    "1": 0.0,
                    "5": 0.0,
                    "10": 0.1,
                    "25": 0.2222222222222222,
                    "50": 0.4,
                    "75": 0.6,
                    "90": 0.8,
                    "95": 0.9230769230769231,
                    "99": 1.0
                }
            },
            "ndcg": {
                "mean": 0.35547475585025456,
                "std": 0.25015183809496744,
                "se": 0.0011187130293537375,
                "min": 0.0,
                "max": 1.0000000000000002,
                "percentiles": {
                    "1": 0.0,
                    "5": 0.0,
                    "10": 0.05380454712950989,
                    "25": 0.14854498036399175,
                    "50": 0.3232455719917394,
                    "75": 0.5321454488055234,
                    "90": 0.7206775607807956,
                    "95": 0.8196837094824356,
                    "99": 0.9550236580992476
                }
            }
        },
        "100": {
            "coverage": 0.0,
            "recall": {
                "mean": 0.5008673701273183,
                "std": 0.26576452688984914,
                "se": 0.001188535096267547,
                "min": 0.0,
                "max": 1.0,
                "percentiles": {
                    "1": 0.0,
                    "5": 0.058823529411764705,
                    "10": 0.16666666666666666,
                    "25": 0.2857142857142857,
                    "50": 0.5,
                    "75": 0.7142857142857143,
                    "90": 0.8571428571428571,
                    "95": 1.0,
                    "99": 1.0
                }
            },
            "ndcg": {
                "mean": 0.3833916289035471,
                "std": 0.2478111118682554,
                "se": 0.001108244983434448,
                "min": 0.0,
                "max": 1.0000000000000002,
                "percentiles": {
                    "1": 0.0,
                    "5": 0.02910333218787947,
                    "10": 0.07256783117062009,
                    "25": 0.17794975269496074,
                    "50": 0.3555074124427544,
                    "75": 0.5614707266957254,
                    "90": 0.7406044739441421,
                    "95": 0.8320971145893901,
                    "99": 0.9558295932317544
                }
            }
        }
    }
}