{
    "dataset": {
        "name": "msd",
        "rewrite": false
    },
    "split": {
        "n_val_users": 50000,
        "n_test_users": 50000,
        "seed": 42,
        "target_proportion": 0.2,
        "targets_newest": false
    },
    "model": {
        "general": {
            "model": "SANSA",
            "checkpoints_folder": "models/checkpoints/",
            "retrain": true,
            "save": false
        },
        "model_specific": {
            "l2": 200,
            "target_density": 0.0025,
            "ainv_params": {
                "umr_scans": 1,
                "umr_finetune_steps": 10,
                "umr_loss_threshold": 0.0001
            },
            "ldlt_method": "cholmod"
        }
    },
    "evaluation": {
        "split": "test",
        "metrics": [
            "recall",
            "ndcg"
        ],
        "ks": [
            20,
            50,
            100
        ],
        "experiment_folder": "experiments/shorter_training"
    },
    "performance": {
        "time": {
            "ldlt_time": 117.4360463109997,
            "umr_scans_times": [
                3.113405778000015
            ],
            "umr_finetune_step_times": [
                0.1370854410006359,
                0.14176679000047443,
                0.13840106999941781,
                0.15871929900004034,
                0.11759294200055592,
                0.12480441800016706,
                0.13111825499981933,
                0.12497256900041975,
                0.13055615499979467,
                0.14332306500000414
            ],
            "ainv_time": 12.000892883000233,
            "construct_weights_time": 130.05361274000006,
            "matmat_times": [
                0.01717681599984644,
                0.8812434820001727
            ],
            "predict_time": 2.2432942550003645,
            "pipeline": {
                "dataset_load_time": 1.188300280000476,
                "dataset_split_time": 0.0,
                "data_preparation_time": 1.9903484079995906,
                "model_preparation_time": 132.087627721,
                "evaluation_time": 82.97347297600027
            }
        },
        "memory": {
            "L_memory": {
                "nnz": 846147565,
                "mbytes": 10153.935344,
                "density": 0.49993959525898857
            },
            "sparsified L_memory": {
                "nnz": 4231249,
                "mbytes": 50.939552,
                "density": 0.0025
            },
            "L_inv_memory": {
                "nnz": 4231249,
                "mbytes": 50.939552,
                "density": 0.0025
            }
        }
    },
    "results": {
        "20": {
            "coverage": 0.0,
            "recall": {
                "mean": 0.2929216610298886,
                "std": 0.2369573881452722,
                "se": 0.001059705655327263,
                "min": 0.0,
                "max": 1.0,
                "percentiles": {
                    "1": 0.0,
                    "5": 0.0,
                    "10": 0.0,
                    "25": 0.11764705882352941,
                    "50": 0.25,
                    "75": 0.4375,
                    "90": 0.625,
                    "95": 0.75,
                    "99": 1.0
                }
            },
            "ndcg": {
                "mean": 0.2786608275655874,
                "std": 0.2330133736230979,
                "se": 0.0010420674861756068,
                "min": 0.0,
                "max": 1.0,
                "percentiles": {
                    "1": 0.0,
                    "5": 0.0,
                    "10": 0.0,
                    "25": 0.08681077623592635,
                    "50": 0.23517338969525686,
                    "75": 0.4329261794091841,
                    "90": 0.6225568735328112,
                    "95": 0.7227265726449519,
                    "99": 0.8885242577964952
                }
            }
        },
        "50": {
            "coverage": 0.0,
            "recall": {
                "mean": 0.387163878370176,
                "std": 0.25466705286715935,
                "se": 0.0011389056836810022,
                "min": 0.0,
                "max": 1.0,
                "percentiles": {
                    "1": 0.0,
                    "5": 0.0,
                    "10": 0.06666666666666667,
                    "25": 0.2,
                    "50": 0.35,
                    "75": 0.5555555555555556,
                    "90": 0.75,
                    "95": 0.8461538461538461,
                    "99": 1.0
                }
            },
            "ndcg": {
                "mean": 0.31512507950348356,
                "std": 0.2317860115835039,
                "se": 0.001036578556268537,
                "min": 0.0,
                "max": 1.0,
                "percentiles": {
                    "1": 0.0,
                    "5": 0.0,
                    "10": 0.04042694236789677,
                    "25": 0.12355682126888669,
                    "50": 0.27839258028034286,
                    "75": 0.47104239799553665,
                    "90": 0.6517262018044506,
                    "95": 0.7495504809275436,
                    "99": 0.903299808261426
                }
            }
        },
        "100": {
            "coverage": 0.0,
            "recall": {
                "mean": 0.46622853026568023,
                "std": 0.256741565557161,
                "se": 0.0011481831864710614,
                "min": 0.0,
                "max": 1.0,
                "percentiles": {
                    "1": 0.0,
                    "5": 0.0,
                    "10": 0.15384615384615385,
                    "25": 0.25,
                    "50": 0.45454545454545453,
                    "75": 0.6666666666666666,
                    "90": 0.8,
                    "95": 0.9473684210526315,
                    "99": 1.0
                }
            },
            "ndcg": {
                "mean": 0.34319967451232936,
                "std": 0.23010255920932557,
                "se": 0.0010290499283774446,
                "min": 0.0,
                "max": 1.0,
                "percentiles": {
                    "1": 0.0,
                    "5": 0.0,
                    "10": 0.06437746926759551,
                    "25": 0.1557175694030029,
                    "50": 0.3111372494271526,
                    "75": 0.502019240221696,
                    "90": 0.6774756030648422,
                    "95": 0.7675080822416753,
                    "99": 0.9083438769937443
                }
            }
        }
    }
}