{
    "dataset": {
        "name": "msd",
        "rewrite": false
    },
    "split": {
        "n_val_users": 50000,
        "n_test_users": 50000,
        "seed": 42,
        "target_proportion": 0.2,
        "targets_newest": false
    },
    "model": {
        "general": {
            "model": "SANSA",
            "checkpoints_folder": "models/checkpoints/",
            "retrain": true,
            "save": false
        },
        "model_specific": {
            "l2": 200,
            "target_density": 0.0005,
            "ainv_params": {
                "umr_scans": 4,
                "umr_finetune_steps": 20,
                "umr_loss_threshold": 0.0001
            },
            "ldlt_method": "cholmod"
        }
    },
    "evaluation": {
        "split": "test",
        "metrics": [
            "recall",
            "ndcg"
        ],
        "ks": [
            20,
            50,
            100
        ],
        "experiment_folder": "experiments/shorter_training"
    },
    "performance": {
        "time": {
            "ldlt_time": 115.25785928000005,
            "umr_scans_times": [
                1.118843463000303,
                11.630587227999968,
                22.231046606999826,
                22.213311607000378
            ],
            "umr_finetune_step_times": [
                0.015595569999732106,
                0.017938595000032365,
                0.018747079000149824,
                0.01714368500006458,
                0.019683369000176754,
                0.020006637999813393,
                0.021300800000062736,
                0.0194355789999463,
                0.021734207999998034,
                0.020909476000269933,
                0.02029015400012213,
                0.022129685999971116,
                0.021012683999742876,
                0.02273338099985267,
                0.020698351999726583,
                0.020925866999732534,
                0.021898173999943538,
                0.022168728999986342,
                0.019297166999876936,
                0.021987248999721487
            ],
            "ainv_time": 59.18885757900034,
            "construct_weights_time": 174.90606086900016,
            "matmat_times": [
                0.003113159999884374,
                0.1587448380000751
            ],
            "predict_time": 0.7171767300001193,
            "pipeline": {
                "dataset_load_time": 1.1789602029998605,
                "dataset_split_time": 0.0,
                "data_preparation_time": 1.9700546069998381,
                "model_preparation_time": 176.94799393699986,
                "evaluation_time": 38.887304184000186
            }
        },
        "memory": {
            "L_memory": {
                "nnz": 846147565,
                "mbytes": 10153.935344,
                "density": 0.49993959525898857
            },
            "sparsified L_memory": {
                "nnz": 846250,
                "mbytes": 10.319564,
                "density": 0.0005000001181684179
            },
            "L_inv_memory": {
                "nnz": 846249,
                "mbytes": 10.319552,
                "density": 0.0004999995273263284
            }
        }
    },
    "results": {
        "20": {
            "coverage": 0.0,
            "recall": {
                "mean": 0.32828542805680727,
                "std": 0.25429866019552316,
                "se": 0.0011372581815686194,
                "min": 0.0,
                "max": 1.0,
                "percentiles": {
                    "1": 0.0,
                    "5": 0.0,
                    "10": 0.0,
                    "25": 0.14285714285714285,
                    "50": 0.2727272727272727,
                    "75": 0.5,
                    "90": 0.7142857142857143,
                    "95": 0.8,
                    "99": 1.0
                }
            },
            "ndcg": {
                "mean": 0.31968151491848407,
                "std": 0.2546622855830876,
                "se": 0.0011388843637384972,
                "min": 0.0,
                "max": 1.0000000000000002,
                "percentiles": {
                    "1": 0.0,
                    "5": 0.0,
                    "10": 0.0,
                    "25": 0.10209739512291163,
                    "50": 0.2780508701747386,
                    "75": 0.49661976912920763,
                    "90": 0.6975637657739948,
                    "95": 0.7987466587646785,
                    "99": 0.9521019926080866
                }
            }
        },
        "50": {
            "coverage": 0.0,
            "recall": {
                "mean": 0.4223158392468683,
                "std": 0.2656983898507257,
                "se": 0.0011882393224369257,
                "min": 0.0,
                "max": 1.0,
                "percentiles": {
                    "1": 0.0,
                    "5": 0.0,
                    "10": 0.1,
                    "25": 0.2222222222222222,
                    "50": 0.4,
                    "75": 0.6,
                    "90": 0.8,
                    "95": 0.9230769230769231,
                    "99": 1.0
                }
            },
            "ndcg": {
                "mean": 0.35546289676696446,
                "std": 0.25014091700749735,
                "se": 0.0011186641887657948,
                "min": 0.0,
                "max": 1.0000000000000002,
                "percentiles": {
                    "1": 0.0,
                    "5": 0.0,
                    "10": 0.05380454712950989,
                    "25": 0.14863448033468826,
                    "50": 0.3233293511437145,
                    "75": 0.5321419948412766,
                    "90": 0.7206513230372407,
                    "95": 0.8193886176227273,
                    "99": 0.9550236580992476
                }
            }
        },
        "100": {
            "coverage": 0.0,
            "recall": {
                "mean": 0.5008316836005737,
                "std": 0.26582017651584633,
                "se": 0.0011887839689608511,
                "min": 0.0,
                "max": 1.0,
                "percentiles": {
                    "1": 0.0,
                    "5": 0.058823529411764705,
                    "10": 0.16666666666666666,
                    "25": 0.2857142857142857,
                    "50": 0.5,
                    "75": 0.7142857142857143,
                    "90": 0.8571428571428571,
                    "95": 1.0,
                    "99": 1.0
                }
            },
            "ndcg": {
                "mean": 0.3833760210030566,
                "std": 0.2478223635757213,
                "se": 0.0011082953025999614,
                "min": 0.0,
                "max": 1.0000000000000002,
                "percentiles": {
                    "1": 0.0,
                    "5": 0.02910333218787947,
                    "10": 0.07239559903187814,
                    "25": 0.17779714792712054,
                    "50": 0.3553431627106216,
                    "75": 0.5614707266957254,
                    "90": 0.7408827239098817,
                    "95": 0.8320922421542819,
                    "99": 0.9558295932317544
                }
            }
        }
    }
}