{
    "dataset": {
        "name": "msd",
        "rewrite": false
    },
    "split": {
        "n_val_users": 50000,
        "n_test_users": 50000,
        "seed": 42,
        "target_proportion": 0.2,
        "targets_newest": false
    },
    "model": {
        "general": {
            "model": "SANSA",
            "checkpoints_folder": "models/checkpoints/",
            "retrain": true,
            "save": false
        },
        "model_specific": {
            "l2": 200,
            "target_density": 0.01,
            "ainv_params": {
                "umr_scans": 2,
                "umr_finetune_steps": 10,
                "umr_loss_threshold": 0.0001
            },
            "ldlt_method": "cholmod"
        }
    },
    "evaluation": {
        "split": "test",
        "metrics": [
            "recall",
            "ndcg"
        ],
        "ks": [
            20,
            50,
            100
        ],
        "experiment_folder": "experiments/shorter_training"
    },
    "performance": {
        "time": {
            "ldlt_time": 117.95573021600103,
            "umr_scans_times": [
                5.8396052539992525,
                47.056586298000184
            ],
            "umr_finetune_step_times": [
                2.3882794990004186,
                1.9180315809990134,
                1.6329966970006353,
                1.6648399719997542,
                1.6012159120000433,
                1.6263257259997772,
                1.5724970119990758,
                1.7985669600002439,
                1.5893755010001769,
                1.7967759929997555
            ],
            "ainv_time": 123.88029261299926,
            "construct_weights_time": 243.078363229999,
            "matmat_times": [
                0.04872475400043186,
                3.794356941998558
            ],
            "predict_time": 5.238840685999094,
            "pipeline": {
                "dataset_load_time": 1.1925355889998173,
                "dataset_split_time": 0.0,
                "data_preparation_time": 1.9963122919998568,
                "model_preparation_time": 245.18173939199914,
                "evaluation_time": 159.39512813699912
            }
        },
        "memory": {
            "L_memory": {
                "nnz": 846147565,
                "mbytes": 10153.935344,
                "density": 0.49993959525898857
            },
            "sparsified L_memory": {
                "nnz": 16924996,
                "mbytes": 203.264516,
                "density": 0.01
            },
            "L_inv_memory": {
                "nnz": 16924996,
                "mbytes": 203.264516,
                "density": 0.01
            }
        }
    },
    "results": {
        "20": {
            "coverage": 0.0,
            "recall": {
                "mean": 0.3281834144677991,
                "std": 0.2538134751453426,
                "se": 0.0011350883680608787,
                "min": 0.0,
                "max": 1.0,
                "percentiles": {
                    "1": 0.0,
                    "5": 0.0,
                    "10": 0.0,
                    "25": 0.14285714285714285,
                    "50": 0.2727272727272727,
                    "75": 0.5,
                    "90": 0.7142857142857143,
                    "95": 0.8,
                    "99": 1.0
                }
            },
            "ndcg": {
                "mean": 0.31865729640417567,
                "std": 0.25379369736670526,
                "se": 0.0011349999191459248,
                "min": 0.0,
                "max": 1.0000000000000002,
                "percentiles": {
                    "1": 0.0,
                    "5": 0.0,
                    "10": 0.0,
                    "25": 0.10209739512291163,
                    "50": 0.2779970906886402,
                    "75": 0.4935232796777481,
                    "90": 0.6927074777601189,
                    "95": 0.7945092908162565,
                    "99": 0.9504988268956605
                }
            }
        },
        "50": {
            "coverage": 0.0,
            "recall": {
                "mean": 0.42369927291084286,
                "std": 0.26533355523409774,
                "se": 0.0011866077324302754,
                "min": 0.0,
                "max": 1.0,
                "percentiles": {
                    "1": 0.0,
                    "5": 0.0,
                    "10": 0.1,
                    "25": 0.2222222222222222,
                    "50": 0.4,
                    "75": 0.6,
                    "90": 0.8,
                    "95": 0.9230769230769231,
                    "99": 1.0
                }
            },
            "ndcg": {
                "mean": 0.3550546134350199,
                "std": 0.2493042000123991,
                "se": 0.0011149222766078566,
                "min": 0.0,
                "max": 1.0000000000000002,
                "percentiles": {
                    "1": 0.0,
                    "5": 0.0,
                    "10": 0.05478392673173268,
                    "25": 0.14829723057014912,
                    "50": 0.3237560242772628,
                    "75": 0.530583723093949,
                    "90": 0.7188004421078075,
                    "95": 0.8157834837780323,
                    "99": 0.955226573649536
                }
            }
        },
        "100": {
            "coverage": 0.0,
            "recall": {
                "mean": 0.5056686234338051,
                "std": 0.265199452577468,
                "se": 0.0011860080071179006,
                "min": 0.0,
                "max": 1.0,
                "percentiles": {
                    "1": 0.0,
                    "5": 0.07692307692307693,
                    "10": 0.16666666666666666,
                    "25": 0.29411764705882354,
                    "50": 0.5,
                    "75": 0.7142857142857143,
                    "90": 0.8695652173913043,
                    "95": 1.0,
                    "99": 1.0
                }
            },
            "ndcg": {
                "mean": 0.3840847064248686,
                "std": 0.24666677556726893,
                "se": 0.0011031273559181953,
                "min": 0.0,
                "max": 1.0000000000000002,
                "percentiles": {
                    "1": 0.0,
                    "5": 0.03809418095494768,
                    "10": 0.07428207290250749,
                    "25": 0.1800573638613951,
                    "50": 0.3566179717631988,
                    "75": 0.5609424154619262,
                    "90": 0.7397466333385988,
                    "95": 0.8318724637288826,
                    "99": 0.9558529133125849
                }
            }
        }
    }
}