{
    "dataset": {
        "name": "msd",
        "rewrite": false
    },
    "split": {
        "n_val_users": 50000,
        "n_test_users": 50000,
        "seed": 42,
        "target_proportion": 0.2,
        "targets_newest": false
    },
    "model": {
        "general": {
            "model": "SANSA",
            "checkpoints_folder": "models/checkpoints/",
            "retrain": true,
            "save": false
        },
        "model_specific": {
            "l2": 200,
            "target_density": 0.0025,
            "ainv_params": {
                "umr_scans": 2,
                "umr_finetune_steps": 10,
                "umr_loss_threshold": 0.0001
            },
            "ldlt_method": "cholmod"
        }
    },
    "evaluation": {
        "split": "test",
        "metrics": [
            "recall",
            "ndcg"
        ],
        "ks": [
            20,
            50,
            100
        ],
        "experiment_folder": "experiments/shorter_training"
    },
    "performance": {
        "time": {
            "ldlt_time": 117.7888279610006,
            "umr_scans_times": [
                3.1000217410000914,
                23.23230900300041
            ],
            "umr_finetune_step_times": [
                0.18799307399967802,
                0.17021589200066956,
                0.14422695899975224,
                0.16030123800010188,
                0.14184314000067388,
                0.10741095800040057,
                0.12430785700053093,
                0.11964101600005961,
                0.10502056000041193,
                0.12244845400073245
            ],
            "ainv_time": 35.9384434120002,
            "construct_weights_time": 154.33205849499973,
            "matmat_times": [
                0.024266692999844963,
                0.8946087029999035
            ],
            "predict_time": 2.2629689949999374,
            "pipeline": {
                "dataset_load_time": 1.1950286749997758,
                "dataset_split_time": 0.0,
                "data_preparation_time": 2.0016242370002146,
                "model_preparation_time": 156.3940357069996,
                "evaluation_time": 83.74777104499935
            }
        },
        "memory": {
            "L_memory": {
                "nnz": 846147565,
                "mbytes": 10153.935344,
                "density": 0.49993959525898857
            },
            "sparsified L_memory": {
                "nnz": 4231249,
                "mbytes": 50.939552,
                "density": 0.0025
            },
            "L_inv_memory": {
                "nnz": 4231249,
                "mbytes": 50.939552,
                "density": 0.0025
            }
        }
    },
    "results": {
        "20": {
            "coverage": 0.0,
            "recall": {
                "mean": 0.3268846797262765,
                "std": 0.2537301131847805,
                "se": 0.0011347155620397697,
                "min": 0.0,
                "max": 1.0,
                "percentiles": {
                    "1": 0.0,
                    "5": 0.0,
                    "10": 0.0,
                    "25": 0.14285714285714285,
                    "50": 0.26666666666666666,
                    "75": 0.5,
                    "90": 0.7142857142857143,
                    "95": 0.8,
                    "99": 1.0
                }
            },
            "ndcg": {
                "mean": 0.31670981205049253,
                "std": 0.2532524968861576,
                "se": 0.0011325795970180044,
                "min": 0.0,
                "max": 1.0000000000000002,
                "percentiles": {
                    "1": 0.0,
                    "5": 0.0,
                    "10": 0.0,
                    "25": 0.1012286082123002,
                    "50": 0.27487633291429087,
                    "75": 0.49291318861032357,
                    "90": 0.6910002936096666,
                    "95": 0.7915149059718946,
                    "99": 0.9469365938224421
                }
            }
        },
        "50": {
            "coverage": 0.0,
            "recall": {
                "mean": 0.42144200062239556,
                "std": 0.2653159904237261,
                "se": 0.0011865291802102696,
                "min": 0.0,
                "max": 1.0,
                "percentiles": {
                    "1": 0.0,
                    "5": 0.0,
                    "10": 0.1,
                    "25": 0.2222222222222222,
                    "50": 0.4,
                    "75": 0.6,
                    "90": 0.8,
                    "95": 0.9230769230769231,
                    "99": 1.0
                }
            },
            "ndcg": {
                "mean": 0.3527602462611702,
                "std": 0.2489888893221,
                "se": 0.0011135121643327743,
                "min": 0.0,
                "max": 1.0000000000000002,
                "percentiles": {
                    "1": 0.0,
                    "5": 0.0,
                    "10": 0.053894577262255466,
                    "25": 0.14606834984270645,
                    "50": 0.3197010370710727,
                    "75": 0.5281026288057914,
                    "90": 0.7163508660588379,
                    "95": 0.812466078168678,
                    "99": 0.9523527994159191
                }
            }
        },
        "100": {
            "coverage": 0.0,
            "recall": {
                "mean": 0.5028255701457766,
                "std": 0.26508198595898674,
                "se": 0.0011854826804298783,
                "min": 0.0,
                "max": 1.0,
                "percentiles": {
                    "1": 0.0,
                    "5": 0.07692307692307693,
                    "10": 0.16666666666666666,
                    "25": 0.2857142857142857,
                    "50": 0.5,
                    "75": 0.7142857142857143,
                    "90": 0.8571428571428571,
                    "95": 1.0,
                    "99": 1.0
                }
            },
            "ndcg": {
                "mean": 0.38158047745345286,
                "std": 0.2463126228507767,
                "se": 0.0011015435368212096,
                "min": 0.0,
                "max": 1.0000000000000002,
                "percentiles": {
                    "1": 0.0,
                    "5": 0.036376356766787486,
                    "10": 0.07335312372354855,
                    "25": 0.17864125133152944,
                    "50": 0.35277743634640757,
                    "75": 0.5585075862632192,
                    "90": 0.7371618431649514,
                    "95": 0.8301057133378525,
                    "99": 0.955302564557629
                }
            }
        }
    }
}