{
    "dataset": {
        "name": "msd",
        "rewrite": false
    },
    "split": {
        "n_val_users": 50000,
        "n_test_users": 50000,
        "seed": 42,
        "target_proportion": 0.2,
        "targets_newest": false
    },
    "model": {
        "general": {
            "model": "SANSA",
            "checkpoints_folder": "models/checkpoints/",
            "retrain": true,
            "save": false
        },
        "model_specific": {
            "l2": 200,
            "target_density": 0.0005,
            "ainv_params": {
                "umr_scans": 4,
                "umr_finetune_steps": 5,
                "umr_loss_threshold": 0.0001
            },
            "ldlt_method": "cholmod"
        }
    },
    "evaluation": {
        "split": "test",
        "metrics": [
            "recall",
            "ndcg"
        ],
        "ks": [
            20,
            50,
            100
        ],
        "experiment_folder": "experiments/shorter_training"
    },
    "performance": {
        "time": {
            "ldlt_time": 115.86934254900007,
            "umr_scans_times": [
                1.1378455839999333,
                11.535430684999938,
                21.88947109000037,
                21.82859357899997
            ],
            "umr_finetune_step_times": [
                0.015213380999739456,
                0.01761415000009947,
                0.018431788999805576,
                0.017013090000091324,
                0.01936788000011802
            ],
            "ainv_time": 57.116686413000025,
            "construct_weights_time": 173.44186725300005,
            "matmat_times": [
                0.0029718260002482566,
                0.1547322209999038
            ],
            "predict_time": 0.7134390909996,
            "pipeline": {
                "dataset_load_time": 1.1762011430000712,
                "dataset_split_time": 0.0,
                "data_preparation_time": 1.9663658790000227,
                "model_preparation_time": 175.46081113499986,
                "evaluation_time": 38.7522000150002
            }
        },
        "memory": {
            "L_memory": {
                "nnz": 846147565,
                "mbytes": 10153.935344,
                "density": 0.49993959525898857
            },
            "sparsified L_memory": {
                "nnz": 846250,
                "mbytes": 10.319564,
                "density": 0.0005000001181684179
            },
            "L_inv_memory": {
                "nnz": 846249,
                "mbytes": 10.319552,
                "density": 0.0004999995273263284
            }
        }
    },
    "results": {
        "20": {
            "coverage": 0.0,
            "recall": {
                "mean": 0.32829252780793344,
                "std": 0.2543057592201631,
                "se": 0.001137289929371957,
                "min": 0.0,
                "max": 1.0,
                "percentiles": {
                    "1": 0.0,
                    "5": 0.0,
                    "10": 0.0,
                    "25": 0.14285714285714285,
                    "50": 0.2727272727272727,
                    "75": 0.5,
                    "90": 0.7142857142857143,
                    "95": 0.8,
                    "99": 1.0
                }
            },
            "ndcg": {
                "mean": 0.3196859609371947,
                "std": 0.2546654798983192,
                "se": 0.0011388986491504961,
                "min": 0.0,
                "max": 1.0000000000000002,
                "percentiles": {
                    "1": 0.0,
                    "5": 0.0,
                    "10": 0.0,
                    "25": 0.10209739512291163,
                    "50": 0.27816587436779855,
                    "75": 0.49662151810748656,
                    "90": 0.6975575013726609,
                    "95": 0.7987466587646785,
                    "99": 0.9521019926080866
                }
            }
        },
        "50": {
            "coverage": 0.0,
            "recall": {
                "mean": 0.4222930603048225,
                "std": 0.2657068292434835,
                "se": 0.0011882770645487162,
                "min": 0.0,
                "max": 1.0,
                "percentiles": {
                    "1": 0.0,
                    "5": 0.0,
                    "10": 0.1,
                    "25": 0.2222222222222222,
                    "50": 0.4,
                    "75": 0.6,
                    "90": 0.8,
                    "95": 0.9230769230769231,
                    "99": 1.0
                }
            },
            "ndcg": {
                "mean": 0.3554577849622341,
                "std": 0.25014683773457635,
                "se": 0.0011186906670622445,
                "min": 0.0,
                "max": 1.0000000000000002,
                "percentiles": {
                    "1": 0.0,
                    "5": 0.0,
                    "10": 0.0536436059241274,
                    "25": 0.14863448033468826,
                    "50": 0.32327366512076106,
                    "75": 0.5321419948412766,
                    "90": 0.7206513230372407,
                    "95": 0.8195502711015346,
                    "99": 0.9550236580992476
                }
            }
        },
        "100": {
            "coverage": 0.0,
            "recall": {
                "mean": 0.5008512935728541,
                "std": 0.26582367001293356,
                "se": 0.0011887995923547836,
                "min": 0.0,
                "max": 1.0,
                "percentiles": {
                    "1": 0.0,
                    "5": 0.058823529411764705,
                    "10": 0.16666666666666666,
                    "25": 0.2857142857142857,
                    "50": 0.5,
                    "75": 0.7142857142857143,
                    "90": 0.8571428571428571,
                    "95": 1.0,
                    "99": 1.0
                }
            },
            "ndcg": {
                "mean": 0.38338429151156017,
                "std": 0.24782333728031372,
                "se": 0.0011082996571392786,
                "min": 0.0,
                "max": 1.0000000000000002,
                "percentiles": {
                    "1": 0.0,
                    "5": 0.029001117331362933,
                    "10": 0.07239559903187814,
                    "25": 0.17787245215648909,
                    "50": 0.3553431627106216,
                    "75": 0.5615699319327384,
                    "90": 0.7408827239098817,
                    "95": 0.8320922421542819,
                    "99": 0.9558295932317544
                }
            }
        }
    }
}