{
    "dataset": {
        "name": "msd",
        "rewrite": false
    },
    "split": {
        "n_val_users": 50000,
        "n_test_users": 50000,
        "seed": 42,
        "target_proportion": 0.2,
        "targets_newest": false
    },
    "model": {
        "general": {
            "model": "SANSA",
            "checkpoints_folder": "models/checkpoints/",
            "retrain": true,
            "save": false
        },
        "model_specific": {
            "l2": 200,
            "target_density": 0.0025,
            "ainv_params": {
                "umr_scans": 4,
                "umr_finetune_steps": 5,
                "umr_loss_threshold": 0.0001
            },
            "ldlt_method": "cholmod"
        }
    },
    "evaluation": {
        "split": "test",
        "metrics": [
            "recall",
            "ndcg"
        ],
        "ks": [
            20,
            50,
            100
        ],
        "experiment_folder": "experiments/shorter_training"
    },
    "performance": {
        "time": {
            "ldlt_time": 118.55743313199946,
            "umr_scans_times": [
                3.1731723209995835,
                23.318066033999457,
                32.347792534999826,
                38.033368849
            ],
            "umr_finetune_step_times": [
                0.21917545800079097,
                0.21856693100016855,
                0.19258518900005583,
                0.22431780399983836,
                0.2134429560001081
            ],
            "ainv_time": 104.33191076500043,
            "construct_weights_time": 223.4800147319993,
            "matmat_times": [
                0.021150376000150573,
                0.8861146110002664
            ],
            "predict_time": 2.2515498669999943,
            "pipeline": {
                "dataset_load_time": 1.2019308570006615,
                "dataset_split_time": 0.0,
                "data_preparation_time": 2.0116276250000737,
                "model_preparation_time": 225.52916931300024,
                "evaluation_time": 83.2369522680001
            }
        },
        "memory": {
            "L_memory": {
                "nnz": 846147565,
                "mbytes": 10153.935344,
                "density": 0.49993959525898857
            },
            "sparsified L_memory": {
                "nnz": 4231249,
                "mbytes": 50.939552,
                "density": 0.0025
            },
            "L_inv_memory": {
                "nnz": 4231249,
                "mbytes": 50.939552,
                "density": 0.0025
            }
        }
    },
    "results": {
        "20": {
            "coverage": 0.0,
            "recall": {
                "mean": 0.331430239113226,
                "std": 0.2547289951144185,
                "se": 0.0011391826978321032,
                "min": 0.0,
                "max": 1.0,
                "percentiles": {
                    "1": 0.0,
                    "5": 0.0,
                    "10": 0.0,
                    "25": 0.14285714285714285,
                    "50": 0.2727272727272727,
                    "75": 0.5,
                    "90": 0.7142857142857143,
                    "95": 0.8,
                    "99": 1.0
                }
            },
            "ndcg": {
                "mean": 0.32229119010191287,
                "std": 0.2548605166050236,
                "se": 0.0011397708798190935,
                "min": 0.0,
                "max": 1.0000000000000002,
                "percentiles": {
                    "1": 0.0,
                    "5": 0.0,
                    "10": 0.0,
                    "25": 0.10549558423511038,
                    "50": 0.2829594644890201,
                    "75": 0.4993927270614923,
                    "90": 0.6992148198508501,
                    "95": 0.8009974133966222,
                    "99": 0.9535849738060622
                }
            }
        },
        "50": {
            "coverage": 0.0,
            "recall": {
                "mean": 0.4264559480396315,
                "std": 0.2656228787499152,
                "se": 0.0011879016265279895,
                "min": 0.0,
                "max": 1.0,
                "percentiles": {
                    "1": 0.0,
                    "5": 0.0,
                    "10": 0.1,
                    "25": 0.2222222222222222,
                    "50": 0.4,
                    "75": 0.6,
                    "90": 0.8,
                    "95": 0.9333333333333333,
                    "99": 1.0
                }
            },
            "ndcg": {
                "mean": 0.35834975591934976,
                "std": 0.2500781795714223,
                "se": 0.001118383618422199,
                "min": 0.0,
                "max": 1.0000000000000002,
                "percentiles": {
                    "1": 0.0,
                    "5": 0.0,
                    "10": 0.05600826270485845,
                    "25": 0.15101961822780524,
                    "50": 0.32787638701132793,
                    "75": 0.5353376319578815,
                    "90": 0.7227265726449519,
                    "95": 0.8207658584763088,
                    "99": 0.9558295932317544
                }
            }
        },
        "100": {
            "coverage": 0.0,
            "recall": {
                "mean": 0.5080910875036985,
                "std": 0.26528786207179056,
                "se": 0.0011864033863962238,
                "min": 0.0,
                "max": 1.0,
                "percentiles": {
                    "1": 0.0,
                    "5": 0.08333333333333333,
                    "10": 0.16666666666666666,
                    "25": 0.3,
                    "50": 0.5,
                    "75": 0.7142857142857143,
                    "90": 0.875,
                    "95": 1.0,
                    "99": 1.0
                }
            },
            "ndcg": {
                "mean": 0.3872973960405716,
                "std": 0.24745810222617762,
                "se": 0.0011066662763216503,
                "min": 0.0,
                "max": 1.0000000000000002,
                "percentiles": {
                    "1": 0.0,
                    "5": 0.03822036009724846,
                    "10": 0.07500924717723581,
                    "25": 0.18378388933295603,
                    "50": 0.3603717431394998,
                    "75": 0.5655053276399069,
                    "90": 0.7434020126720595,
                    "95": 0.8332393460566069,
                    "99": 0.9565883443666768
                }
            }
        }
    }
}