{
    "dataset": {
        "name": "msd",
        "rewrite": false
    },
    "split": {
        "n_val_users": 50000,
        "n_test_users": 50000,
        "seed": 42,
        "target_proportion": 0.2,
        "targets_newest": false
    },
    "model": {
        "general": {
            "model": "SANSA",
            "checkpoints_folder": "models/checkpoints/",
            "retrain": true,
            "save": false
        },
        "model_specific": {
            "l2": 200,
            "target_density": 0.0005,
            "ainv_params": {
                "umr_scans": 1,
                "umr_finetune_steps": 5,
                "umr_loss_threshold": 0.0001
            },
            "ldlt_method": "cholmod"
        }
    },
    "evaluation": {
        "split": "test",
        "metrics": [
            "recall",
            "ndcg"
        ],
        "ks": [
            20,
            50,
            100
        ],
        "experiment_folder": "experiments/shorter_training"
    },
    "performance": {
        "time": {
            "ldlt_time": 115.55406630800007,
            "umr_scans_times": [
                1.1666298380000626
            ],
            "umr_finetune_step_times": [
                0.0179684490000227,
                0.017848971000034908,
                0.017467775000000074,
                0.018704340999988744,
                0.01664815600008751
            ],
            "ainv_time": 1.7394119150000051,
            "construct_weights_time": 117.72001166500002,
            "matmat_times": [
                0.003050729999813484,
                0.14999907599985818
            ],
            "predict_time": 0.6977791900001193,
            "pipeline": {
                "dataset_load_time": 1.1803397699999323,
                "dataset_split_time": 0.0,
                "data_preparation_time": 1.9691035320000765,
                "model_preparation_time": 119.74159388599992,
                "evaluation_time": 38.69906835500001
            }
        },
        "memory": {
            "L_memory": {
                "nnz": 846147565,
                "mbytes": 10153.935344,
                "density": 0.49993959525898857
            },
            "sparsified L_memory": {
                "nnz": 846250,
                "mbytes": 10.319564,
                "density": 0.0005000001181684179
            },
            "L_inv_memory": {
                "nnz": 846249,
                "mbytes": 10.319552,
                "density": 0.0004999995273263284
            }
        }
    },
    "results": {
        "20": {
            "coverage": 0.0,
            "recall": {
                "mean": 0.2752065617294642,
                "std": 0.2257201960729784,
                "se": 0.0010094514046275216,
                "min": 0.0,
                "max": 1.0,
                "percentiles": {
                    "1": 0.0,
                    "5": 0.0,
                    "10": 0.0,
                    "25": 0.10526315789473684,
                    "50": 0.25,
                    "75": 0.4,
                    "90": 0.6,
                    "95": 0.75,
                    "99": 1.0
                }
            },
            "ndcg": {
                "mean": 0.26174274374113404,
                "std": 0.2226603312363914,
                "se": 0.000995767273074382,
                "min": 0.0,
                "max": 1.0,
                "percentiles": {
                    "1": 0.0,
                    "5": 0.0,
                    "10": 0.0,
                    "25": 0.07979453856244818,
                    "50": 0.2185572326895715,
                    "75": 0.40490921844674826,
                    "90": 0.5862183170040398,
                    "95": 0.6861798372759949,
                    "99": 0.8490918997518297
                }
            }
        },
        "50": {
            "coverage": 0.0,
            "recall": {
                "mean": 0.3681402467195376,
                "std": 0.24536618795477827,
                "se": 0.0010973109512937486,
                "min": 0.0,
                "max": 1.0,
                "percentiles": {
                    "1": 0.0,
                    "5": 0.0,
                    "10": 0.045454545454545456,
                    "25": 0.2,
                    "50": 0.3333333333333333,
                    "75": 0.5,
                    "90": 0.75,
                    "95": 0.8,
                    "99": 1.0
                }
            },
            "ndcg": {
                "mean": 0.297599549274564,
                "std": 0.22160798988305117,
                "se": 0.0009910610594711761,
                "min": 0.0,
                "max": 1.0,
                "percentiles": {
                    "1": 0.0,
                    "5": 0.0,
                    "10": 0.028844110392289676,
                    "25": 0.11547282475306296,
                    "50": 0.26098368289986446,
                    "75": 0.4466616180747292,
                    "90": 0.6217937096682962,
                    "95": 0.7148861460690502,
                    "99": 0.8634234992100033
                }
            }
        },
        "100": {
            "coverage": 0.0,
            "recall": {
                "mean": 0.4456334480114023,
                "std": 0.24984107700996455,
                "se": 0.0011173232635320813,
                "min": 0.0,
                "max": 1.0,
                "percentiles": {
                    "1": 0.0,
                    "5": 0.0,
                    "10": 0.14285714285714285,
                    "25": 0.25,
                    "50": 0.42857142857142855,
                    "75": 0.6,
                    "90": 0.8,
                    "95": 0.875,
                    "99": 1.0
                }
            },
            "ndcg": {
                "mean": 0.3251444016675692,
                "std": 0.22070220944224853,
                "se": 0.0009870102861945272,
                "min": 0.0,
                "max": 1.0,
                "percentiles": {
                    "1": 0.0,
                    "5": 0.0,
                    "10": 0.060747582755046096,
                    "25": 0.14619823704047327,
                    "50": 0.29364058178911,
                    "75": 0.4758144353716495,
                    "90": 0.6441334537026855,
                    "95": 0.7318533988126749,
                    "99": 0.8706705029276667
                }
            }
        }
    }
}