{
    "dataset": {
        "name": "msd",
        "rewrite": false
    },
    "split": {
        "n_val_users": 50000,
        "n_test_users": 50000,
        "seed": 42,
        "target_proportion": 0.2,
        "targets_newest": false
    },
    "model": {
        "general": {
            "model": "SANSA",
            "checkpoints_folder": "models/checkpoints/",
            "retrain": true,
            "save": false
        },
        "model_specific": {
            "l2": 200,
            "target_density": 0.0025,
            "ainv_params": {
                "umr_scans": 3,
                "umr_finetune_steps": 0,
                "umr_loss_threshold": 0.0001
            },
            "ldlt_method": "cholmod"
        }
    },
    "evaluation": {
        "split": "test",
        "metrics": [
            "recall",
            "ndcg"
        ],
        "ks": [
            20,
            50,
            100
        ],
        "experiment_folder": "experiments/shorter_training"
    },
    "performance": {
        "time": {
            "ldlt_time": 114.37576211199939,
            "umr_scans_times": [
                3.0623322640003607,
                22.84508432599978,
                31.17349435899996
            ],
            "umr_finetune_step_times": [],
            "ainv_time": 59.58299448700018,
            "construct_weights_time": 174.54769042800035,
            "matmat_times": [
                0.021857865000129095,
                0.8717646569994031
            ],
            "predict_time": 2.237616237000111,
            "pipeline": {
                "dataset_load_time": 1.178000007999799,
                "dataset_split_time": 0.0,
                "data_preparation_time": 1.9679124819995195,
                "model_preparation_time": 176.73246118299994,
                "evaluation_time": 83.01506502100074
            }
        },
        "memory": {
            "L_memory": {
                "nnz": 846147565,
                "mbytes": 10153.935344,
                "density": 0.49993959525898857
            },
            "sparsified L_memory": {
                "nnz": 4231249,
                "mbytes": 50.939552,
                "density": 0.0025
            },
            "L_inv_memory": {
                "nnz": 4231249,
                "mbytes": 50.939552,
                "density": 0.0025
            }
        }
    },
    "results": {
        "20": {
            "coverage": 0.0,
            "recall": {
                "mean": 0.33041703003626927,
                "std": 0.2543284855356448,
                "se": 0.0011373915645445476,
                "min": 0.0,
                "max": 1.0,
                "percentiles": {
                    "1": 0.0,
                    "5": 0.0,
                    "10": 0.0,
                    "25": 0.14285714285714285,
                    "50": 0.2727272727272727,
                    "75": 0.5,
                    "90": 0.7142857142857143,
                    "95": 0.8,
                    "99": 1.0
                }
            },
            "ndcg": {
                "mean": 0.32097554944212764,
                "std": 0.25424059019891326,
                "se": 0.0011369984846488737,
                "min": 0.0,
                "max": 1.0000000000000002,
                "percentiles": {
                    "1": 0.0,
                    "5": 0.0,
                    "10": 0.0,
                    "25": 0.10445936079643967,
                    "50": 0.2816249726597774,
                    "75": 0.4958839485100168,
                    "90": 0.6976445629037745,
                    "95": 0.797855724529944,
                    "99": 0.9526533201221141
                }
            }
        },
        "50": {
            "coverage": 0.0,
            "recall": {
                "mean": 0.42546605378313734,
                "std": 0.26559009326656696,
                "se": 0.0011877550053891058,
                "min": 0.0,
                "max": 1.0,
                "percentiles": {
                    "1": 0.0,
                    "5": 0.0,
                    "10": 0.1,
                    "25": 0.2222222222222222,
                    "50": 0.4,
                    "75": 0.6,
                    "90": 0.8,
                    "95": 0.9285714285714286,
                    "99": 1.0
                }
            },
            "ndcg": {
                "mean": 0.3571474572490708,
                "std": 0.24974034132436682,
                "se": 0.0011168727598505682,
                "min": 0.0,
                "max": 1.0000000000000002,
                "percentiles": {
                    "1": 0.0,
                    "5": 0.0,
                    "10": 0.05576624569167862,
                    "25": 0.15028635388218867,
                    "50": 0.3259836700597031,
                    "75": 0.5339296531888993,
                    "90": 0.7206541972116546,
                    "95": 0.8178642883813907,
                    "99": 0.9558295932317544
                }
            }
        },
        "100": {
            "coverage": 0.0,
            "recall": {
                "mean": 0.5065909130957281,
                "std": 0.2651618434755367,
                "se": 0.0011858398141009181,
                "min": 0.0,
                "max": 1.0,
                "percentiles": {
                    "1": 0.0,
                    "5": 0.07692307692307693,
                    "10": 0.16666666666666666,
                    "25": 0.29411764705882354,
                    "50": 0.5,
                    "75": 0.7142857142857143,
                    "90": 0.8666666666666667,
                    "95": 1.0,
                    "99": 1.0
                }
            },
            "ndcg": {
                "mean": 0.3859280131580945,
                "std": 0.2470901823198104,
                "se": 0.0011050208884798255,
                "min": 0.0,
                "max": 1.0000000000000002,
                "percentiles": {
                    "1": 0.0,
                    "5": 0.037820234329121044,
                    "10": 0.07497635902156338,
                    "25": 0.182612574621203,
                    "50": 0.35914753008966527,
                    "75": 0.5636226435279553,
                    "90": 0.7425373070479637,
                    "95": 0.8318724637288826,
                    "99": 0.9563675185215383
                }
            }
        }
    }
}