{
    "dataset": {
        "name": "msd",
        "rewrite": false
    },
    "split": {
        "n_val_users": 50000,
        "n_test_users": 50000,
        "seed": 42,
        "target_proportion": 0.2,
        "targets_newest": false
    },
    "model": {
        "general": {
            "model": "SANSA",
            "checkpoints_folder": "models/checkpoints/",
            "retrain": true,
            "save": false
        },
        "model_specific": {
            "l2": 200,
            "target_density": 0.0005,
            "ainv_params": {
                "umr_scans": 0,
                "umr_finetune_steps": 5,
                "umr_loss_threshold": 0.0001
            },
            "ldlt_method": "cholmod"
        }
    },
    "evaluation": {
        "split": "test",
        "metrics": [
            "recall",
            "ndcg"
        ],
        "ks": [
            20,
            50,
            100
        ],
        "experiment_folder": "experiments/shorter_training"
    },
    "performance": {
        "time": {
            "ldlt_time": 115.34816328,
            "umr_scans_times": [],
            "umr_finetune_step_times": [
                0.02441535200000544,
                0.020155085999988387,
                0.018176718999995956,
                0.01892730700001266,
                0.016796702000021924
            ],
            "ainv_time": 0.5414165660000094,
            "construct_weights_time": 116.315320999,
            "matmat_times": [
                0.0031488309999758712,
                0.15364485200001354
            ],
            "predict_time": 0.7000710259999892,
            "pipeline": {
                "dataset_load_time": 1.180015085000008,
                "dataset_split_time": 0.0,
                "data_preparation_time": 2.0527990140000156,
                "model_preparation_time": 118.33265890999999,
                "evaluation_time": 38.86902937399998
            }
        },
        "memory": {
            "L_memory": {
                "nnz": 846147565,
                "mbytes": 10153.935344,
                "density": 0.49993959525898857
            },
            "sparsified L_memory": {
                "nnz": 846250,
                "mbytes": 10.319564,
                "density": 0.0005000001181684179
            },
            "L_inv_memory": {
                "nnz": 846249,
                "mbytes": 10.319552,
                "density": 0.0004999995273263284
            }
        }
    },
    "results": {
        "20": {
            "coverage": 0.0,
            "recall": {
                "mean": 0.2689522205068753,
                "std": 0.2217227357613465,
                "se": 0.0009915742186391886,
                "min": 0.0,
                "max": 1.0,
                "percentiles": {
                    "1": 0.0,
                    "5": 0.0,
                    "10": 0.0,
                    "25": 0.1,
                    "50": 0.25,
                    "75": 0.4,
                    "90": 0.5833333333333334,
                    "95": 0.7142857142857143,
                    "99": 1.0
                }
            },
            "ndcg": {
                "mean": 0.25571254287111933,
                "std": 0.21885204814665402,
                "se": 0.0009787361133419504,
                "min": 0.0,
                "max": 1.0,
                "percentiles": {
                    "1": 0.0,
                    "5": 0.0,
                    "10": 0.0,
                    "25": 0.07721668828275381,
                    "50": 0.2138615284860139,
                    "75": 0.39502897841846724,
                    "90": 0.5752991097405435,
                    "95": 0.6739538186938087,
                    "99": 0.8318724637288826
                }
            }
        },
        "50": {
            "coverage": 0.0,
            "recall": {
                "mean": 0.36126406785276777,
                "std": 0.24172804045388485,
                "se": 0.0010810406610454112,
                "min": 0.0,
                "max": 1.0,
                "percentiles": {
                    "1": 0.0,
                    "5": 0.0,
                    "10": 0.0,
                    "25": 0.1891891891891892,
                    "50": 0.3333333333333333,
                    "75": 0.5,
                    "90": 0.7142857142857143,
                    "95": 0.8,
                    "99": 1.0
                }
            },
            "ndcg": {
                "mean": 0.2913066831322366,
                "std": 0.2177266564046101,
                "se": 0.0009737032084688964,
                "min": 0.0,
                "max": 1.0,
                "percentiles": {
                    "1": 0.0,
                    "5": 0.0,
                    "10": 0.0,
                    "25": 0.11243817952384737,
                    "50": 0.25436789326329584,
                    "75": 0.43712589851787853,
                    "90": 0.6097224671915492,
                    "95": 0.7012252163983418,
                    "99": 0.8476896820404966
                }
            }
        },
        "100": {
            "coverage": 0.0,
            "recall": {
                "mean": 0.43868314755957993,
                "std": 0.24656938331200592,
                "se": 0.001102691804511695,
                "min": 0.0,
                "max": 1.0,
                "percentiles": {
                    "1": 0.0,
                    "5": 0.0,
                    "10": 0.14285714285714285,
                    "25": 0.25,
                    "50": 0.42857142857142855,
                    "75": 0.6,
                    "90": 0.7777777777777778,
                    "95": 0.8571428571428571,
                    "99": 1.0
                }
            },
            "ndcg": {
                "mean": 0.3187934640640468,
                "std": 0.21681891224248465,
                "se": 0.0009696436531635141,
                "min": 0.0,
                "max": 1.0,
                "percentiles": {
                    "1": 0.0,
                    "5": 0.0,
                    "10": 0.06001556452094768,
                    "25": 0.14263491023815292,
                    "50": 0.2871274380044514,
                    "75": 0.4668681813735768,
                    "90": 0.6347634236345542,
                    "95": 0.7195191871855654,
                    "99": 0.8552639175510973
                }
            }
        }
    }
}