{
    "dataset": {
        "name": "msd",
        "rewrite": false
    },
    "split": {
        "n_val_users": 50000,
        "n_test_users": 50000,
        "seed": 42,
        "target_proportion": 0.2,
        "targets_newest": false
    },
    "model": {
        "general": {
            "model": "SANSA",
            "checkpoints_folder": "models/checkpoints/",
            "retrain": true,
            "save": false
        },
        "model_specific": {
            "l2": 200,
            "target_density": 0.0005,
            "ainv_params": {
                "umr_scans": 3,
                "umr_finetune_steps": 10,
                "umr_loss_threshold": 0.0001
            },
            "ldlt_method": "cholmod"
        }
    },
    "evaluation": {
        "split": "test",
        "metrics": [
            "recall",
            "ndcg"
        ],
        "ks": [
            20,
            50,
            100
        ],
        "experiment_folder": "experiments/shorter_training"
    },
    "performance": {
        "time": {
            "ldlt_time": 115.65484222199984,
            "umr_scans_times": [
                1.110131469999942,
                11.496193143000255,
                22.22677369699977
            ],
            "umr_finetune_step_times": [
                0.01915316500026165,
                0.021239530999991985,
                0.02116315900002519,
                0.021047928999905707,
                0.019946190000155184,
                0.018749790000128996,
                0.019015717999991466,
                0.01723705799986419,
                0.015928738999718917,
                0.02217268900039926
            ],
            "ainv_time": 35.86310863500012,
            "construct_weights_time": 151.96554449500036,
            "matmat_times": [
                0.0028968800002076023,
                0.15592654500005665
            ],
            "predict_time": 0.7140161119996264,
            "pipeline": {
                "dataset_load_time": 1.1745911780003553,
                "dataset_split_time": 0.0,
                "data_preparation_time": 1.9634004730000925,
                "model_preparation_time": 154.0340182910004,
                "evaluation_time": 38.77910864999967
            }
        },
        "memory": {
            "L_memory": {
                "nnz": 846147565,
                "mbytes": 10153.935344,
                "density": 0.49993959525898857
            },
            "sparsified L_memory": {
                "nnz": 846250,
                "mbytes": 10.319564,
                "density": 0.0005000001181684179
            },
            "L_inv_memory": {
                "nnz": 846249,
                "mbytes": 10.319552,
                "density": 0.0004999995273263284
            }
        }
    },
    "results": {
        "20": {
            "coverage": 0.0,
            "recall": {
                "mean": 0.32791228949069506,
                "std": 0.2540875416480107,
                "se": 0.0011363140307215217,
                "min": 0.0,
                "max": 1.0,
                "percentiles": {
                    "1": 0.0,
                    "5": 0.0,
                    "10": 0.0,
                    "25": 0.14285714285714285,
                    "50": 0.26666666666666666,
                    "75": 0.5,
                    "90": 0.7142857142857143,
                    "95": 0.8,
                    "99": 1.0
                }
            },
            "ndcg": {
                "mean": 0.31926279260003415,
                "std": 0.25442737053034387,
                "se": 0.0011378337916847512,
                "min": 0.0,
                "max": 1.0000000000000002,
                "percentiles": {
                    "1": 0.0,
                    "5": 0.0,
                    "10": 0.0,
                    "25": 0.10209739512291163,
                    "50": 0.27727342735504823,
                    "75": 0.4948003766058246,
                    "90": 0.6971740417678186,
                    "95": 0.7974049492783575,
                    "99": 0.9526533201221141
                }
            }
        },
        "50": {
            "coverage": 0.0,
            "recall": {
                "mean": 0.4219967310031446,
                "std": 0.2655711831629402,
                "se": 0.001187670436834764,
                "min": 0.0,
                "max": 1.0,
                "percentiles": {
                    "1": 0.0,
                    "5": 0.0,
                    "10": 0.1,
                    "25": 0.2222222222222222,
                    "50": 0.4,
                    "75": 0.6,
                    "90": 0.8,
                    "95": 0.9230769230769231,
                    "99": 1.0
                }
            },
            "ndcg": {
                "mean": 0.3550850454556256,
                "std": 0.24996729491239544,
                "se": 0.001117887727151707,
                "min": 0.0,
                "max": 1.0000000000000002,
                "percentiles": {
                    "1": 0.0,
                    "5": 0.0,
                    "10": 0.053812561788940415,
                    "25": 0.148432051705709,
                    "50": 0.32241050145403755,
                    "75": 0.531407025719328,
                    "90": 0.7194194363938361,
                    "95": 0.817546957103138,
                    "99": 0.9550236580992476
                }
            }
        },
        "100": {
            "coverage": 0.0,
            "recall": {
                "mean": 0.5001792066200074,
                "std": 0.2656018952293988,
                "se": 0.0011878077853714256,
                "min": 0.0,
                "max": 1.0,
                "percentiles": {
                    "1": 0.0,
                    "5": 0.058823529411764705,
                    "10": 0.16666666666666666,
                    "25": 0.2857142857142857,
                    "50": 0.5,
                    "75": 0.7142857142857143,
                    "90": 0.8571428571428571,
                    "95": 1.0,
                    "99": 1.0
                }
            },
            "ndcg": {
                "mean": 0.38291415474505097,
                "std": 0.24766128746372812,
                "se": 0.001107574948328025,
                "min": 0.0,
                "max": 1.0000000000000002,
                "percentiles": {
                    "1": 0.0,
                    "5": 0.029697708113353174,
                    "10": 0.0723906936778557,
                    "25": 0.17818044130384456,
                    "50": 0.3555502778539792,
                    "75": 0.5605527576449509,
                    "90": 0.7407247262323591,
                    "95": 0.8318724637288826,
                    "99": 0.9558295932317544
                }
            }
        }
    }
}