{
    "dataset": {
        "name": "msd",
        "rewrite": false
    },
    "split": {
        "n_val_users": 50000,
        "n_test_users": 50000,
        "seed": 42,
        "target_proportion": 0.2,
        "targets_newest": false
    },
    "model": {
        "general": {
            "model": "SANSA",
            "checkpoints_folder": "models/checkpoints/",
            "retrain": true,
            "save": false
        },
        "model_specific": {
            "l2": 200,
            "target_density": 0.01,
            "ainv_params": {
                "umr_scans": 4,
                "umr_finetune_steps": 5,
                "umr_loss_threshold": 0.0001
            },
            "ldlt_method": "cholmod"
        }
    },
    "evaluation": {
        "split": "test",
        "metrics": [
            "recall",
            "ndcg"
        ],
        "ks": [
            20,
            50,
            100
        ],
        "experiment_folder": "experiments/shorter_training"
    },
    "performance": {
        "time": {
            "ldlt_time": 115.43571854699985,
            "umr_scans_times": [
                5.769148054001562,
                46.536769809999896,
                69.16105125499962,
                76.60308638300012
            ],
            "umr_finetune_step_times": [
                2.6227286960001948,
                2.4858288260002155,
                2.5343801119997806,
                2.577226912999322,
                2.658693235998726
            ],
            "ainv_time": 251.03008123299878,
            "construct_weights_time": 367.6570531840007,
            "matmat_times": [
                0.047567736999553745,
                3.79182518000016
            ],
            "predict_time": 5.23449112399976,
            "pipeline": {
                "dataset_load_time": 1.1729802329991799,
                "dataset_split_time": 0.0,
                "data_preparation_time": 1.9587215390001802,
                "model_preparation_time": 369.78949803199976,
                "evaluation_time": 159.0445968210006
            }
        },
        "memory": {
            "L_memory": {
                "nnz": 846147565,
                "mbytes": 10153.935344,
                "density": 0.49993959525898857
            },
            "sparsified L_memory": {
                "nnz": 16924996,
                "mbytes": 203.264516,
                "density": 0.01
            },
            "L_inv_memory": {
                "nnz": 16924996,
                "mbytes": 203.264516,
                "density": 0.01
            }
        }
    },
    "results": {
        "20": {
            "coverage": 0.0,
            "recall": {
                "mean": 0.33186743155313897,
                "std": 0.2548704391977442,
                "se": 0.001139815255002766,
                "min": 0.0,
                "max": 1.0,
                "percentiles": {
                    "1": 0.0,
                    "5": 0.0,
                    "10": 0.0,
                    "25": 0.14285714285714285,
                    "50": 0.2727272727272727,
                    "75": 0.5,
                    "90": 0.7142857142857143,
                    "95": 0.8,
                    "99": 1.0
                }
            },
            "ndcg": {
                "mean": 0.32279396070511285,
                "std": 0.25506392478106893,
                "se": 0.0011406805488367265,
                "min": 0.0,
                "max": 1.0000000000000002,
                "percentiles": {
                    "1": 0.0,
                    "5": 0.0,
                    "10": 0.0,
                    "25": 0.10549558423511038,
                    "50": 0.2838825044306718,
                    "75": 0.5000451680935877,
                    "90": 0.6992148198508501,
                    "95": 0.8015645764477665,
                    "99": 0.9550236580992476
                }
            }
        },
        "50": {
            "coverage": 0.0,
            "recall": {
                "mean": 0.4274860258090364,
                "std": 0.26595103035639167,
                "se": 0.0011893691651260038,
                "min": 0.0,
                "max": 1.0,
                "percentiles": {
                    "1": 0.0,
                    "5": 0.0,
                    "10": 0.1,
                    "25": 0.22727272727272727,
                    "50": 0.4,
                    "75": 0.6,
                    "90": 0.8,
                    "95": 0.9400588235294066,
                    "99": 1.0
                }
            },
            "ndcg": {
                "mean": 0.35910135836823853,
                "std": 0.25023686159375574,
                "se": 0.0011190932659996885,
                "min": 0.0,
                "max": 1.0000000000000002,
                "percentiles": {
                    "1": 0.0,
                    "5": 0.0,
                    "10": 0.05636685296094937,
                    "25": 0.15101961822780524,
                    "50": 0.3280005142283332,
                    "75": 0.5370091371949414,
                    "90": 0.7227265726449519,
                    "95": 0.8214144059512289,
                    "99": 0.9558295932317544
                }
            }
        },
        "100": {
            "coverage": 0.0,
            "recall": {
                "mean": 0.5098128689693436,
                "std": 0.26506111066860893,
                "se": 0.0011853893232932086,
                "min": 0.0,
                "max": 1.0,
                "percentiles": {
                    "1": 0.0,
                    "5": 0.08333333333333333,
                    "10": 0.16666666666666666,
                    "25": 0.3,
                    "50": 0.5,
                    "75": 0.7142857142857143,
                    "90": 0.875,
                    "95": 1.0,
                    "99": 1.0
                }
            },
            "ndcg": {
                "mean": 0.388236260589462,
                "std": 0.24742960861188223,
                "se": 0.0011065388490046721,
                "min": 0.0,
                "max": 1.0000000000000002,
                "percentiles": {
                    "1": 0.0,
                    "5": 0.039153733670406476,
                    "10": 0.07610811271330754,
                    "25": 0.18505910808442508,
                    "50": 0.36178649201532076,
                    "75": 0.5667384588948865,
                    "90": 0.7441612364912191,
                    "95": 0.8336022891623339,
                    "99": 0.9579538694174863
                }
            }
        }
    }
}