{
    "dataset": {
        "name": "msd",
        "rewrite": false
    },
    "split": {
        "n_val_users": 50000,
        "n_test_users": 50000,
        "seed": 42,
        "target_proportion": 0.2,
        "targets_newest": false
    },
    "model": {
        "general": {
            "model": "SANSA",
            "checkpoints_folder": "models/checkpoints/",
            "retrain": true,
            "save": false
        },
        "model_specific": {
            "l2": 200,
            "target_density": 0.01,
            "ainv_params": {
                "umr_scans": 3,
                "umr_finetune_steps": 5,
                "umr_loss_threshold": 0.0001
            },
            "ldlt_method": "cholmod"
        }
    },
    "evaluation": {
        "split": "test",
        "metrics": [
            "recall",
            "ndcg"
        ],
        "ks": [
            20,
            50,
            100
        ],
        "experiment_folder": "experiments/shorter_training"
    },
    "performance": {
        "time": {
            "ldlt_time": 118.48618440099926,
            "umr_scans_times": [
                5.836661593999452,
                47.12198986999829,
                69.98858443500103
            ],
            "umr_finetune_step_times": [
                2.4734170009996888,
                2.5368974169996363,
                2.5348994160012808,
                2.4412916239998594,
                2.4595762910012127
            ],
            "ainv_time": 172.48507554300159,
            "construct_weights_time": 292.1894993959995,
            "matmat_times": [
                0.048680918998798006,
                3.7918520489984076
            ],
            "predict_time": 5.236085095000817,
            "pipeline": {
                "dataset_load_time": 1.193756516000576,
                "dataset_split_time": 0.0,
                "data_preparation_time": 2.000824224000098,
                "model_preparation_time": 294.24549712800035,
                "evaluation_time": 159.01708967599916
            }
        },
        "memory": {
            "L_memory": {
                "nnz": 846147565,
                "mbytes": 10153.935344,
                "density": 0.49993959525898857
            },
            "sparsified L_memory": {
                "nnz": 16924996,
                "mbytes": 203.264516,
                "density": 0.01
            },
            "L_inv_memory": {
                "nnz": 16924996,
                "mbytes": 203.264516,
                "density": 0.01
            }
        }
    },
    "results": {
        "20": {
            "coverage": 0.0,
            "recall": {
                "mean": 0.33140707228615895,
                "std": 0.25449016046809647,
                "se": 0.0011381145968229868,
                "min": 0.0,
                "max": 1.0,
                "percentiles": {
                    "1": 0.0,
                    "5": 0.0,
                    "10": 0.0,
                    "25": 0.14285714285714285,
                    "50": 0.2727272727272727,
                    "75": 0.5,
                    "90": 0.7142857142857143,
                    "95": 0.8,
                    "99": 1.0
                }
            },
            "ndcg": {
                "mean": 0.3222556565113941,
                "std": 0.2547541238187849,
                "se": 0.001139295076814403,
                "min": 0.0,
                "max": 1.0000000000000002,
                "percentiles": {
                    "1": 0.0,
                    "5": 0.0,
                    "10": 0.0,
                    "25": 0.10511145019891743,
                    "50": 0.2840679480640816,
                    "75": 0.4988708510709796,
                    "90": 0.698849613806063,
                    "95": 0.8006321424051712,
                    "99": 0.9550253350822387
                }
            }
        },
        "50": {
            "coverage": 0.0,
            "recall": {
                "mean": 0.4273713177836577,
                "std": 0.2656624884518508,
                "se": 0.0011880787665001825,
                "min": 0.0,
                "max": 1.0,
                "percentiles": {
                    "1": 0.0,
                    "5": 0.0,
                    "10": 0.1,
                    "25": 0.22727272727272727,
                    "50": 0.4,
                    "75": 0.6,
                    "90": 0.8,
                    "95": 0.9333333333333333,
                    "99": 1.0
                }
            },
            "ndcg": {
                "mean": 0.3587371606960585,
                "std": 0.2499896892176133,
                "se": 0.001117987877529259,
                "min": 0.0,
                "max": 1.0000000000000002,
                "percentiles": {
                    "1": 0.0,
                    "5": 0.0,
                    "10": 0.056363593042710464,
                    "25": 0.15101961822780524,
                    "50": 0.3277843237692687,
                    "75": 0.5363664513563744,
                    "90": 0.7227265726449519,
                    "95": 0.8191570171544276,
                    "99": 0.9558295932317544
                }
            }
        },
        "100": {
            "coverage": 0.0,
            "recall": {
                "mean": 0.5095202606970648,
                "std": 0.2650733784156434,
                "se": 0.0011854441863258082,
                "min": 0.0,
                "max": 1.0,
                "percentiles": {
                    "1": 0.0,
                    "5": 0.08333333333333333,
                    "10": 0.17070399113082055,
                    "25": 0.3,
                    "50": 0.5,
                    "75": 0.7142857142857143,
                    "90": 0.875,
                    "95": 1.0,
                    "99": 1.0
                }
            },
            "ndcg": {
                "mean": 0.3878088336585828,
                "std": 0.24724609402681,
                "se": 0.0011057181468305038,
                "min": 0.0,
                "max": 1.0000000000000002,
                "percentiles": {
                    "1": 0.0,
                    "5": 0.039174258235747564,
                    "10": 0.07605458145297357,
                    "25": 0.18456682672264457,
                    "50": 0.36131797930819465,
                    "75": 0.5658125920664379,
                    "90": 0.7441431392699976,
                    "95": 0.8328304086893965,
                    "99": 0.9578751927058927
                }
            }
        }
    }
}