{
    "dataset": {
        "name": "msd",
        "rewrite": false
    },
    "split": {
        "n_val_users": 50000,
        "n_test_users": 50000,
        "seed": 42,
        "target_proportion": 0.2,
        "targets_newest": false
    },
    "model": {
        "general": {
            "model": "SANSA",
            "checkpoints_folder": "models/checkpoints/",
            "retrain": true,
            "save": false
        },
        "model_specific": {
            "l2": 200,
            "target_density": 0.0005,
            "ainv_params": {
                "umr_scans": 1,
                "umr_finetune_steps": 20,
                "umr_loss_threshold": 0.0001
            },
            "ldlt_method": "cholmod"
        }
    },
    "evaluation": {
        "split": "test",
        "metrics": [
            "recall",
            "ndcg"
        ],
        "ks": [
            20,
            50,
            100
        ],
        "experiment_folder": "experiments/shorter_training"
    },
    "performance": {
        "time": {
            "ldlt_time": 115.67358456600005,
            "umr_scans_times": [
                1.1582646899998963
            ],
            "umr_finetune_step_times": [
                0.01797538800019538,
                0.017899392999879638,
                0.017445884999915506,
                0.018710612999939258,
                0.016760559999966063,
                0.01553437200004737,
                0.01765993599997273,
                0.017829345999871293,
                0.017488640999999916,
                0.014727923999998893,
                0.016414874000020063,
                0.012548445999982505,
                0.014920765000169922,
                0.014688074000105189,
                0.014935281000134637,
                0.01534070899992912,
                0.01583590199993523,
                0.01673243100003674,
                0.016116858000032153,
                0.01852179600018644
            ],
            "ainv_time": 2.8796301920001497,
            "construct_weights_time": 118.98073596800009,
            "matmat_times": [
                0.0029571349998605,
                0.15137610600004336
            ],
            "predict_time": 0.700554436999937,
            "pipeline": {
                "dataset_load_time": 1.1792330719999882,
                "dataset_split_time": 0.0,
                "data_preparation_time": 1.9704579609999655,
                "model_preparation_time": 121.05533460699985,
                "evaluation_time": 38.44901601300012
            }
        },
        "memory": {
            "L_memory": {
                "nnz": 846147565,
                "mbytes": 10153.935344,
                "density": 0.49993959525898857
            },
            "sparsified L_memory": {
                "nnz": 846250,
                "mbytes": 10.319564,
                "density": 0.0005000001181684179
            },
            "L_inv_memory": {
                "nnz": 846249,
                "mbytes": 10.319552,
                "density": 0.0004999995273263284
            }
        }
    },
    "results": {
        "20": {
            "coverage": 0.0,
            "recall": {
                "mean": 0.2856851591175422,
                "std": 0.2322965850851498,
                "se": 0.0010388619103829176,
                "min": 0.0,
                "max": 1.0,
                "percentiles": {
                    "1": 0.0,
                    "5": 0.0,
                    "10": 0.0,
                    "25": 0.1111111111111111,
                    "50": 0.25,
                    "75": 0.42857142857142855,
                    "90": 0.6,
                    "95": 0.75,
                    "99": 1.0
                }
            },
            "ndcg": {
                "mean": 0.27187703747260544,
                "std": 0.22874734227004334,
                "se": 0.0010229892139764559,
                "min": 0.0,
                "max": 1.0,
                "percentiles": {
                    "1": 0.0,
                    "5": 0.0,
                    "10": 0.0,
                    "25": 0.08403317435933054,
                    "50": 0.23014565971586484,
                    "75": 0.42053539175887605,
                    "90": 0.608738522172088,
                    "95": 0.7089640100926906,
                    "99": 0.8697214442319265
                }
            }
        },
        "50": {
            "coverage": 0.0,
            "recall": {
                "mean": 0.3794051292036373,
                "std": 0.2509690332439932,
                "se": 0.0011223676371619469,
                "min": 0.0,
                "max": 1.0,
                "percentiles": {
                    "1": 0.0,
                    "5": 0.0,
                    "10": 0.06,
                    "25": 0.2,
                    "50": 0.3333333333333333,
                    "75": 0.5333333333333333,
                    "90": 0.75,
                    "95": 0.8333333333333334,
                    "99": 1.0
                }
            },
            "ndcg": {
                "mean": 0.3081400176408702,
                "std": 0.22760011309119932,
                "se": 0.0010178586491171229,
                "min": 0.0,
                "max": 1.0,
                "percentiles": {
                    "1": 0.0,
                    "5": 0.0,
                    "10": 0.03668402539519847,
                    "25": 0.12032875543455747,
                    "50": 0.2727905924625853,
                    "75": 0.4629486655396331,
                    "90": 0.6380275734316184,
                    "95": 0.7340357854438534,
                    "99": 0.8854768055899473
                }
            }
        },
        "100": {
            "coverage": 0.0,
            "recall": {
                "mean": 0.45739716642144973,
                "std": 0.2545695496340243,
                "se": 0.00113846963596637,
                "min": 0.0,
                "max": 1.0,
                "percentiles": {
                    "1": 0.0,
                    "5": 0.0,
                    "10": 0.14285714285714285,
                    "25": 0.25,
                    "50": 0.4444444444444444,
                    "75": 0.631578947368421,
                    "90": 0.8,
                    "95": 0.9,
                    "99": 1.0
                }
            },
            "ndcg": {
                "mean": 0.33585582898914473,
                "std": 0.22643352543223116,
                "se": 0.0010126415105027927,
                "min": 0.0,
                "max": 1.0,
                "percentiles": {
                    "1": 0.0,
                    "5": 0.0,
                    "10": 0.06266998842244202,
                    "25": 0.15126135884335934,
                    "50": 0.304599416143714,
                    "75": 0.4924382128958924,
                    "90": 0.66330592626314,
                    "95": 0.7528926315539717,
                    "99": 0.8929411265998336
                }
            }
        }
    }
}