{
    "dataset": {
        "name": "msd",
        "rewrite": false
    },
    "split": {
        "n_val_users": 50000,
        "n_test_users": 50000,
        "seed": 42,
        "target_proportion": 0.2,
        "targets_newest": false
    },
    "model": {
        "general": {
            "model": "SANSA",
            "checkpoints_folder": "models/checkpoints/",
            "retrain": true,
            "save": false
        },
        "model_specific": {
            "l2": 200,
            "target_density": 0.0025,
            "ainv_params": {
                "umr_scans": 0,
                "umr_finetune_steps": 10,
                "umr_loss_threshold": 0.0001
            },
            "ldlt_method": "cholmod"
        }
    },
    "evaluation": {
        "split": "test",
        "metrics": [
            "recall",
            "ndcg"
        ],
        "ks": [
            20,
            50,
            100
        ],
        "experiment_folder": "experiments/shorter_training"
    },
    "performance": {
        "time": {
            "ldlt_time": 118.61988485700022,
            "umr_scans_times": [],
            "umr_finetune_step_times": [
                0.18336023000028945,
                0.1676292869997269,
                0.16339223999966634,
                0.14523156599989306,
                0.13400323999940156,
                0.12480972899993503,
                0.1427731580006366,
                0.1161483979994955,
                0.12997094599995762,
                0.1307566539999243
            ],
            "ainv_time": 8.432590806999542,
            "construct_weights_time": 127.64924239599986,
            "matmat_times": [
                0.023509136000029685,
                0.8749877959999139
            ],
            "predict_time": 2.2437403060002907,
            "pipeline": {
                "dataset_load_time": 1.199811038000007,
                "dataset_split_time": 0.0,
                "data_preparation_time": 2.008102136999696,
                "model_preparation_time": 129.7551129120002,
                "evaluation_time": 82.89821227599987
            }
        },
        "memory": {
            "L_memory": {
                "nnz": 846147565,
                "mbytes": 10153.935344,
                "density": 0.49993959525898857
            },
            "sparsified L_memory": {
                "nnz": 4231249,
                "mbytes": 50.939552,
                "density": 0.0025
            },
            "L_inv_memory": {
                "nnz": 4231249,
                "mbytes": 50.939552,
                "density": 0.0025
            }
        }
    },
    "results": {
        "20": {
            "coverage": 0.0,
            "recall": {
                "mean": 0.28973469521534534,
                "std": 0.23524005618660315,
                "se": 0.0010520255133282292,
                "min": 0.0,
                "max": 1.0,
                "percentiles": {
                    "1": 0.0,
                    "5": 0.0,
                    "10": 0.0,
                    "25": 0.1111111111111111,
                    "50": 0.25,
                    "75": 0.42857142857142855,
                    "90": 0.6,
                    "95": 0.75,
                    "99": 1.0
                }
            },
            "ndcg": {
                "mean": 0.2755075867266967,
                "std": 0.23117072175118394,
                "se": 0.0010338268964866732,
                "min": 0.0,
                "max": 1.0,
                "percentiles": {
                    "1": 0.0,
                    "5": 0.0,
                    "10": 0.0,
                    "25": 0.08586742298856079,
                    "50": 0.2327059155688063,
                    "75": 0.42690398722680656,
                    "90": 0.6164336326286644,
                    "95": 0.7157012508381332,
                    "99": 0.8823803853388454
                }
            }
        },
        "50": {
            "coverage": 0.0,
            "recall": {
                "mean": 0.38367905891609605,
                "std": 0.25340070155057964,
                "se": 0.0011332423884264648,
                "min": 0.0,
                "max": 1.0,
                "percentiles": {
                    "1": 0.0,
                    "5": 0.0,
                    "10": 0.06666666666666667,
                    "25": 0.2,
                    "50": 0.3333333333333333,
                    "75": 0.5454545454545454,
                    "90": 0.75,
                    "95": 0.8333333333333334,
                    "99": 1.0
                }
            },
            "ndcg": {
                "mean": 0.31188740853861135,
                "std": 0.23008509319241888,
                "se": 0.0010289718179752455,
                "min": 0.0,
                "max": 1.0,
                "percentiles": {
                    "1": 0.0,
                    "5": 0.0,
                    "10": 0.03927070090309962,
                    "25": 0.12203928447476106,
                    "50": 0.2751644807261032,
                    "75": 0.466565359575038,
                    "90": 0.6464939789528272,
                    "95": 0.7425984166749823,
                    "99": 0.8983066508124307
                }
            }
        },
        "100": {
            "coverage": 0.0,
            "recall": {
                "mean": 0.46266620061354835,
                "std": 0.2556835655755706,
                "se": 0.001143451666713002,
                "min": 0.0,
                "max": 1.0,
                "percentiles": {
                    "1": 0.0,
                    "5": 0.0,
                    "10": 0.15,
                    "25": 0.25,
                    "50": 0.4482758620689655,
                    "75": 0.6428571428571429,
                    "90": 0.8,
                    "95": 0.9285714285714286,
                    "99": 1.0
                }
            },
            "ndcg": {
                "mean": 0.3398968650370206,
                "std": 0.22841829174932304,
                "se": 0.0010215176553117313,
                "min": 0.0,
                "max": 1.0,
                "percentiles": {
                    "1": 0.0,
                    "5": 0.0,
                    "10": 0.06369098129632131,
                    "25": 0.15357026149420852,
                    "50": 0.30802082447865986,
                    "75": 0.4965614923508118,
                    "90": 0.6720838011727202,
                    "95": 0.7607570475388284,
                    "99": 0.9039234871387298
                }
            }
        }
    }
}