{
    "dataset": {
        "name": "msd",
        "rewrite": false
    },
    "split": {
        "n_val_users": 50000,
        "n_test_users": 50000,
        "seed": 42,
        "target_proportion": 0.2,
        "targets_newest": false
    },
    "model": {
        "general": {
            "model": "SANSA",
            "checkpoints_folder": "models/checkpoints/",
            "retrain": true,
            "save": false
        },
        "model_specific": {
            "l2": 200,
            "target_density": 0.0005,
            "ainv_params": {
                "umr_scans": 0,
                "umr_finetune_steps": 10,
                "umr_loss_threshold": 0.0001
            },
            "ldlt_method": "cholmod"
        }
    },
    "evaluation": {
        "split": "test",
        "metrics": [
            "recall",
            "ndcg"
        ],
        "ks": [
            20,
            50,
            100
        ],
        "experiment_folder": "experiments/shorter_training"
    },
    "performance": {
        "time": {
            "ldlt_time": 115.60790868500004,
            "umr_scans_times": [],
            "umr_finetune_step_times": [
                0.019944165999959296,
                0.019742916000041077,
                0.01749845599999844,
                0.01881575899994914,
                0.016598163000026034,
                0.019376426000007996,
                0.01826738700003716,
                0.017381710999984534,
                0.01847444399993492,
                0.016492270000071585
            ],
            "ainv_time": 0.9168360710000343,
            "construct_weights_time": 116.949636548,
            "matmat_times": [
                0.003197544000045127,
                0.15275312699998267
            ],
            "predict_time": 0.7009477970000262,
            "pipeline": {
                "dataset_load_time": 1.1758986090000008,
                "dataset_split_time": 0.0,
                "data_preparation_time": 1.9759442390000004,
                "model_preparation_time": 118.97895134499998,
                "evaluation_time": 38.740836658000035
            }
        },
        "memory": {
            "L_memory": {
                "nnz": 846147565,
                "mbytes": 10153.935344,
                "density": 0.49993959525898857
            },
            "sparsified L_memory": {
                "nnz": 846250,
                "mbytes": 10.319564,
                "density": 0.0005000001181684179
            },
            "L_inv_memory": {
                "nnz": 846249,
                "mbytes": 10.319552,
                "density": 0.0004999995273263284
            }
        }
    },
    "results": {
        "20": {
            "coverage": 0.0,
            "recall": {
                "mean": 0.27344588956253585,
                "std": 0.2243841075742452,
                "se": 0.0010034762352132754,
                "min": 0.0,
                "max": 1.0,
                "percentiles": {
                    "1": 0.0,
                    "5": 0.0,
                    "10": 0.0,
                    "25": 0.10526315789473684,
                    "50": 0.25,
                    "75": 0.4,
                    "90": 0.6,
                    "95": 0.75,
                    "99": 1.0
                }
            },
            "ndcg": {
                "mean": 0.2600662380077665,
                "std": 0.22146627998739574,
                "se": 0.0009904273135516364,
                "min": 0.0,
                "max": 1.0,
                "percentiles": {
                    "1": 0.0,
                    "5": 0.0,
                    "10": 0.0,
                    "25": 0.07945707943276742,
                    "50": 0.21646522593644202,
                    "75": 0.4022474872460677,
                    "90": 0.5855700749881525,
                    "95": 0.6826609867028255,
                    "99": 0.843537875344446
                }
            }
        },
        "50": {
            "coverage": 0.0,
            "recall": {
                "mean": 0.3662842285544098,
                "std": 0.24419500932504304,
                "se": 0.0010920732812339825,
                "min": 0.0,
                "max": 1.0,
                "percentiles": {
                    "1": 0.0,
                    "5": 0.0,
                    "10": 0.04338575393154537,
                    "25": 0.2,
                    "50": 0.3333333333333333,
                    "75": 0.5,
                    "90": 0.75,
                    "95": 0.8,
                    "99": 1.0
                }
            },
            "ndcg": {
                "mean": 0.2958747042549385,
                "std": 0.22039250358699478,
                "se": 0.000985625239503773,
                "min": 0.0,
                "max": 1.0,
                "percentiles": {
                    "1": 0.0,
                    "5": 0.0,
                    "10": 0.026922640830662207,
                    "25": 0.11382607598492919,
                    "50": 0.25950396157053346,
                    "75": 0.44384136054497436,
                    "90": 0.618296961702927,
                    "95": 0.7104520284303093,
                    "99": 0.8593514614159266
                }
            }
        },
        "100": {
            "coverage": 0.0,
            "recall": {
                "mean": 0.44377934032811944,
                "std": 0.24888603025520076,
                "se": 0.0011130521646013965,
                "min": 0.0,
                "max": 1.0,
                "percentiles": {
                    "1": 0.0,
                    "5": 0.0,
                    "10": 0.14285714285714285,
                    "25": 0.25,
                    "50": 0.42857142857142855,
                    "75": 0.6,
                    "90": 0.7857142857142857,
                    "95": 0.8666666666666667,
                    "99": 1.0
                }
            },
            "ndcg": {
                "mean": 0.3234150746246842,
                "std": 0.2195538436813219,
                "se": 0.0009818746383855968,
                "min": 0.0,
                "max": 1.0,
                "percentiles": {
                    "1": 0.0,
                    "5": 0.0,
                    "10": 0.06065881345112159,
                    "25": 0.1456662091078894,
                    "50": 0.29212629520292,
                    "75": 0.47341317139292316,
                    "90": 0.640673354948244,
                    "95": 0.7284122698233102,
                    "99": 0.8685479962341867
                }
            }
        }
    }
}