{
    "dataset": {
        "name": "msd",
        "rewrite": false
    },
    "split": {
        "n_val_users": 50000,
        "n_test_users": 50000,
        "seed": 42,
        "target_proportion": 0.2,
        "targets_newest": false
    },
    "model": {
        "general": {
            "model": "SANSA",
            "checkpoints_folder": "models/checkpoints/",
            "retrain": true,
            "save": false
        },
        "model_specific": {
            "l2": 200,
            "target_density": 0.0005,
            "ainv_params": {
                "umr_scans": 4,
                "umr_finetune_steps": 10,
                "umr_loss_threshold": 0.0001
            },
            "ldlt_method": "cholmod"
        }
    },
    "evaluation": {
        "split": "test",
        "metrics": [
            "recall",
            "ndcg"
        ],
        "ks": [
            20,
            50,
            100
        ],
        "experiment_folder": "experiments/shorter_training"
    },
    "performance": {
        "time": {
            "ldlt_time": 115.45975948500018,
            "umr_scans_times": [
                1.1336888350001573,
                11.52196522300028,
                21.834945124000114,
                21.863108831000318
            ],
            "umr_finetune_step_times": [
                0.015168076999998448,
                0.01755861299989192,
                0.018213656000170886,
                0.016707035999843356,
                0.01935915700005353,
                0.019939888999942923,
                0.020641174000047613,
                0.019172492000052443,
                0.021710413999699085,
                0.020827576000101544
            ],
            "ainv_time": 57.49654065499999,
            "construct_weights_time": 173.4085457389997,
            "matmat_times": [
                0.002888725000047998,
                0.15470557300022847
            ],
            "predict_time": 0.7124254379996273,
            "pipeline": {
                "dataset_load_time": 1.1776081439998052,
                "dataset_split_time": 0.0,
                "data_preparation_time": 1.9663593509999373,
                "model_preparation_time": 175.47618565799985,
                "evaluation_time": 38.758081779999884
            }
        },
        "memory": {
            "L_memory": {
                "nnz": 846147565,
                "mbytes": 10153.935344,
                "density": 0.49993959525898857
            },
            "sparsified L_memory": {
                "nnz": 846250,
                "mbytes": 10.319564,
                "density": 0.0005000001181684179
            },
            "L_inv_memory": {
                "nnz": 846249,
                "mbytes": 10.319552,
                "density": 0.0004999995273263284
            }
        }
    },
    "results": {
        "20": {
            "coverage": 0.0,
            "recall": {
                "mean": 0.32828391290529224,
                "std": 0.25430485739735814,
                "se": 0.001137285896297766,
                "min": 0.0,
                "max": 1.0,
                "percentiles": {
                    "1": 0.0,
                    "5": 0.0,
                    "10": 0.0,
                    "25": 0.14285714285714285,
                    "50": 0.2727272727272727,
                    "75": 0.5,
                    "90": 0.7142857142857143,
                    "95": 0.8,
                    "99": 1.0
                }
            },
            "ndcg": {
                "mean": 0.31968191798534645,
                "std": 0.2546649895555753,
                "se": 0.0011388964562710807,
                "min": 0.0,
                "max": 1.0000000000000002,
                "percentiles": {
                    "1": 0.0,
                    "5": 0.0,
                    "10": 0.0,
                    "25": 0.10209739512291163,
                    "50": 0.27816587436779855,
                    "75": 0.49662151810748656,
                    "90": 0.6975575013726609,
                    "95": 0.7987466587646785,
                    "99": 0.9521019926080866
                }
            }
        },
        "50": {
            "coverage": 0.0,
            "recall": {
                "mean": 0.4223008943114123,
                "std": 0.2657003742069851,
                "se": 0.001188248196747901,
                "min": 0.0,
                "max": 1.0,
                "percentiles": {
                    "1": 0.0,
                    "5": 0.0,
                    "10": 0.1,
                    "25": 0.2222222222222222,
                    "50": 0.4,
                    "75": 0.6,
                    "90": 0.8,
                    "95": 0.9230769230769231,
                    "99": 1.0
                }
            },
            "ndcg": {
                "mean": 0.3554601377758401,
                "std": 0.2501417182182798,
                "se": 0.0011186677718893424,
                "min": 0.0,
                "max": 1.0000000000000002,
                "percentiles": {
                    "1": 0.0,
                    "5": 0.0,
                    "10": 0.0536436059241274,
                    "25": 0.1486617754975773,
                    "50": 0.32327366512076106,
                    "75": 0.5321419948412766,
                    "90": 0.7206513230372407,
                    "95": 0.8193886176227273,
                    "99": 0.9550236580992476
                }
            }
        },
        "100": {
            "coverage": 0.0,
            "recall": {
                "mean": 0.500857662449892,
                "std": 0.2658202687222217,
                "se": 0.0011887843813202978,
                "min": 0.0,
                "max": 1.0,
                "percentiles": {
                    "1": 0.0,
                    "5": 0.058823529411764705,
                    "10": 0.16666666666666666,
                    "25": 0.2857142857142857,
                    "50": 0.5,
                    "75": 0.7142857142857143,
                    "90": 0.8571428571428571,
                    "95": 1.0,
                    "99": 1.0
                }
            },
            "ndcg": {
                "mean": 0.3833854792443023,
                "std": 0.2478196684919858,
                "se": 0.001108283249819086,
                "min": 0.0,
                "max": 1.0000000000000002,
                "percentiles": {
                    "1": 0.0,
                    "5": 0.02910333218787947,
                    "10": 0.07255060795674599,
                    "25": 0.1778474425469545,
                    "50": 0.3553257227767793,
                    "75": 0.5615699319327384,
                    "90": 0.7408827239098817,
                    "95": 0.8320922421542819,
                    "99": 0.9558295932317544
                }
            }
        }
    }
}