{
    "dataset": {
        "name": "msd",
        "rewrite": false
    },
    "split": {
        "n_val_users": 50000,
        "n_test_users": 50000,
        "seed": 42,
        "target_proportion": 0.2,
        "targets_newest": false
    },
    "model": {
        "general": {
            "model": "SANSA",
            "checkpoints_folder": "models/checkpoints/",
            "retrain": true,
            "save": false
        },
        "model_specific": {
            "l2": 200,
            "target_density": 0.0005,
            "ainv_params": {
                "umr_scans": 2,
                "umr_finetune_steps": 5,
                "umr_loss_threshold": 0.0001
            },
            "ldlt_method": "cholmod"
        }
    },
    "evaluation": {
        "split": "test",
        "metrics": [
            "recall",
            "ndcg"
        ],
        "ks": [
            20,
            50,
            100
        ],
        "experiment_folder": "experiments/shorter_training"
    },
    "performance": {
        "time": {
            "ldlt_time": 115.63393561299995,
            "umr_scans_times": [
                1.111802371000067,
                11.624699092000128
            ],
            "umr_finetune_step_times": [
                0.016142846000093414,
                0.019764675000033094,
                0.018724596000083693,
                0.014677017999929376,
                0.013212942999871302
            ],
            "ainv_time": 13.365205662000108,
            "construct_weights_time": 129.43254808300003,
            "matmat_times": [
                0.003161141999953543,
                0.1559178370000609
            ],
            "predict_time": 0.7120299709999927,
            "pipeline": {
                "dataset_load_time": 1.1749939380001706,
                "dataset_split_time": 0.0,
                "data_preparation_time": 1.9620557149999058,
                "model_preparation_time": 131.4599811359999,
                "evaluation_time": 38.695838086000094
            }
        },
        "memory": {
            "L_memory": {
                "nnz": 846147565,
                "mbytes": 10153.935344,
                "density": 0.49993959525898857
            },
            "sparsified L_memory": {
                "nnz": 846250,
                "mbytes": 10.319564,
                "density": 0.0005000001181684179
            },
            "L_inv_memory": {
                "nnz": 846249,
                "mbytes": 10.319552,
                "density": 0.0004999995273263284
            }
        }
    },
    "results": {
        "20": {
            "coverage": 0.0,
            "recall": {
                "mean": 0.3237819698152724,
                "std": 0.2530412563396588,
                "se": 0.0011316349005748535,
                "min": 0.0,
                "max": 1.0,
                "percentiles": {
                    "1": 0.0,
                    "5": 0.0,
                    "10": 0.0,
                    "25": 0.14285714285714285,
                    "50": 0.25,
                    "75": 0.5,
                    "90": 0.7,
                    "95": 0.8,
                    "99": 1.0
                }
            },
            "ndcg": {
                "mean": 0.314085315829009,
                "std": 0.2526608981439337,
                "se": 0.0011299338870119724,
                "min": 0.0,
                "max": 1.0000000000000002,
                "percentiles": {
                    "1": 0.0,
                    "5": 0.0,
                    "10": 0.0,
                    "25": 0.09981917785355363,
                    "50": 0.27362312050622783,
                    "75": 0.490019804329858,
                    "90": 0.6869777710985557,
                    "95": 0.7897333129510935,
                    "99": 0.9440608740670333
                }
            }
        },
        "50": {
            "coverage": 0.0,
            "recall": {
                "mean": 0.4171066631248381,
                "std": 0.2650764167606221,
                "se": 0.0011854577742176312,
                "min": 0.0,
                "max": 1.0,
                "percentiles": {
                    "1": 0.0,
                    "5": 0.0,
                    "10": 0.09090909090909091,
                    "25": 0.21739130434782608,
                    "50": 0.4,
                    "75": 0.6,
                    "90": 0.8,
                    "95": 0.9090909090909091,
                    "99": 1.0
                }
            },
            "ndcg": {
                "mean": 0.34967196690248675,
                "std": 0.24858329481712282,
                "se": 0.0011116982905639155,
                "min": 0.0,
                "max": 1.0000000000000002,
                "percentiles": {
                    "1": 0.0,
                    "5": 0.0,
                    "10": 0.050645684339779416,
                    "25": 0.14351823280252435,
                    "50": 0.3163697767500179,
                    "75": 0.5229050600236186,
                    "90": 0.7136920074970529,
                    "95": 0.8104617183810394,
                    "99": 0.9501318016577244
                }
            }
        },
        "100": {
            "coverage": 0.0,
            "recall": {
                "mean": 0.49561306280224077,
                "std": 0.26545311494660057,
                "se": 0.0011871424197193287,
                "min": 0.0,
                "max": 1.0,
                "percentiles": {
                    "1": 0.0,
                    "5": 0.0,
                    "10": 0.16666666666666666,
                    "25": 0.2857142857142857,
                    "50": 0.5,
                    "75": 0.7,
                    "90": 0.8571428571428571,
                    "95": 1.0,
                    "99": 1.0
                }
            },
            "ndcg": {
                "mean": 0.3775543299428629,
                "std": 0.24637175838917252,
                "se": 0.0011018079989886878,
                "min": 0.0,
                "max": 1.0000000000000002,
                "percentiles": {
                    "1": 0.0,
                    "5": 0.0,
                    "10": 0.07055027364787363,
                    "25": 0.17342765698823945,
                    "50": 0.34846297047010283,
                    "75": 0.5546659607573982,
                    "90": 0.7340139433890907,
                    "95": 0.828797676034225,
                    "99": 0.9521599070373459
                }
            }
        }
    }
}