{
    "dataset": {
        "name": "msd",
        "rewrite": false
    },
    "split": {
        "n_val_users": 50000,
        "n_test_users": 50000,
        "seed": 42,
        "target_proportion": 0.2,
        "targets_newest": false
    },
    "model": {
        "general": {
            "model": "SANSA",
            "checkpoints_folder": "models/checkpoints/",
            "retrain": true,
            "save": false
        },
        "model_specific": {
            "l2": 200,
            "target_density": 0.0005,
            "ainv_params": {
                "umr_scans": 3,
                "umr_finetune_steps": 0,
                "umr_loss_threshold": 0.0001
            },
            "ldlt_method": "cholmod"
        }
    },
    "evaluation": {
        "split": "test",
        "metrics": [
            "recall",
            "ndcg"
        ],
        "ks": [
            20,
            50,
            100
        ],
        "experiment_folder": "experiments/shorter_training"
    },
    "performance": {
        "time": {
            "ldlt_time": 115.2842418539999,
            "umr_scans_times": [
                1.12028017800003,
                11.418775419000212,
                21.901031530999717
            ],
            "umr_finetune_step_times": [],
            "ainv_time": 34.70819579600038,
            "construct_weights_time": 150.44301574700012,
            "matmat_times": [
                0.0029346500000428932,
                0.15596755599972312
            ],
            "predict_time": 0.7153653899999881,
            "pipeline": {
                "dataset_load_time": 1.1757070969997585,
                "dataset_split_time": 0.0,
                "data_preparation_time": 1.964884618999804,
                "model_preparation_time": 152.45445433400027,
                "evaluation_time": 38.805453885000134
            }
        },
        "memory": {
            "L_memory": {
                "nnz": 846147565,
                "mbytes": 10153.935344,
                "density": 0.49993959525898857
            },
            "sparsified L_memory": {
                "nnz": 846250,
                "mbytes": 10.319564,
                "density": 0.0005000001181684179
            },
            "L_inv_memory": {
                "nnz": 846249,
                "mbytes": 10.319552,
                "density": 0.0004999995273263284
            }
        }
    },
    "results": {
        "20": {
            "coverage": 0.0,
            "recall": {
                "mean": 0.32778240396497205,
                "std": 0.25395806664644194,
                "se": 0.0011357350009117324,
                "min": 0.0,
                "max": 1.0,
                "percentiles": {
                    "1": 0.0,
                    "5": 0.0,
                    "10": 0.0,
                    "25": 0.14285714285714285,
                    "50": 0.26666666666666666,
                    "75": 0.5,
                    "90": 0.7142857142857143,
                    "95": 0.8,
                    "99": 1.0
                }
            },
            "ndcg": {
                "mean": 0.31905812916559,
                "std": 0.25432717191430154,
                "se": 0.0011373856898513072,
                "min": 0.0,
                "max": 1.0000000000000002,
                "percentiles": {
                    "1": 0.0,
                    "5": 0.0,
                    "10": 0.0,
                    "25": 0.10209739512291163,
                    "50": 0.27727342735504823,
                    "75": 0.49394517682785766,
                    "90": 0.6964020220067998,
                    "95": 0.7977975347037831,
                    "99": 0.9519715877151662
                }
            }
        },
        "50": {
            "coverage": 0.0,
            "recall": {
                "mean": 0.4218846029892756,
                "std": 0.265519121124554,
                "se": 0.0011874376083210064,
                "min": 0.0,
                "max": 1.0,
                "percentiles": {
                    "1": 0.0,
                    "5": 0.0,
                    "10": 0.1,
                    "25": 0.2222222222222222,
                    "50": 0.4,
                    "75": 0.6,
                    "90": 0.8,
                    "95": 0.9230769230769231,
                    "99": 1.0
                }
            },
            "ndcg": {
                "mean": 0.35489641284469237,
                "std": 0.24991236659206736,
                "se": 0.0011176420802354202,
                "min": 0.0,
                "max": 1.0000000000000002,
                "percentiles": {
                    "1": 0.0,
                    "5": 0.0,
                    "10": 0.053812561788940415,
                    "25": 0.14805171504751613,
                    "50": 0.32235534031102336,
                    "75": 0.5311907670653011,
                    "90": 0.7195910746645711,
                    "95": 0.8171969510473406,
                    "99": 0.9550236580992476
                }
            }
        },
        "100": {
            "coverage": 0.0,
            "recall": {
                "mean": 0.4999247231842652,
                "std": 0.26566232900622466,
                "se": 0.001188078053437665,
                "min": 0.0,
                "max": 1.0,
                "percentiles": {
                    "1": 0.0,
                    "5": 0.058823529411764705,
                    "10": 0.16666666666666666,
                    "25": 0.2857142857142857,
                    "50": 0.5,
                    "75": 0.7142857142857143,
                    "90": 0.8571428571428571,
                    "95": 1.0,
                    "99": 1.0
                }
            },
            "ndcg": {
                "mean": 0.3826706089000328,
                "std": 0.24762791126852962,
                "se": 0.001107425685445437,
                "min": 0.0,
                "max": 1.0000000000000002,
                "percentiles": {
                    "1": 0.0,
                    "5": 0.02969760334056676,
                    "10": 0.07223616005000245,
                    "25": 0.17813447769075458,
                    "50": 0.3549434592896364,
                    "75": 0.5600958667936204,
                    "90": 0.7406583200375852,
                    "95": 0.8318724637288826,
                    "99": 0.9558295932317544
                }
            }
        }
    }
}