{
    "dataset": {
        "name": "msd",
        "rewrite": false
    },
    "split": {
        "n_val_users": 50000,
        "n_test_users": 50000,
        "seed": 42,
        "target_proportion": 0.2,
        "targets_newest": false
    },
    "model": {
        "general": {
            "model": "SANSA",
            "checkpoints_folder": "models/checkpoints/",
            "retrain": true,
            "save": false
        },
        "model_specific": {
            "l2": 200,
            "target_density": 0.01,
            "ainv_params": {
                "umr_scans": 3,
                "umr_finetune_steps": 0,
                "umr_loss_threshold": 0.0001
            },
            "ldlt_method": "cholmod"
        }
    },
    "evaluation": {
        "split": "test",
        "metrics": [
            "recall",
            "ndcg"
        ],
        "ks": [
            20,
            50,
            100
        ],
        "experiment_folder": "experiments/shorter_training"
    },
    "performance": {
        "time": {
            "ldlt_time": 120.11322281699904,
            "umr_scans_times": [
                5.8631616509992455,
                47.175863139000285,
                70.15131660100087
            ],
            "umr_finetune_step_times": [],
            "ainv_time": 140.12892765499964,
            "construct_weights_time": 261.454173230999,
            "matmat_times": [
                0.04894131000037305,
                3.796833855998557
            ],
            "predict_time": 5.242042116000448,
            "pipeline": {
                "dataset_load_time": 1.2040381709994108,
                "dataset_split_time": 0.0,
                "data_preparation_time": 2.020247100001143,
                "model_preparation_time": 263.59032591399955,
                "evaluation_time": 159.7712223890012
            }
        },
        "memory": {
            "L_memory": {
                "nnz": 846147565,
                "mbytes": 10153.935344,
                "density": 0.49993959525898857
            },
            "sparsified L_memory": {
                "nnz": 16924996,
                "mbytes": 203.264516,
                "density": 0.01
            },
            "L_inv_memory": {
                "nnz": 16924996,
                "mbytes": 203.264516,
                "density": 0.01
            }
        }
    },
    "results": {
        "20": {
            "coverage": 0.0,
            "recall": {
                "mean": 0.3304839673993877,
                "std": 0.2542638959703965,
                "se": 0.0011371027112274828,
                "min": 0.0,
                "max": 1.0,
                "percentiles": {
                    "1": 0.0,
                    "5": 0.0,
                    "10": 0.0,
                    "25": 0.14285714285714285,
                    "50": 0.2727272727272727,
                    "75": 0.5,
                    "90": 0.7142857142857143,
                    "95": 0.8,
                    "99": 1.0
                }
            },
            "ndcg": {
                "mean": 0.3211713827726439,
                "std": 0.25430039301468904,
                "se": 0.0011372659309715147,
                "min": 0.0,
                "max": 1.0000000000000002,
                "percentiles": {
                    "1": 0.0,
                    "5": 0.0,
                    "10": 0.0,
                    "25": 0.10368061445733293,
                    "50": 0.28171558165176136,
                    "75": 0.4966652788193339,
                    "90": 0.6975372726615131,
                    "95": 0.7987183352364463,
                    "99": 0.9535862477646257
                }
            }
        },
        "50": {
            "coverage": 0.0,
            "recall": {
                "mean": 0.42618239488730664,
                "std": 0.2654134421308818,
                "se": 0.0011869649974937167,
                "min": 0.0,
                "max": 1.0,
                "percentiles": {
                    "1": 0.0,
                    "5": 0.0,
                    "10": 0.1,
                    "25": 0.2222222222222222,
                    "50": 0.4,
                    "75": 0.6,
                    "90": 0.8,
                    "95": 0.9285714285714286,
                    "99": 1.0
                }
            },
            "ndcg": {
                "mean": 0.3576585886839069,
                "std": 0.24972535419460232,
                "se": 0.001116805735368686,
                "min": 0.0,
                "max": 1.0000000000000002,
                "percentiles": {
                    "1": 0.0,
                    "5": 0.0,
                    "10": 0.05601843521033356,
                    "25": 0.15073971826273214,
                    "50": 0.3264608876364574,
                    "75": 0.5344857621491959,
                    "90": 0.7225051146449021,
                    "95": 0.8177432223549856,
                    "99": 0.9558328248086729
                }
            }
        },
        "100": {
            "coverage": 0.0,
            "recall": {
                "mean": 0.5080383451649182,
                "std": 0.26503991725346626,
                "se": 0.00118529454345934,
                "min": 0.0,
                "max": 1.0,
                "percentiles": {
                    "1": 0.0,
                    "5": 0.08333333333333333,
                    "10": 0.16666666666666666,
                    "25": 0.3,
                    "50": 0.5,
                    "75": 0.7142857142857143,
                    "90": 0.875,
                    "95": 1.0,
                    "99": 1.0
                }
            },
            "ndcg": {
                "mean": 0.38664671484889884,
                "std": 0.2470331331726088,
                "se": 0.001104765756937423,
                "min": 0.0,
                "max": 1.0000000000000002,
                "percentiles": {
                    "1": 0.0,
                    "5": 0.03832180332152373,
                    "10": 0.07550980911390262,
                    "25": 0.18350166662919898,
                    "50": 0.35990310622230093,
                    "75": 0.5648314827794558,
                    "90": 0.743100679004844,
                    "95": 0.8318724637288826,
                    "99": 0.9576545367565173
                }
            }
        }
    }
}