{
    "dataset": {
        "name": "msd",
        "rewrite": false
    },
    "split": {
        "n_val_users": 50000,
        "n_test_users": 50000,
        "seed": 42,
        "target_proportion": 0.2,
        "targets_newest": false
    },
    "model": {
        "general": {
            "model": "SANSA",
            "checkpoints_folder": "models/checkpoints/",
            "retrain": true,
            "save": false
        },
        "model_specific": {
            "l2": 200,
            "target_density": 0.0025,
            "ainv_params": {
                "umr_scans": 1,
                "umr_finetune_steps": 5,
                "umr_loss_threshold": 0.0001
            },
            "ldlt_method": "cholmod"
        }
    },
    "evaluation": {
        "split": "test",
        "metrics": [
            "recall",
            "ndcg"
        ],
        "ks": [
            20,
            50,
            100
        ],
        "experiment_folder": "experiments/shorter_training"
    },
    "performance": {
        "time": {
            "ldlt_time": 114.52840787100013,
            "umr_scans_times": [
                3.063164295000206
            ],
            "umr_finetune_step_times": [
                0.13499622400013322,
                0.13606253399939305,
                0.13686991600025067,
                0.15422500699969532,
                0.11425582199990458
            ],
            "ainv_time": 8.0583708260001,
            "construct_weights_time": 123.18408657500004,
            "matmat_times": [
                0.01680473400028859,
                0.8794748500004061
            ],
            "predict_time": 2.238006375000623,
            "pipeline": {
                "dataset_load_time": 1.1651993579998816,
                "dataset_split_time": 0.0,
                "data_preparation_time": 1.9463877710004454,
                "model_preparation_time": 125.17803385700063,
                "evaluation_time": 82.73803214999953
            }
        },
        "memory": {
            "L_memory": {
                "nnz": 846147565,
                "mbytes": 10153.935344,
                "density": 0.49993959525898857
            },
            "sparsified L_memory": {
                "nnz": 4231249,
                "mbytes": 50.939552,
                "density": 0.0025
            },
            "L_inv_memory": {
                "nnz": 4231249,
                "mbytes": 50.939552,
                "density": 0.0025
            }
        }
    },
    "results": {
        "20": {
            "coverage": 0.0,
            "recall": {
                "mean": 0.2813917918937788,
                "std": 0.2299833929445307,
                "se": 0.0010285170006400324,
                "min": 0.0,
                "max": 1.0,
                "percentiles": {
                    "1": 0.0,
                    "5": 0.0,
                    "10": 0.0,
                    "25": 0.1111111111111111,
                    "50": 0.25,
                    "75": 0.4166666666666667,
                    "90": 0.6,
                    "95": 0.75,
                    "99": 1.0
                }
            },
            "ndcg": {
                "mean": 0.26742073640763164,
                "std": 0.22619022866102187,
                "se": 0.0010115534542645323,
                "min": 0.0,
                "max": 1.0,
                "percentiles": {
                    "1": 0.0,
                    "5": 0.0,
                    "10": 0.0,
                    "25": 0.08274602130532002,
                    "50": 0.22400556151517556,
                    "75": 0.4140299730947319,
                    "90": 0.5995639071091176,
                    "95": 0.6994625533853097,
                    "99": 0.8604300017699875
                }
            }
        },
        "50": {
            "coverage": 0.0,
            "recall": {
                "mean": 0.3744610219290684,
                "std": 0.24880160374507715,
                "se": 0.0011126745977699175,
                "min": 0.0,
                "max": 1.0,
                "percentiles": {
                    "1": 0.0,
                    "5": 0.0,
                    "10": 0.058823529411764705,
                    "25": 0.2,
                    "50": 0.3333333333333333,
                    "75": 0.5,
                    "90": 0.75,
                    "95": 0.8333333333333334,
                    "99": 1.0
                }
            },
            "ndcg": {
                "mean": 0.3034391741938807,
                "std": 0.22532779485929272,
                "se": 0.0010076965330510124,
                "min": 0.0,
                "max": 1.0,
                "percentiles": {
                    "1": 0.0,
                    "5": 0.0,
                    "10": 0.035732694488829875,
                    "25": 0.11751610475642714,
                    "50": 0.26668927998166003,
                    "75": 0.4548439637541293,
                    "90": 0.6347457384199161,
                    "95": 0.7247954762030584,
                    "99": 0.8796784399928228
                }
            }
        },
        "100": {
            "coverage": 0.0,
            "recall": {
                "mean": 0.4526451441082568,
                "std": 0.25180423616602066,
                "se": 0.0011261027781792664,
                "min": 0.0,
                "max": 1.0,
                "percentiles": {
                    "1": 0.0,
                    "5": 0.0,
                    "10": 0.14285714285714285,
                    "25": 0.25,
                    "50": 0.4375,
                    "75": 0.625,
                    "90": 0.8,
                    "95": 0.8888888888888888,
                    "99": 1.0
                }
            },
            "ndcg": {
                "mean": 0.33115190405927475,
                "std": 0.223725164551267,
                "se": 0.0010005293524279184,
                "min": 0.0,
                "max": 1.0,
                "percentiles": {
                    "1": 0.0,
                    "5": 0.0,
                    "10": 0.06232251102229193,
                    "25": 0.14962077235512852,
                    "50": 0.2995729664980919,
                    "75": 0.48382747810671195,
                    "90": 0.6550245913413593,
                    "95": 0.7444872506394294,
                    "99": 0.8847865616135925
                }
            }
        }
    }
}