{
    "dataset": {
        "name": "msd",
        "rewrite": false
    },
    "split": {
        "n_val_users": 50000,
        "n_test_users": 50000,
        "seed": 42,
        "target_proportion": 0.2,
        "targets_newest": false
    },
    "model": {
        "general": {
            "model": "SANSA",
            "checkpoints_folder": "models/checkpoints/",
            "retrain": true,
            "save": false
        },
        "model_specific": {
            "l2": 200,
            "target_density": 0.01,
            "ainv_params": {
                "umr_scans": 2,
                "umr_finetune_steps": 0,
                "umr_loss_threshold": 0.0001
            },
            "ldlt_method": "cholmod"
        }
    },
    "evaluation": {
        "split": "test",
        "metrics": [
            "recall",
            "ndcg"
        ],
        "ks": [
            20,
            50,
            100
        ],
        "experiment_folder": "experiments/shorter_training"
    },
    "performance": {
        "time": {
            "ldlt_time": 115.82106697000017,
            "umr_scans_times": [
                5.797778111000298,
                46.58493634499973
            ],
            "umr_finetune_step_times": [],
            "ainv_time": 64.77897592699992,
            "construct_weights_time": 181.79635130299903,
            "matmat_times": [
                0.04793857500044396,
                3.7915218400012236
            ],
            "predict_time": 5.236368711999603,
            "pipeline": {
                "dataset_load_time": 1.1739260129998002,
                "dataset_split_time": 0.0,
                "data_preparation_time": 1.9639285890007159,
                "model_preparation_time": 183.96245506299965,
                "evaluation_time": 158.68362613999852
            }
        },
        "memory": {
            "L_memory": {
                "nnz": 846147565,
                "mbytes": 10153.935344,
                "density": 0.49993959525898857
            },
            "sparsified L_memory": {
                "nnz": 16924996,
                "mbytes": 203.264516,
                "density": 0.01
            },
            "L_inv_memory": {
                "nnz": 16924996,
                "mbytes": 203.264516,
                "density": 0.01
            }
        }
    },
    "results": {
        "20": {
            "coverage": 0.0,
            "recall": {
                "mean": 0.3257210281389577,
                "std": 0.25343092389807054,
                "se": 0.0011333775468733234,
                "min": 0.0,
                "max": 1.0,
                "percentiles": {
                    "1": 0.0,
                    "5": 0.0,
                    "10": 0.0,
                    "25": 0.14285714285714285,
                    "50": 0.25,
                    "75": 0.5,
                    "90": 0.7142857142857143,
                    "95": 0.8,
                    "99": 1.0
                }
            },
            "ndcg": {
                "mean": 0.3153788044243462,
                "std": 0.25271977743538465,
                "se": 0.0011301972032082752,
                "min": 0.0,
                "max": 1.0000000000000002,
                "percentiles": {
                    "1": 0.0,
                    "5": 0.0,
                    "10": 0.0,
                    "25": 0.10086747116627115,
                    "50": 0.27487633291429087,
                    "75": 0.49090567530015194,
                    "90": 0.6886342695939197,
                    "95": 0.7911803154723308,
                    "99": 0.9460272322545816
                }
            }
        },
        "50": {
            "coverage": 0.0,
            "recall": {
                "mean": 0.4206620731683039,
                "std": 0.26487765292734367,
                "se": 0.0011845688753322732,
                "min": 0.0,
                "max": 1.0,
                "percentiles": {
                    "1": 0.0,
                    "5": 0.0,
                    "10": 0.1,
                    "25": 0.2222222222222222,
                    "50": 0.4,
                    "75": 0.6,
                    "90": 0.8,
                    "95": 0.9166666666666666,
                    "99": 1.0
                }
            },
            "ndcg": {
                "mean": 0.35162376833770603,
                "std": 0.2483608833803388,
                "se": 0.0011107036363806706,
                "min": 0.0,
                "max": 1.0000000000000002,
                "percentiles": {
                    "1": 0.0,
                    "5": 0.0,
                    "10": 0.053812561788940415,
                    "25": 0.14606834984270645,
                    "50": 0.31920097180688256,
                    "75": 0.5249864891844684,
                    "90": 0.7146912775148602,
                    "95": 0.8110727205618103,
                    "99": 0.951231200062686
                }
            }
        },
        "100": {
            "coverage": 0.0,
            "recall": {
                "mean": 0.5021497610352058,
                "std": 0.26483786038347246,
                "se": 0.001184390917666086,
                "min": 0.0,
                "max": 1.0,
                "percentiles": {
                    "1": 0.0,
                    "5": 0.07692307692307693,
                    "10": 0.16666666666666666,
                    "25": 0.2857142857142857,
                    "50": 0.5,
                    "75": 0.7142857142857143,
                    "90": 0.8571428571428571,
                    "95": 1.0,
                    "99": 1.0
                }
            },
            "ndcg": {
                "mean": 0.3805027999119387,
                "std": 0.24585127351872132,
                "se": 0.0010994803198855097,
                "min": 0.0,
                "max": 1.0000000000000002,
                "percentiles": {
                    "1": 0.0,
                    "5": 0.036027314064620196,
                    "10": 0.07294495035604477,
                    "25": 0.17714201683817177,
                    "50": 0.35093816266304734,
                    "75": 0.5568419691998104,
                    "90": 0.736087865736238,
                    "95": 0.8275073551028485,
                    "99": 0.9538469539548475
                }
            }
        }
    }
}