{
    "dataset": {
        "name": "msd",
        "rewrite": false
    },
    "split": {
        "n_val_users": 50000,
        "n_test_users": 50000,
        "seed": 42,
        "target_proportion": 0.2,
        "targets_newest": false
    },
    "model": {
        "general": {
            "model": "SANSA",
            "checkpoints_folder": "models/checkpoints/",
            "retrain": true,
            "save": false
        },
        "model_specific": {
            "l2": 200,
            "target_density": 0.01,
            "ainv_params": {
                "umr_scans": 0,
                "umr_finetune_steps": 0,
                "umr_loss_threshold": 0.0001
            },
            "ldlt_method": "cholmod"
        }
    },
    "evaluation": {
        "split": "test",
        "metrics": [
            "recall",
            "ndcg"
        ],
        "ks": [
            20,
            50,
            100
        ],
        "experiment_folder": "experiments/shorter_training"
    },
    "performance": {
        "time": {
            "ldlt_time": 119.4123092280006,
            "umr_scans_times": [],
            "umr_finetune_step_times": [],
            "ainv_time": 4.569476722999752,
            "construct_weights_time": 125.19064692499887,
            "matmat_times": [
                0.052326373999676434,
                3.8029662580011063
            ],
            "predict_time": 5.25665951100018,
            "pipeline": {
                "dataset_load_time": 1.2013814670008287,
                "dataset_split_time": 0.0,
                "data_preparation_time": 2.014186255999448,
                "model_preparation_time": 127.28802129399992,
                "evaluation_time": 161.34992525900088
            }
        },
        "memory": {
            "L_memory": {
                "nnz": 846147565,
                "mbytes": 10153.935344,
                "density": 0.49993959525898857
            },
            "sparsified L_memory": {
                "nnz": 16924996,
                "mbytes": 203.264516,
                "density": 0.01
            },
            "L_inv_memory": {
                "nnz": 16924996,
                "mbytes": 203.264516,
                "density": 0.01
            }
        }
    },
    "results": {
        "20": {
            "coverage": 0.0,
            "recall": {
                "mean": 0.25226948086717205,
                "std": 0.21370407806036848,
                "se": 0.0009557136912238107,
                "min": 0.0,
                "max": 1.0,
                "percentiles": {
                    "1": 0.0,
                    "5": 0.0,
                    "10": 0.0,
                    "25": 0.1,
                    "50": 0.21428571428571427,
                    "75": 0.375,
                    "90": 0.5454545454545454,
                    "95": 0.6666666666666666,
                    "99": 0.8571428571428571
                }
            },
            "ndcg": {
                "mean": 0.24081428988942097,
                "std": 0.21145518902935787,
                "se": 0.0009456563537294239,
                "min": 0.0,
                "max": 1.0,
                "percentiles": {
                    "1": 0.0,
                    "5": 0.0,
                    "10": 0.0,
                    "25": 0.07001560573318603,
                    "50": 0.19519002499605084,
                    "75": 0.38121301394452073,
                    "90": 0.552057250873087,
                    "95": 0.645805357437975,
                    "99": 0.8122682216087223
                }
            }
        },
        "50": {
            "coverage": 0.0,
            "recall": {
                "mean": 0.3389780063584884,
                "std": 0.2337223535891455,
                "se": 0.0010452381409731426,
                "min": 0.0,
                "max": 1.0,
                "percentiles": {
                    "1": 0.0,
                    "5": 0.0,
                    "10": 0.0,
                    "25": 0.16666666666666666,
                    "50": 0.3,
                    "75": 0.5,
                    "90": 0.6666666666666666,
                    "95": 0.7620448179271586,
                    "99": 1.0
                }
            },
            "ndcg": {
                "mean": 0.2739966753018219,
                "std": 0.21033256066256845,
                "se": 0.0009406358070462025,
                "min": 0.0,
                "max": 1.0,
                "percentiles": {
                    "1": 0.0,
                    "5": 0.0,
                    "10": 0.0,
                    "25": 0.10086747116627115,
                    "50": 0.23623751159388479,
                    "75": 0.41120606922952396,
                    "90": 0.5793207800770017,
                    "95": 0.6730234638881231,
                    "99": 0.8282027781376293
                }
            }
        },
        "100": {
            "coverage": 0.0,
            "recall": {
                "mean": 0.4127071684695231,
                "std": 0.23822123982372542,
                "se": 0.0010653577718602602,
                "min": 0.0,
                "max": 1.0,
                "percentiles": {
                    "1": 0.0,
                    "5": 0.0,
                    "10": 0.125,
                    "25": 0.25,
                    "50": 0.4,
                    "75": 0.5714285714285714,
                    "90": 0.75,
                    "95": 0.8333333333333334,
                    "99": 1.0
                }
            },
            "ndcg": {
                "mean": 0.29993429795859755,
                "std": 0.20891147785719658,
                "se": 0.0009342805315372673,
                "min": 0.0,
                "max": 1.0,
                "percentiles": {
                    "1": 0.0,
                    "5": 0.0,
                    "10": 0.0561173220664886,
                    "25": 0.1314696208499816,
                    "50": 0.2659652917520916,
                    "75": 0.44149241373678083,
                    "90": 0.6026640125614149,
                    "95": 0.6898358621457951,
                    "99": 0.8318727659445768
                }
            }
        }
    }
}