{
    "dataset": {
        "name": "msd",
        "rewrite": false
    },
    "split": {
        "n_val_users": 50000,
        "n_test_users": 50000,
        "seed": 42,
        "target_proportion": 0.2,
        "targets_newest": false
    },
    "model": {
        "general": {
            "model": "SANSA",
            "checkpoints_folder": "models/checkpoints/",
            "retrain": true,
            "save": false
        },
        "model_specific": {
            "l2": 200,
            "target_density": 0.0005,
            "ainv_params": {
                "umr_scans": 3,
                "umr_finetune_steps": 5,
                "umr_loss_threshold": 0.0001
            },
            "ldlt_method": "cholmod"
        }
    },
    "evaluation": {
        "split": "test",
        "metrics": [
            "recall",
            "ndcg"
        ],
        "ks": [
            20,
            50,
            100
        ],
        "experiment_folder": "experiments/shorter_training"
    },
    "performance": {
        "time": {
            "ldlt_time": 115.29909435799982,
            "umr_scans_times": [
                1.1089091670000926,
                11.530624338000052,
                22.214823274000082
            ],
            "umr_finetune_step_times": [
                0.01944114299976718,
                0.021783333999792376,
                0.02127932099983809,
                0.021284595999986777,
                0.020109282999783318
            ],
            "ainv_time": 35.512322550000135,
            "construct_weights_time": 151.25780359700002,
            "matmat_times": [
                0.002871598999718117,
                0.1554360430000088
            ],
            "predict_time": 0.7133940400003667,
            "pipeline": {
                "dataset_load_time": 1.1772924729998522,
                "dataset_split_time": 0.0,
                "data_preparation_time": 1.9650154600003589,
                "model_preparation_time": 153.33585962100005,
                "evaluation_time": 38.770240301000285
            }
        },
        "memory": {
            "L_memory": {
                "nnz": 846147565,
                "mbytes": 10153.935344,
                "density": 0.49993959525898857
            },
            "sparsified L_memory": {
                "nnz": 846250,
                "mbytes": 10.319564,
                "density": 0.0005000001181684179
            },
            "L_inv_memory": {
                "nnz": 846249,
                "mbytes": 10.319552,
                "density": 0.0004999995273263284
            }
        }
    },
    "results": {
        "20": {
            "coverage": 0.0,
            "recall": {
                "mean": 0.32791245466212493,
                "std": 0.2540592495357273,
                "se": 0.0011361875045489361,
                "min": 0.0,
                "max": 1.0,
                "percentiles": {
                    "1": 0.0,
                    "5": 0.0,
                    "10": 0.0,
                    "25": 0.14285714285714285,
                    "50": 0.26666666666666666,
                    "75": 0.5,
                    "90": 0.7142857142857143,
                    "95": 0.8,
                    "99": 1.0
                }
            },
            "ndcg": {
                "mean": 0.31922864415694907,
                "std": 0.25439728900860886,
                "se": 0.001137699263029819,
                "min": 0.0,
                "max": 1.0000000000000002,
                "percentiles": {
                    "1": 0.0,
                    "5": 0.0,
                    "10": 0.0,
                    "25": 0.10209739512291163,
                    "50": 0.27727342735504823,
                    "75": 0.4947678866969111,
                    "90": 0.6967886371016828,
                    "95": 0.7974049492783575,
                    "99": 0.952160007087591
                }
            }
        },
        "50": {
            "coverage": 0.0,
            "recall": {
                "mean": 0.42199376667353455,
                "std": 0.26559212403605037,
                "se": 0.001187764087266329,
                "min": 0.0,
                "max": 1.0,
                "percentiles": {
                    "1": 0.0,
                    "5": 0.0,
                    "10": 0.1,
                    "25": 0.2222222222222222,
                    "50": 0.4,
                    "75": 0.6,
                    "90": 0.8,
                    "95": 0.9230769230769231,
                    "99": 1.0
                }
            },
            "ndcg": {
                "mean": 0.35504805530566175,
                "std": 0.2499595369689678,
                "se": 0.0011178530325739674,
                "min": 0.0,
                "max": 1.0000000000000002,
                "percentiles": {
                    "1": 0.0,
                    "5": 0.0,
                    "10": 0.05382946250408711,
                    "25": 0.148432051705709,
                    "50": 0.3223157440758204,
                    "75": 0.5313537235408055,
                    "90": 0.7194194363938361,
                    "95": 0.8175483157502716,
                    "99": 0.9550236580992476
                }
            }
        },
        "100": {
            "coverage": 0.0,
            "recall": {
                "mean": 0.5001874621100687,
                "std": 0.2655975723730407,
                "se": 0.0011877884529700783,
                "min": 0.0,
                "max": 1.0,
                "percentiles": {
                    "1": 0.0,
                    "5": 0.058823529411764705,
                    "10": 0.16666666666666666,
                    "25": 0.2857142857142857,
                    "50": 0.5,
                    "75": 0.7142857142857143,
                    "90": 0.8571428571428571,
                    "95": 1.0,
                    "99": 1.0
                }
            },
            "ndcg": {
                "mean": 0.3828842181866864,
                "std": 0.2476439750561495,
                "se": 0.0011074975248876252,
                "min": 0.0,
                "max": 1.0000000000000002,
                "percentiles": {
                    "1": 0.0,
                    "5": 0.029818006156041355,
                    "10": 0.07239559903187814,
                    "25": 0.17815896579308665,
                    "50": 0.35550858322938517,
                    "75": 0.5604342622538387,
                    "90": 0.7406583200375852,
                    "95": 0.8318724637288826,
                    "99": 0.9558295932317544
                }
            }
        }
    }
}