{
    "dataset": {
        "name": "msd",
        "rewrite": false
    },
    "split": {
        "n_val_users": 50000,
        "n_test_users": 50000,
        "seed": 42,
        "target_proportion": 0.2,
        "targets_newest": false
    },
    "model": {
        "general": {
            "model": "SANSA",
            "checkpoints_folder": "models/checkpoints/",
            "retrain": true,
            "save": false
        },
        "model_specific": {
            "l2": 200,
            "target_density": 0.01,
            "ainv_params": {
                "umr_scans": 4,
                "umr_finetune_steps": 0,
                "umr_loss_threshold": 0.0001
            },
            "ldlt_method": "cholmod"
        }
    },
    "evaluation": {
        "split": "test",
        "metrics": [
            "recall",
            "ndcg"
        ],
        "ks": [
            20,
            50,
            100
        ],
        "experiment_folder": "experiments/shorter_training"
    },
    "performance": {
        "time": {
            "ldlt_time": 118.46539739600121,
            "umr_scans_times": [
                5.8329378060007,
                47.199601001999326,
                70.07861862900063,
                77.7551170429997
            ],
            "umr_finetune_step_times": [],
            "ainv_time": 221.8074066629997,
            "construct_weights_time": 341.5055271259989,
            "matmat_times": [
                0.04748823699992499,
                3.787368825000158
            ],
            "predict_time": 5.231847060998916,
            "pipeline": {
                "dataset_load_time": 1.1954997310003819,
                "dataset_split_time": 0.0,
                "data_preparation_time": 2.001850541000749,
                "model_preparation_time": 343.6154888890014,
                "evaluation_time": 158.61454975500055
            }
        },
        "memory": {
            "L_memory": {
                "nnz": 846147565,
                "mbytes": 10153.935344,
                "density": 0.49993959525898857
            },
            "sparsified L_memory": {
                "nnz": 16924996,
                "mbytes": 203.264516,
                "density": 0.01
            },
            "L_inv_memory": {
                "nnz": 16924996,
                "mbytes": 203.264516,
                "density": 0.01
            }
        }
    },
    "results": {
        "20": {
            "coverage": 0.0,
            "recall": {
                "mean": 0.33183580276328417,
                "std": 0.25486108985187145,
                "se": 0.0011397734434569328,
                "min": 0.0,
                "max": 1.0,
                "percentiles": {
                    "1": 0.0,
                    "5": 0.0,
                    "10": 0.0,
                    "25": 0.14285714285714285,
                    "50": 0.2727272727272727,
                    "75": 0.5,
                    "90": 0.7142857142857143,
                    "95": 0.8,
                    "99": 1.0
                }
            },
            "ndcg": {
                "mean": 0.3227484350354395,
                "std": 0.25502024791514977,
                "se": 0.0011404852199542479,
                "min": 0.0,
                "max": 1.0000000000000002,
                "percentiles": {
                    "1": 0.0,
                    "5": 0.0,
                    "10": 0.0,
                    "25": 0.10549558423511038,
                    "50": 0.2841779228700124,
                    "75": 0.49997372837340265,
                    "90": 0.6992148198508501,
                    "95": 0.8014818185410534,
                    "99": 0.9550253350822387
                }
            }
        },
        "50": {
            "coverage": 0.0,
            "recall": {
                "mean": 0.42726497552191395,
                "std": 0.265974222296826,
                "se": 0.0011894728826366864,
                "min": 0.0,
                "max": 1.0,
                "percentiles": {
                    "1": 0.0,
                    "5": 0.0,
                    "10": 0.1,
                    "25": 0.22690615835777125,
                    "50": 0.4,
                    "75": 0.6,
                    "90": 0.8,
                    "95": 0.9375,
                    "99": 1.0
                }
            },
            "ndcg": {
                "mean": 0.35898773142907536,
                "std": 0.2502393727147955,
                "se": 0.0011191044960743776,
                "min": 0.0,
                "max": 1.0000000000000002,
                "percentiles": {
                    "1": 0.0,
                    "5": 0.0,
                    "10": 0.0561173220664886,
                    "25": 0.15101961822780524,
                    "50": 0.3276856366881596,
                    "75": 0.5368851421357261,
                    "90": 0.7227265726449519,
                    "95": 0.8208540318949311,
                    "99": 0.9558295932317544
                }
            }
        },
        "100": {
            "coverage": 0.0,
            "recall": {
                "mean": 0.5095404384113069,
                "std": 0.2650303141987736,
                "se": 0.0011852515972931709,
                "min": 0.0,
                "max": 1.0,
                "percentiles": {
                    "1": 0.0,
                    "5": 0.08333333333333333,
                    "10": 0.1689743589743604,
                    "25": 0.3,
                    "50": 0.5,
                    "75": 0.7142857142857143,
                    "90": 0.875,
                    "95": 1.0,
                    "99": 1.0
                }
            },
            "ndcg": {
                "mean": 0.38811197783800394,
                "std": 0.24739064671381997,
                "se": 0.0011063646060994728,
                "min": 0.0,
                "max": 1.0000000000000002,
                "percentiles": {
                    "1": 0.0,
                    "5": 0.03926880681097039,
                    "10": 0.07610811271330754,
                    "25": 0.18507312320803065,
                    "50": 0.36159658690982277,
                    "75": 0.5669568870112814,
                    "90": 0.7440390474987317,
                    "95": 0.8334831861489109,
                    "99": 0.9579919434414089
                }
            }
        }
    }
}