{
    "dataset": {
        "name": "msd",
        "rewrite": false
    },
    "split": {
        "n_val_users": 50000,
        "n_test_users": 50000,
        "seed": 42,
        "target_proportion": 0.2,
        "targets_newest": false
    },
    "model": {
        "general": {
            "model": "SANSA",
            "checkpoints_folder": "models/checkpoints/",
            "retrain": true,
            "save": false
        },
        "model_specific": {
            "l2": 200,
            "target_density": 0.0025,
            "ainv_params": {
                "umr_scans": 2,
                "umr_finetune_steps": 5,
                "umr_loss_threshold": 0.0001
            },
            "ldlt_method": "cholmod"
        }
    },
    "evaluation": {
        "split": "test",
        "metrics": [
            "recall",
            "ndcg"
        ],
        "ks": [
            20,
            50,
            100
        ],
        "experiment_folder": "experiments/shorter_training"
    },
    "performance": {
        "time": {
            "ldlt_time": 117.78226284599987,
            "umr_scans_times": [
                3.1428779799998665,
                23.181835631000467
            ],
            "umr_finetune_step_times": [
                0.1884787730004973,
                0.16696310000043013,
                0.14349075300015102,
                0.1597815980003361,
                0.143014872999629
            ],
            "ainv_time": 32.22878944599961,
            "construct_weights_time": 150.6226232909994,
            "matmat_times": [
                0.016768294000030437,
                0.8868621450001228
            ],
            "predict_time": 2.246554065000055,
            "pipeline": {
                "dataset_load_time": 1.1936144179999246,
                "dataset_split_time": 0.0,
                "data_preparation_time": 1.9971477819999564,
                "model_preparation_time": 152.6810713650002,
                "evaluation_time": 83.17803783099953
            }
        },
        "memory": {
            "L_memory": {
                "nnz": 846147565,
                "mbytes": 10153.935344,
                "density": 0.49993959525898857
            },
            "sparsified L_memory": {
                "nnz": 4231249,
                "mbytes": 50.939552,
                "density": 0.0025
            },
            "L_inv_memory": {
                "nnz": 4231249,
                "mbytes": 50.939552,
                "density": 0.0025
            }
        }
    },
    "results": {
        "20": {
            "coverage": 0.0,
            "recall": {
                "mean": 0.32643359242314274,
                "std": 0.2536849589752599,
                "se": 0.001134513626275853,
                "min": 0.0,
                "max": 1.0,
                "percentiles": {
                    "1": 0.0,
                    "5": 0.0,
                    "10": 0.0,
                    "25": 0.14285714285714285,
                    "50": 0.2631578947368421,
                    "75": 0.5,
                    "90": 0.7142857142857143,
                    "95": 0.8,
                    "99": 1.0
                }
            },
            "ndcg": {
                "mean": 0.31609717597126946,
                "std": 0.25303591965335376,
                "se": 0.001131611034188148,
                "min": 0.0,
                "max": 1.0000000000000002,
                "percentiles": {
                    "1": 0.0,
                    "5": 0.0,
                    "10": 0.0,
                    "25": 0.10086747116627115,
                    "50": 0.27487633291429087,
                    "75": 0.4917007989957496,
                    "90": 0.6899946017121853,
                    "95": 0.7910341943477026,
                    "99": 0.9463924344711134
                }
            }
        },
        "50": {
            "coverage": 0.0,
            "recall": {
                "mean": 0.4210894356215801,
                "std": 0.26519803349193727,
                "se": 0.0011860016607744754,
                "min": 0.0,
                "max": 1.0,
                "percentiles": {
                    "1": 0.0,
                    "5": 0.0,
                    "10": 0.1,
                    "25": 0.2222222222222222,
                    "50": 0.4,
                    "75": 0.6,
                    "90": 0.8,
                    "95": 0.9230769230769231,
                    "99": 1.0
                }
            },
            "ndcg": {
                "mean": 0.35220390672655455,
                "std": 0.24878876568880987,
                "se": 0.0011126171842368922,
                "min": 0.0,
                "max": 1.0000000000000002,
                "percentiles": {
                    "1": 0.0,
                    "5": 0.0,
                    "10": 0.053646645292812704,
                    "25": 0.14606834984270645,
                    "50": 0.31937798604063333,
                    "75": 0.5267851853641385,
                    "90": 0.7156822892466279,
                    "95": 0.8120304865074364,
                    "99": 0.9519433009987184
                }
            }
        },
        "100": {
            "coverage": 0.0,
            "recall": {
                "mean": 0.5023982042263649,
                "std": 0.2649854594995799,
                "se": 0.0011850510009801562,
                "min": 0.0,
                "max": 1.0,
                "percentiles": {
                    "1": 0.0,
                    "5": 0.07692307692307693,
                    "10": 0.16666666666666666,
                    "25": 0.2857142857142857,
                    "50": 0.5,
                    "75": 0.7142857142857143,
                    "90": 0.8571428571428571,
                    "95": 1.0,
                    "99": 1.0
                }
            },
            "ndcg": {
                "mean": 0.38101359923882744,
                "std": 0.2461490486669658,
                "se": 0.001100812010832479,
                "min": 0.0,
                "max": 1.0000000000000002,
                "percentiles": {
                    "1": 0.0,
                    "5": 0.036030266859922444,
                    "10": 0.07303417492135322,
                    "25": 0.17833300656253456,
                    "50": 0.3523352180412779,
                    "75": 0.5579706809344083,
                    "90": 0.7366977176730063,
                    "95": 0.8292988965450575,
                    "99": 0.9550236580992476
                }
            }
        }
    }
}