{
    "dataset": {
        "name": "msd",
        "rewrite": false
    },
    "split": {
        "n_val_users": 50000,
        "n_test_users": 50000,
        "seed": 42,
        "target_proportion": 0.2,
        "targets_newest": false
    },
    "model": {
        "general": {
            "model": "SANSA",
            "checkpoints_folder": "models/checkpoints/",
            "retrain": true,
            "save": false
        },
        "model_specific": {
            "l2": 200,
            "target_density": 0.01,
            "ainv_params": {
                "umr_scans": 2,
                "umr_finetune_steps": 5,
                "umr_loss_threshold": 0.0001
            },
            "ldlt_method": "cholmod"
        }
    },
    "evaluation": {
        "split": "test",
        "metrics": [
            "recall",
            "ndcg"
        ],
        "ks": [
            20,
            50,
            100
        ],
        "experiment_folder": "experiments/shorter_training"
    },
    "performance": {
        "time": {
            "ldlt_time": 115.97223333799957,
            "umr_scans_times": [
                5.774412603999735,
                46.60347114100114
            ],
            "umr_finetune_step_times": [
                2.4186959199996636,
                1.9329269270001532,
                1.672235231000741,
                1.6498434690001886,
                1.5695175210003072
            ],
            "ainv_time": 94.37698722799905,
            "construct_weights_time": 211.57868013699954,
            "matmat_times": [
                0.048784637001517694,
                3.7954243719996157
            ],
            "predict_time": 5.241104151999025,
            "pipeline": {
                "dataset_load_time": 1.1741096789992298,
                "dataset_split_time": 0.0,
                "data_preparation_time": 1.962038711999412,
                "model_preparation_time": 213.5888759599984,
                "evaluation_time": 158.84378539999852
            }
        },
        "memory": {
            "L_memory": {
                "nnz": 846147565,
                "mbytes": 10153.935344,
                "density": 0.49993959525898857
            },
            "sparsified L_memory": {
                "nnz": 16924996,
                "mbytes": 203.264516,
                "density": 0.01
            },
            "L_inv_memory": {
                "nnz": 16924996,
                "mbytes": 203.264516,
                "density": 0.01
            }
        }
    },
    "results": {
        "20": {
            "coverage": 0.0,
            "recall": {
                "mean": 0.3274015861569631,
                "std": 0.25382881034682214,
                "se": 0.0011351569491667925,
                "min": 0.0,
                "max": 1.0,
                "percentiles": {
                    "1": 0.0,
                    "5": 0.0,
                    "10": 0.0,
                    "25": 0.14285714285714285,
                    "50": 0.26666666666666666,
                    "75": 0.5,
                    "90": 0.7142857142857143,
                    "95": 0.8,
                    "99": 1.0
                }
            },
            "ndcg": {
                "mean": 0.3175442854751192,
                "std": 0.25353766901955804,
                "se": 0.0011338549255691486,
                "min": 0.0,
                "max": 1.0000000000000002,
                "percentiles": {
                    "1": 0.0,
                    "5": 0.0,
                    "10": 0.0,
                    "25": 0.10209739512291163,
                    "50": 0.2753296747614349,
                    "75": 0.4935232796777481,
                    "90": 0.6924051523184347,
                    "95": 0.7941314343265362,
                    "99": 0.9490715535990005
                }
            }
        },
        "50": {
            "coverage": 0.0,
            "recall": {
                "mean": 0.4226382023069726,
                "std": 0.26523693547544974,
                "se": 0.0011861756357336624,
                "min": 0.0,
                "max": 1.0,
                "percentiles": {
                    "1": 0.0,
                    "5": 0.0,
                    "10": 0.1,
                    "25": 0.2222222222222222,
                    "50": 0.4,
                    "75": 0.6,
                    "90": 0.8,
                    "95": 0.9230769230769231,
                    "99": 1.0
                }
            },
            "ndcg": {
                "mean": 0.35384292233811976,
                "std": 0.24907121050600595,
                "se": 0.0011138803158591783,
                "min": 0.0,
                "max": 1.0000000000000002,
                "percentiles": {
                    "1": 0.0,
                    "5": 0.0,
                    "10": 0.05478392673173268,
                    "25": 0.1470224028367835,
                    "50": 0.3216053862551762,
                    "75": 0.529264705900833,
                    "90": 0.7179845866910112,
                    "95": 0.8134725116720536,
                    "99": 0.9538503201983509
                }
            }
        },
        "100": {
            "coverage": 0.0,
            "recall": {
                "mean": 0.5047200489439063,
                "std": 0.26501056951113433,
                "se": 0.0011851632963656592,
                "min": 0.0,
                "max": 1.0,
                "percentiles": {
                    "1": 0.0,
                    "5": 0.07692307692307693,
                    "10": 0.16666666666666666,
                    "25": 0.2903225806451613,
                    "50": 0.5,
                    "75": 0.7142857142857143,
                    "90": 0.8666666666666667,
                    "95": 1.0,
                    "99": 1.0
                }
            },
            "ndcg": {
                "mean": 0.38290352123504307,
                "std": 0.24636378641054538,
                "se": 0.0011017723472164368,
                "min": 0.0,
                "max": 1.0000000000000002,
                "percentiles": {
                    "1": 0.0,
                    "5": 0.03730038329105242,
                    "10": 0.0740318445087683,
                    "25": 0.1793044964199299,
                    "50": 0.3546628251447702,
                    "75": 0.5600789901373535,
                    "90": 0.7387775332086584,
                    "95": 0.8308443302732024,
                    "99": 0.9558295932317544
                }
            }
        }
    }
}