{
    "dataset": {
        "name": "amazonbook",
        "rewrite": false
    },
    "split": {
        "seed": 42,
        "val_target_proportion": 0.0
    },
    "model": {
        "general": {
            "model": "MRF",
            "checkpoints_folder": "models/checkpoints/",
            "retrain": true,
            "save": false
        },
        "model_specific": {
            "l2": 2.0,
            "alpha": 0.75,
            "threshold": 0.48,
            "maxInColumn": 1000,
            "rr": 0.5,
            "sparse_evaluation": false
        }
    },
    "evaluation": {
        "split": "test",
        "metrics": [
            "recall BARS",
            "ndcg"
        ],
        "ks": [
            20
        ],
        "experiment_folder": "experiments/memory/"
    },
    "performance": {
        "time": {
            "sparsity_pattern_time": 50.03466615399998,
            "sparse_estimation_time": 12.3151107220001,
            "sparse_solution_time": 62.353167545999895,
            "construct_weights_time": 166.79576974499992,
            "matmat_times": [
                0.0009303420001742779
            ],
            "predict_time": 0.009530184999903213,
            "pipeline": {
                "dataset_load_time": 0.11386743399998522,
                "dataset_split_time": 0.0,
                "data_preparation_time": 0.2589190989999679,
                "model_preparation_time": 166.9105626590001,
                "evaluation_time": 41.09821571700013
            }
        },
        "memory": {
            "density": 0.0001037782951411934
        }
    },
    "results": {
        "20": {
            "coverage": 0.0,
            "recall BARS": {
                "mean": 0.06861872467839701,
                "std": 0.12514456444232058,
                "se": 0.0005454540565819259,
                "min": 0.0,
                "max": 1.0,
                "percentiles": {
                    "1": 0.0,
                    "5": 0.0,
                    "10": 0.0,
                    "25": 0.0,
                    "50": 0.0,
                    "75": 0.1111111111111111,
                    "90": 0.2,
                    "95": 0.3333333333333333,
                    "99": 0.6
                }
            },
            "ndcg": {
                "mean": 0.05537596496390397,
                "std": 0.10424132181948799,
                "se": 0.00045434535733358296,
                "min": 0.0,
                "max": 1.0,
                "percentiles": {
                    "1": 0.0,
                    "5": 0.0,
                    "10": 0.0,
                    "25": 0.0,
                    "50": 0.0,
                    "75": 0.07973975479432688,
                    "90": 0.1797127241794918,
                    "95": 0.27487633291429087,
                    "99": 0.4879750624901271
                }
            }
        }
    }
}