{
    "dataset": {
        "name": "amazonbook",
        "rewrite": false
    },
    "split": {
        "seed": 42,
        "val_target_proportion": 0.0
    },
    "model": {
        "general": {
            "model": "MRF",
            "checkpoints_folder": "models/checkpoints/",
            "retrain": true,
            "save": false
        },
        "model_specific": {
            "l2": 2.0,
            "alpha": 0.75,
            "threshold": 0.48,
            "maxInColumn": 1000,
            "rr": 0,
            "sparse_evaluation": false
        }
    },
    "evaluation": {
        "split": "test",
        "metrics": [
            "recall BARS",
            "ndcg"
        ],
        "ks": [
            20
        ],
        "experiment_folder": "experiments/accuracy"
    },
    "performance": {
        "time": {
            "sparsity_pattern_time": 50.231146240000044,
            "sparse_estimation_time": 17.941811058999974,
            "sparse_solution_time": 68.17662508199999,
            "construct_weights_time": 172.17380748700003,
            "matmat_times": [
                0.0009056090000285621
            ],
            "predict_time": 0.009427727999991475,
            "pipeline": {
                "dataset_load_time": 0.06182050300003539,
                "dataset_split_time": 0.0,
                "data_preparation_time": 0.1715267939999876,
                "model_preparation_time": 172.282136814,
                "evaluation_time": 41.41479515899999
            }
        },
        "memory": {
            "density": 0.0001037782951411934
        }
    },
    "results": {
        "20": {
            "coverage": 0.0,
            "recall BARS": {
                "mean": 0.07122473221941478,
                "std": 0.12748251793187618,
                "se": 0.0005556442411949039,
                "min": 0.0,
                "max": 1.0,
                "percentiles": {
                    "1": 0.0,
                    "5": 0.0,
                    "10": 0.0,
                    "25": 0.0,
                    "50": 0.0,
                    "75": 0.11538461538461539,
                    "90": 0.2,
                    "95": 0.3333333333333333,
                    "99": 0.6
                }
            },
            "ndcg": {
                "mean": 0.05762294846373718,
                "std": 0.10613398983313616,
                "se": 0.00046259472437886975,
                "min": 0.0,
                "max": 1.0,
                "percentiles": {
                    "1": 0.0,
                    "5": 0.0,
                    "10": 0.0,
                    "25": 0.0,
                    "50": 0.0,
                    "75": 0.08297572808511901,
                    "90": 0.18682267383569798,
                    "95": 0.28097267762005274,
                    "99": 0.4935232796777481
                }
            }
        }
    }
}